edge_id,osm_way_id,start_node_id,end_node_id,name,highway,length_m,lanes,oneway,node_count,start_lat,start_lon,end_lat,end_lon
edge-4717427-2271543426-303283585,4717427,node-2271543426,node-303283585,Muthuswamy Road,primary,451.22,,yes,5,13.0852831,80.2844352,13.082277,80.2817846
edge-4719038-247688120-247688118,4719038,node-247688120,node-247688118,Unnamed Road,secondary_link,60.06,,yes,5,13.0387094,80.2577323,13.0386236,80.2572037
edge-4719090-30051696-2197121274,4719090,node-30051696,node-2197121274,CV Raman Road,secondary,276.45,,yes,5,13.0350631,80.254416,13.0348777,80.2569604
edge-4748345-277394114-277394117,4748345,node-277394114,node-277394117,Kaliamman Koil Street,secondary,771.93,,yes,23,13.0557089,80.1934851,13.0490302,80.1921449
edge-4748353-13736823435-13736823432,4748353,node-13736823435,node-13736823432,Unnamed Road,primary_link,312.04,,yes,7,13.0693812,80.2060152,13.0678945,80.2083142
edge-22660989-243049719-264481139,22660989,node-243049719,node-264481139,Haddows Road,primary,580.26,,yes,21,13.0679245,80.2477466,13.0627957,80.2476733
edge-22661174-243051711-249497719,22661174,node-243051711,node-249497719,Durgabai Deshmukh Road,primary,378.53,,yes,13,13.0082519,80.2589687,13.0116503,80.2590537
edge-22661463-249798463-303008051,22661463,node-249798463,node-303008051,Kavingar Bharathidasan Road,secondary,797.86,,no,19,13.0351525,80.2535574,13.0355603,80.2462047
edge-22661900-243066058-310729326,22661900,node-243066058,node-310729326,Besant Road,secondary,122.56,,yes,7,13.0505402,80.2798381,13.0507958,80.2808947
edge-22688181-243064550-264031433,22688181,node-243064550,node-264031433,RK Mutt Road,secondary,178.52,,no,5,13.0292597,80.2664844,13.0276854,80.2661747
edge-22688293-319472527-12478019975,22688293,node-319472527,node-12478019975,Unnamed Road,secondary,32.06,,yes,4,13.066892,80.2543613,13.0667061,80.2541352
edge-22688331-30268464-13067792374,22688331,node-30268464,node-13067792374,Sardar Patel Road,primary,715.61,2,yes,9,13.0091943,80.2286092,13.0079159,80.2350822
edge-22688386-249112798-325207488,22688386,node-249112798,node-325207488,Velachery Bypass Road,primary,468.55,2,yes,10,12.9914386,80.2196271,12.9874273,80.2183524
edge-22688411-367805779-12129327899,22688411,node-367805779,node-12129327899,Inner Ring Road,primary,769.44,,yes,19,13.0145882,80.20455,13.0212393,80.2062902
edge-22688495-243066459-243066466,22688495,node-243066459,node-243066466,Goudia Mutt Road,secondary,520.84,,yes,15,13.0482192,80.2616175,13.0522924,80.2637854
edge-22688499-243066455-13542719421,22688499,node-243066455,node-13542719421,TTK Road,secondary,243.93,2,yes,7,13.0453213,80.2598607,13.0431488,80.2595743
edge-22744581-30142985-5793660751,22744581,node-30142985,node-5793660751,Kalaingar Karunanidhi Salai,primary,7.98,,yes,2,12.8976224,80.2474759,12.897636,80.2474036
edge-22922908-2212827590-2212827519,22922908,node-2212827590,node-2212827519,Gandhi Mandapam Road,secondary,1955.28,2,yes,27,13.0241214,80.2431284,13.0069116,80.2403241
edge-22923081-3216996445-9502019376,22923081,node-3216996445,node-9502019376,RK Mutt Road,secondary,386.28,,yes,15,13.0253858,80.2654342,13.0224196,80.2635977
edge-22923083-243064543-9502019360,22923083,node-243064543,node-9502019360,RK Mutt Road,secondary,138.16,,yes,4,13.0202745,80.2626659,13.0214597,80.2630463
edge-22923097-9502019360-264040510,22923097,node-9502019360,node-264040510,RK Mutt Road,secondary,121.74,,yes,4,13.0214597,80.2630463,13.0224554,80.2635126
edge-22936525-247074862-247075066,22936525,node-247074862,node-247075066,4th Main Road,secondary,181.87,,yes,6,13.0276423,80.2311871,13.0279325,80.2328321
edge-22936551-247074863-9412787736,22936551,node-247074863,node-9412787736,1st Main Road,secondary,217.82,,yes,9,13.0260918,80.2313679,13.0279977,80.2309273
edge-22965040-338720802-832908198,22965040,node-338720802,node-832908198,Unnamed Road,primary_link,26.59,1,yes,3,13.0762716,80.201542,13.0762401,80.2013033
edge-22965159-247437530-247437529,22965159,node-247437530,node-247437529,Pallavan Salai,secondary,367.64,,yes,7,13.0770794,80.276291,13.0737818,80.2764982
edge-22965268-310505827-247438584,22965268,node-310505827,node-247438584,Rattan Bazaar Road,secondary,366.94,,yes,23,13.0883111,80.282541,13.0858418,80.280899
edge-22965366-247438584-310505387,22965366,node-247438584,node-310505387,Evening Bazaar Road,secondary,386.09,,yes,9,13.0858418,80.280899,13.0833505,80.2790026
edge-22965367-258916741-254121985,22965367,node-258916741,node-254121985,Broadway Road,secondary,252.69,,no,4,13.0962443,80.2864484,13.09851,80.286621
edge-22965414-310505822-310505815,22965414,node-310505822,node-310505815,Evening Bazaar Road,secondary,349.48,,yes,11,13.0837083,80.2790854,13.0858803,80.2808012
edge-22976125-246825437-30051249,22976125,node-246825437,node-30051249,Pasumpon Muthuramalingar Thevar Salai,secondary,474.74,2,yes,10,13.0271502,80.2537843,13.0287832,80.2497725
edge-22976288-1975496454-1975496644,22976288,node-1975496454,node-1975496644,Tank Bund Road,secondary,741.29,,yes,22,13.0568463,80.2426311,13.0610778,80.23743
edge-22976312-13848420368-248680296,22976312,node-13848420368,node-248680296,McNichols Road,primary,215.82,,yes,8,13.0638173,80.2434969,13.0657569,80.2435436
edge-22976925-245578181-247684974,22976925,node-245578181,node-247684974,Unnamed Road,primary_link,185.96,,yes,11,13.0513046,80.2501962,13.0514975,80.2506815
edge-22977024-247686096-309196366,22977024,node-247686096,node-309196366,Unnamed Road,primary_link,191.02,,yes,10,13.0525591,80.2509799,13.0534712,80.2524552
edge-22977044-302897298-302897388,22977044,node-302897298,node-302897388,Cathedral Road,primary,858.98,,yes,19,13.0518475,80.251522,13.0461954,80.256491
edge-22977045-247686096-247686447,22977045,node-247686096,node-247686447,Unnamed Road,primary_link,114.95,,yes,8,13.0525591,80.2509799,13.0516892,80.2508314
edge-22977106-309196366-30037891,22977106,node-309196366,node-30037891,Anna Salai (Mount Road),primary,745.18,,yes,21,13.0534712,80.2524552,13.0577844,80.2576907
edge-22977109-30037868-9412787735,22977109,node-30037868,node-9412787735,Anna Salai (Mount Road),primary,442.62,,yes,20,13.0187266,80.2244405,13.0221111,80.226294
edge-22977127-309196369-302897298,22977127,node-309196369,node-302897298,Unnamed Road,primary_link,238.19,,yes,8,13.0533907,80.2525012,13.0518475,80.251522
edge-22977180-247687820-247687711,22977180,node-247687820,node-247687711,Alwarpet Flyover,secondary,13.91,,yes,2,13.0355274,80.2569984,13.035403,80.2570117
edge-22977209-1685049660-12717801276,22977209,node-1685049660,node-12717801276,TTK Road,secondary,250.34,,yes,7,13.0408597,80.2583486,13.0428361,80.2594332
edge-22977218-247688231-247688244,22977218,node-247688231,node-247688244,Unnamed Road,secondary_link,26.3,,no,3,13.0387272,80.2591169,13.0384952,80.25907
edge-22977308-30051696-30051765,22977308,node-30051696,node-30051765,T T Krishnamachari Road,secondary,222.22,,yes,5,13.0350631,80.254416,13.0366765,80.2556236
edge-22977703-247692044-2214509243,22977703,node-247692044,node-2214509243,Wallajah Road,secondary,260.35,,yes,5,13.0642286,80.2807376,13.0647211,80.2783934
edge-22977706-247691972-247692044,22977706,node-247691972,node-247692044,Unnamed Road,secondary,25.02,,yes,2,13.064248,80.2809677,13.0642286,80.2807376
edge-22979938-247714030-2241058223,22979938,node-247714030,node-2241058223,Unnamed Road,secondary,87.69,,yes,3,13.009488,80.2110096,13.0090089,80.2116525
edge-22979972-343711369-9885084116,22979972,node-343711369,node-9885084116,Alandur Road,secondary,133.52,,no,4,13.0193299,80.2195154,13.0183734,80.218775
edge-22979975-247714027-247714030,22979975,node-247714027,node-247714030,Alandur Road,secondary,126.43,,yes,2,13.0085663,80.2103263,13.009488,80.2110096
edge-23001375-243323151-1183259303,23001375,node-243323151,node-1183259303,St. Mary's Road,secondary,365.73,,no,17,13.029395,80.2640795,13.0291744,80.261093
edge-23001376-243323151-243064550,23001376,node-243323151,node-243064550,St. Mary's Road,secondary,261.05,,yes,10,13.029395,80.2640795,13.0292597,80.2664844
edge-23019250-243066056-247690631,23019250,node-243066056,node-247690631,Triplicane High Road,secondary,909.28,,no,22,13.0527706,80.2737522,13.0609158,80.274329
edge-23025132-270432733-248332846,23025132,node-270432733,node-248332846,Rajaji Salai,primary,480.12,,yes,17,13.0694636,80.2845626,13.0736861,80.2853397
edge-23025136-258987176-10536336507,23025136,node-258987176,node-10536336507,Rajaji Salai,primary,1073.93,,yes,33,13.0827928,80.2891572,13.0736986,80.2860363
edge-23030545-14162060674-248467460,23030545,node-14162060674,node-248467460,Rukmani Lakshmipathi Road,secondary,281.21,2,no,11,13.066313,80.2606072,13.0638675,80.2599927
edge-23030618-248468930-9189193690,23030618,node-248468930,node-9189193690,Montieth Road,secondary,262.99,,yes,15,13.0695183,80.2567411,13.0679279,80.2585071
edge-23030621-248468933-248467716,23030621,node-248468933,node-248467716,Casa Major Road,secondary,336.79,,no,8,13.0687966,80.2560539,13.0710827,80.2540178
edge-23030808-248467808-10069835041,23030808,node-248467808,node-10069835041,Gengu Reddy Road,secondary,151.61,,yes,8,13.0739651,80.252516,13.0726142,80.2524115
edge-23030841-10269961847-11722109036,23030841,node-10269961847,node-11722109036,Harris Bridge,secondary,70.59,2,yes,2,13.0685231,80.2686407,13.0683533,80.2692687
edge-23046401-243066056-1183471421,23046401,node-243066056,node-1183471421,Besant Road,secondary,584.87,,no,16,13.0527706,80.2737522,13.050938,80.2788096
edge-23046402-310728681-243066056,23046402,node-310728681,node-243066056,Dr Natesan Road,secondary,1050.23,,no,34,13.043454,80.2742963,13.0527706,80.2737522
edge-23046726-248680316-248680323,23046726,node-248680316,node-248680323,Unnamed Road,secondary_link,39.03,1,yes,3,13.0629321,80.2361806,13.0628176,80.2358816
edge-23046730-2800814643-248680309,23046730,node-2800814643,node-248680309,Sterling Road,secondary,772.0,1,yes,14,13.0657283,80.2433294,13.0643375,80.2363844
edge-23047576-249798420-11634160744,23047576,node-249798420,node-11634160744,RA Puram 2nd Main Road,secondary,614.49,,no,13,13.0271317,80.2543568,13.0270922,80.2600273
edge-23066164-4462321221-248467786,23066164,node-4462321221,node-248467786,Gengu Reddy Road,secondary,72.87,,yes,6,13.0740496,80.2523215,13.074681,80.252256
edge-23066181-2487062535-12049174138,23066181,node-2487062535,node-12049174138,Halls Road,secondary,516.74,,no,13,13.0745092,80.257504,13.0712306,80.2541266
edge-23075455-2212827710-9593473427,23075455,node-2212827710,node-9593473427,Unnamed Road,primary,344.4,,yes,6,13.0738862,80.2405428,13.0769731,80.2405962
edge-23075542-248551226-247686092,23075542,node-248551226,node-247686092,Cathedral Road,primary,477.53,,yes,14,13.0484677,80.2536651,13.0519536,80.251161
edge-23075555-247686092-247686556,23075555,node-247686092,node-247686556,Unnamed Road,primary_link,298.69,,yes,17,13.0519536,80.251161,13.0498371,80.2499002
edge-23092109-12896077106-12896077106,23092109,node-12896077106,node-12896077106,MIT Flyover,trunk,127.31,,yes,23,12.9469728,80.1367162,12.9469728,80.1367162
edge-23092110-249269180-249269117,23092110,node-249269180,node-249269117,MIT Flyover Ramp,trunk_link,28.27,1,yes,3,12.9493249,80.1386465,12.9490968,80.1385806
edge-23092112-248766992-331888748,23092112,node-248766992,node-331888748,MIT Flyover Ramp,trunk,291.41,,yes,2,12.9468611,80.1369567,12.9447703,80.1353354
edge-23092113-249269160-249269126,23092113,node-249269160,node-249269126,MIT Flyover Ramp,trunk_link,17.37,,yes,2,12.944719,80.1350306,12.9448749,80.135021
edge-23092115-249269114-331888109,23092115,node-249269114,node-331888109,MIT Flyover Ramp,trunk_link,289.52,,yes,3,12.9471876,80.1367927,12.949312,80.1383367
edge-23110060-249497661-307072065,23110060,node-249497661,node-307072065,Adyar Flyover,secondary,177.83,,yes,6,13.0067676,80.2577905,13.0052844,80.2572671
edge-23110061-249497698-12156971222,23110061,node-249497698,node-12156971222,Sardar Patel Road,primary,294.18,,yes,7,13.0066539,80.2577917,13.0065443,80.2551166
edge-23110065-10970819047-249497720,23110065,node-10970819047,node-249497720,Thiru Vi Ka Bridge,primary,341.13,3,yes,2,13.0147115,80.2592891,13.0116452,80.2591881
edge-23110067-12156971224-249497688,23110067,node-12156971224,node-249497688,Sardar Patel Road,primary,229.72,,yes,7,13.0107556,80.2591859,13.0087027,80.2591946
edge-23110068-249497692-13748472411,23110068,node-249497692,node-13748472411,Unnamed Road,secondary,33.6,,yes,2,13.007651,80.2594277,13.0074287,80.2596378
edge-23110071-249497719-243051714,23110071,node-249497719,node-243051714,Thiru Vi Ka Bridge,primary,341.06,3,yes,2,13.0116503,80.2590537,13.0147153,80.2591725
edge-23110072-243051711-249497690,23110072,node-243051711,node-249497690,Unnamed Road,primary_link,44.46,,yes,3,13.0082519,80.2589687,13.0079965,80.2592592
edge-23110092-249497720-12156971224,23110092,node-249497720,node-12156971224,Unnamed Road,primary,98.94,,yes,3,13.0116452,80.2591881,13.0107556,80.2591859
edge-23135520-12123541764-5468773055,23135520,node-12123541764,node-5468773055,TTK Road,secondary,15.58,,yes,2,13.0288622,80.2498159,13.0289857,80.2498838
edge-23135689-247974356-247974350,23135689,node-247974356,node-247974350,St. Mary's Road,secondary,419.84,2,yes,13,13.0293291,80.2501638,13.0291172,80.2539777
edge-23161560-247680992-248700641,23161560,node-247680992,node-248700641,Burkit Road,secondary,381.69,,no,4,13.0346157,80.2334729,13.0341555,80.2369641
edge-23161566-247074861-248700548,23161566,node-247074861,node-248700548,New Boag Road,secondary,367.96,,no,15,13.030776,80.2307615,13.0304771,80.2274518
edge-23161686-247075066-269768005,23161686,node-247075066,node-269768005,3rd Main Road,secondary,140.28,,yes,5,13.0279325,80.2328321,13.0266853,80.2330185
edge-23186225-248467716-1975496679,23186225,node-248467716,node-1975496679,Casa Major Road,secondary,203.24,,no,7,13.0710827,80.2540178,13.072213,80.2525435
edge-23186322-250363488-250737683,23186322,node-250363488,node-250737683,Aranganathan Subway,secondary,199.75,,yes,2,13.0280355,80.2261679,13.0284035,80.2243631
edge-23186335-12155112527-12155112528,23186335,node-12155112527,node-12155112528,Kodambakkam Railway Flyover,primary,622.26,,no,20,13.0540563,80.2282857,13.0538587,80.2340135
edge-23227994-1897644996-251297471,23227994,node-1897644996,node-251297471,Sabari Salai,secondary,520.55,,no,15,12.9654063,80.1914144,12.964658,80.1961207
edge-23306352-11939445529-10584841100,23306352,node-11939445529,node-10584841100,Anna Nagar 2nd Avenue,secondary,691.68,2,yes,12,13.0852877,80.224195,13.0845812,80.2181165
edge-23306358-309338813-7050673294,23306358,node-309338813,node-7050673294,Kilpauk Garden Road,secondary,557.16,,yes,19,13.082849,80.2306084,13.0832778,80.2255168
edge-23465517-254122202-254122198,23465517,node-254122202,node-254122198,Ebrahim Shahib street,primary,88.92,,yes,2,13.1027889,80.2947831,13.1020491,80.2944713
edge-23465518-2269894995-10703707772,23465518,node-2269894995,node-10703707772,Ebrahim Sahib Street,primary,772.55,,yes,23,13.1018401,80.2935208,13.1043165,80.2868814
edge-23465519-254122073-254122218,23465519,node-254122073,node-254122218,Unnamed Road,primary,250.89,,yes,11,13.102467,80.2911146,13.1045408,80.2908923
edge-23467778-254141713-254141722,23467778,node-254141713,node-254141722,Padavattamman Koil Street,secondary,200.61,,yes,7,13.1038999,80.2759489,13.1021067,80.2761249
edge-23467807-254122171-254122182,23467807,node-254122171,node-254122182,Unnamed Road,primary,163.05,,yes,7,13.1042712,80.2708892,13.102947,80.2706018
edge-23467823-254142581-7831280647,23467823,node-254142581,node-7831280647,Cemetry Road,secondary,385.83,,no,13,13.1086482,80.2880136,13.1079671,80.2914953
edge-23467825-254142644-282904899,23467825,node-254142644,node-282904899,West Madha Church Street,secondary,576.38,,no,12,13.1086868,80.2941087,13.1137014,80.2954195
edge-23467854-254122156-254122166,23467854,node-254122156,node-254122166,Basin Bridge,trunk,121.35,,yes,6,13.1037814,80.2726308,13.1043329,80.2717072
edge-23499289-4001265758-254491131,23499289,node-4001265758,node-254491131,Gangadeeshwar Koil Street,primary,344.91,,yes,9,13.0854189,80.254702,13.0823253,80.25447
edge-23499296-304918740-254491184,23499296,node-304918740,node-254491184,Ritherdon Road,secondary,850.34,,no,27,13.0793192,80.2587891,13.0869406,80.2584869
edge-23499298-249075325-254491302,23499298,node-249075325,node-254491302,Unnamed Road,secondary_link,42.6,,yes,3,13.0883726,80.2629632,13.0882537,80.263309
edge-23499970-5461093584-7680692821,23499970,node-5461093584,node-7680692821,General Hospital Road,primary,404.29,,yes,30,13.0810532,80.271122,13.0816988,80.2747888
edge-23499971-11292801148-9507057523,23499971,node-11292801148,node-9507057523,Strahans Road,primary,13.74,,yes,3,13.0982721,80.2510617,13.0981957,80.2511613
edge-23500007-254497224-254497284,23500007,node-254497224,node-254497284,D'Mellows Salai,secondary,703.09,2,no,23,13.0942828,80.2681408,13.0971913,80.262432
edge-23610928-2197415908-1975496427,23610928,node-2197415908,node-1975496427,Mahalingapuram Main Road,secondary,39.05,,no,3,13.0557772,80.2347628,13.0561275,80.234784
edge-23634681-5528559490-256035580,23634681,node-5528559490,node-256035580,Towards Adayar,primary,153.85,,yes,7,13.0151863,80.2248824,13.0150158,80.2260049
edge-23635144-256039827-313444647,23635144,node-256039827,node-313444647,Unnamed Road,primary_link,29.98,,yes,4,13.0101861,80.2149099,13.0104217,80.2149936
edge-23635145-10883767588-364873690,23635145,node-10883767588,node-364873690,Inner Ring Road,primary,426.86,,yes,9,13.0255753,80.2071224,13.0217923,80.2064911
edge-23641748-256124380-256039892,23641748,node-256124380,node-256039892,Kathipara Interchange Ramp,primary_link,199.83,,yes,17,13.0077567,80.204415,13.008284,80.2038377
edge-23641752-308313653-12159256548,23641752,node-308313653,node-12159256548,Unnamed Road,primary_link,720.2,,yes,29,13.0127185,80.2040544,13.0077549,80.2061372
edge-23641764-366083009-366083008,23641764,node-366083009,node-366083008,Guindy Bridge,primary,110.03,,yes,4,13.0102073,80.2157351,13.010055,80.2147351
edge-23642056-1121392666-256124357,23642056,node-1121392666,node-256124357,Kathipara Interchange Flyover,primary,21.12,,yes,2,13.0075844,80.2059253,13.0075831,80.2057304
edge-23642057-12159256548-1121392640,23642057,node-12159256548,node-1121392640,Anna Salai (Mount Road),primary,43.62,,yes,3,13.0077549,80.2061372,13.0078414,80.2065299
edge-23647177-30037867-30037868,23647177,node-30037867,node-30037868,Maraimalai Adigal Bridge,primary,237.83,,yes,3,13.0167311,80.2252306,13.0187266,80.2244405
edge-23648219-12625056165-3285044014,23648219,node-12625056165,node-3285044014,Tiruneermalai Main Road,secondary,1730.27,,no,43,12.9612969,80.1444023,12.9585985,80.1289934
edge-23648224-331885587-6544358299,23648224,node-331885587,node-6544358299,Gandhi Road,secondary,673.35,,yes,18,12.9300665,80.1211311,12.9303479,80.1150097
edge-23698624-7204002657-30038743,23698624,node-7204002657,node-30038743,Unnamed Road,secondary,99.22,,yes,3,13.0351943,80.2098764,13.0350316,80.2107742
edge-23698639-2250346300-277435623,23698639,node-2250346300,node-277435623,11th Avenue,secondary,371.26,,yes,12,13.0324539,80.2184352,13.0313339,80.2158956
edge-23761075-12672943579-257430050,23761075,node-12672943579,node-257430050,Mahatma Gandhi Road,secondary,826.63,2,no,17,12.995765,80.2668883,12.9966031,80.2593081
edge-23761085-310535825-1456998277,23761085,node-310535825,node-1456998277,East Coast Road,primary,1002.34,,yes,29,12.9871225,80.259824,12.9781504,80.2591494
edge-23761535-310535939-9571012328,23761535,node-310535939,node-9571012328,South Avenue,primary,362.18,,yes,7,12.984174,80.2576927,12.9874074,80.2580865
edge-23762120-1446415769-1454664539,23762120,node-1446415769,node-1454664539,Dr MGR Main Road,secondary,1448.83,,yes,31,12.9640055,80.2463933,12.9767453,80.2436317
edge-23762124-6804537842-257439279,23762124,node-6804537842,node-257439279,4th Main Road,secondary,294.65,,no,5,12.9832551,80.2575773,12.9835678,80.2548769
edge-23802569-384508842-384508847,23802569,node-384508842,node-384508847,Kilpauk Garden Road,secondary,174.76,,yes,4,13.0822956,80.2432989,13.0827274,80.2417482
edge-23802570-5455846922-4001265351,23802570,node-5455846922,node-4001265351,Harleys Road,secondary,301.69,,yes,6,13.0829009,80.2413964,13.0835159,80.2441087
edge-23802573-11822112634-11292801142,23802573,node-11822112634,node-11292801142,Cooks Road,primary,704.23,,no,18,13.1045757,80.2532302,13.0985966,80.2511085
edge-23802575-257924706-257924699,23802575,node-257924706,node-257924699,Medavakkam Tank Road,secondary,1221.82,,yes,26,13.0878017,80.2432849,13.097426,80.2420828
edge-23802576-12706519220-2485567682,23802576,node-12706519220,node-2485567682,Elephant Gate Bridge Road,secondary,163.44,,yes,11,13.0922579,80.2695173,13.0908082,80.2695244
edge-23802582-252299877-309338813,23802582,node-252299877,node-309338813,Halls Road,secondary,343.25,,yes,9,13.0819456,80.2336168,13.082849,80.2306084
edge-23802583-252299877-13982514550,23802583,node-252299877,node-13982514550,New Avadi Road,secondary,609.37,,no,17,13.0819456,80.2336168,13.0764853,80.2338014
edge-23803355-311285398-11822112636,23803355,node-311285398,node-11822112636,Stephensons Salai,secondary,458.82,2,yes,7,13.1037948,80.2573877,13.10483,80.2533631
edge-23803992-11292801142-9596798946,23803992,node-11292801142,node-9596798946,Konnur High Road,primary,1046.83,,yes,32,13.0985966,80.2511085,13.0974066,80.2421807
edge-23803995-254491199-11292801140,23803995,node-254491199,node-11292801140,Strahans Road,secondary,809.27,,no,34,13.0973747,80.2592517,13.097871,80.2518025
edge-23803997-10168025877-254497987,23803997,node-10168025877,node-254497987,Barracks Gate Salai,secondary,316.53,2,yes,9,13.0998533,80.2598315,13.0971437,80.2605066
edge-23803998-618620071-308741392,23803998,node-618620071,node-308741392,Konnur High Road,primary,1315.46,2,yes,24,13.1000537,80.227861,13.0999593,80.2161995
edge-23804005-257937748-257937788,23804005,node-257937748,node-257937788,Unnamed Road,secondary,667.16,,no,6,13.1028759,80.2301123,13.1064344,80.2252926
edge-23804006-618642002-618620077,23804006,node-618642002,node-618620077,Portious Road,secondary,314.53,,no,7,13.1025415,80.2310587,13.0997265,80.2307742
edge-23804685-6590298842-735219656,23804685,node-6590298842,node-735219656,EVR Periyar Salai,primary,1035.6,3,yes,28,13.0704619,80.1824525,13.0742621,80.1910557
edge-23885100-303284253-10918138026,23885100,node-303284253,node-10918138026,Stanley Viaduct,secondary,530.52,,yes,35,13.0813985,80.2752236,13.0772122,80.2762588
edge-23892262-11292812957-12706519220,23892262,node-11292812957,node-12706519220,Basin Bridge Road,secondary,227.64,,yes,7,13.0940109,80.2684607,13.0922579,80.2695173
edge-23892860-254497886-10277778750,23892860,node-254497886,node-10277778750,Basin Bridge Road,secondary,399.26,,no,12,13.0980788,80.2683907,13.0945124,80.2685475
edge-23892862-10209470316-10168025877,23892862,node-10209470316,node-10168025877,Pulianthope High Road,secondary,788.04,2,no,32,13.0984972,80.2668498,13.0998533,80.2598315
edge-23893950-247435504-303284388,23893950,node-247435504,node-303284388,Rajaji Salai,primary,1416.73,,yes,23,13.1009452,80.2943986,13.0888071,80.2904488
edge-23893951-258987169-7843307254,23893951,node-258987169,node-7843307254,RBI Subway,primary,178.08,,yes,5,13.0873133,80.2898644,13.0858022,80.2893365
edge-23893953-30237377-2490994956,23893953,node-30237377,node-2490994956,Unnamed Road,primary_link,251.26,,no,11,13.0826299,80.288992,13.0848685,80.2891089
edge-23895867-310503287-12067412557,23895867,node-310503287,node-12067412557,DGS Dhinakaran Road,primary,495.34,2,yes,14,13.0189973,80.2629394,13.0189591,80.2673958
edge-23914890-11939180192-259502726,23914890,node-11939180192,node-259502726,Westcott Road,secondary,177.02,,yes,7,13.0582961,80.2654679,13.0568695,80.2647517
edge-23929818-243061240-2188511233,23929818,node-243061240,node-2188511233,Karpagambal Nagar Road,secondary,193.09,,yes,5,13.0397999,80.2646004,13.0415277,80.2646986
edge-23954872-259509987-259662291,23954872,node-259509987,node-259662291,Conron Smith Road,secondary,545.53,,no,12,13.0545149,80.2578927,13.0496414,80.2574478
edge-23955543-259703179-10169019568,23955543,node-259703179,node-10169019568,Peters Road,secondary,399.38,,yes,11,13.054152,80.2615778,13.0538354,80.2652478
edge-23955544-259703176-2481982238,23955544,node-259703176,node-2481982238,Peters Road,secondary,12.57,,yes,2,13.0536332,80.266612,13.053599,80.2665014
edge-23955548-308296264-2481982260,23955548,node-308296264,node-2481982260,Sathyam Flyover,secondary,5.87,,no,2,13.0546203,80.2557807,13.0546229,80.2557266
edge-23961564-243066459-2216437870,23961564,node-243066459,node-2216437870,Avvai Shanmugam Salai,secondary,496.71,,no,15,13.0482192,80.2616175,13.0477395,80.2661695
edge-23966118-9992430912-254142547,23966118,node-9992430912,node-254142547,Thiruvottriyur High Road,secondary,911.47,,no,56,13.1108377,80.2785044,13.1147553,80.2825577
edge-23966125-254122182-11936667482,23966125,node-254122182,node-11936667482,Basin Bridge Road,primary,600.47,,yes,6,13.102947,80.2706018,13.0981696,80.2684582
edge-23970137-3967643610-343170974,23970137,node-3967643610,node-343170974,1st Avenue,secondary,258.82,,yes,6,13.0833246,80.2254031,13.0851972,80.223985
edge-23970139-10584852022-1585669045,23970139,node-10584852022,node-1585669045,Anna Arch Road,secondary,251.76,2,yes,6,13.0844994,80.2180203,13.0822372,80.2179356
edge-23970229-303283585-303283783,23970229,node-303283585,node-303283783,General Hospital Road,primary,68.28,,yes,3,13.082277,80.2817846,13.082256,80.2811546
edge-23970230-5306843094-5306843086,23970230,node-5306843094,node-5306843086,Jawaharlal Nehru Road (100 Feet Road),primary,328.79,,yes,6,13.0824362,80.1984989,13.0853737,80.198481
edge-24240271-357936503-262454145,24240271,node-357936503,node-262454145,MTC Busway,primary,25.14,,no,2,13.0699825,80.2050666,13.0697923,80.2049411
edge-24338793-243323039-243323151,24338793,node-243323039,node-243323151,Devanathan Street,secondary,319.95,,yes,10,13.0266051,80.2633621,13.029395,80.2640795
edge-24730640-268789823-257532684,24730640,node-268789823,node-257532684,Gandhi Mandapam Flyover,primary,17.22,1,yes,2,13.0066507,80.2427147,13.0067102,80.2428614
edge-24730725-268790432-13930834677,24730725,node-268790432,node-13930834677,Sardar Patel Road,primary,226.01,2,yes,3,13.0073267,80.2380038,13.0069628,80.2400558
edge-24888589-270432730-310729244,24888589,node-270432730,node-310729244,Napier Bridge,primary,155.34,,yes,2,13.0694322,80.2846947,13.0680729,80.2843636
edge-25116883-370641082-30142983,25116883,node-370641082,node-30142983,East Coast Road,primary,3379.68,2,yes,93,12.8673993,80.2431294,12.8971859,80.2473217
edge-25116982-273459877-5455958138,25116982,node-273459877,node-5455958138,Unnamed Road,primary,1033.2,2,yes,14,12.9009094,80.2278862,12.9016416,80.2183926
edge-25368569-7825217424-9577445276,25368569,node-7825217424,node-9577445276,Thiruvottriyur – Ponneri – Panchetty Road,primary,201.31,,yes,3,13.1527095,80.2886284,13.1534648,80.2869387
edge-25369014-289177114-2271733895,25369014,node-289177114,node-2271733895,Suryanarayana Street,primary,969.68,,yes,22,13.1146421,80.2924966,13.1232066,80.2941382
edge-25376903-14105314720-276597104,25376903,node-14105314720,node-276597104,70Ft Road,secondary,491.56,,yes,5,13.1176387,80.2285012,13.1133749,80.2273029
edge-25376940-276597769-276597128,25376940,node-276597769,node-276597128,Kolathur Road,secondary,917.57,,no,29,13.1260513,80.2193333,13.1239092,80.2121874
edge-25377740-1184545494-12717753448,25377740,node-1184545494,node-12717753448,East Avenue Road,secondary,1612.02,,yes,21,13.1084881,80.1798938,13.0999643,80.1867108
edge-25377899-276611157-276611288,25377899,node-276611157,node-276611288,Bazaar Road,secondary,262.97,2,no,8,13.0877739,80.1880767,13.0854408,80.1881903
edge-25377940-276611134-276611952,25377940,node-276611134,node-276611952,Pari Road,secondary,833.96,2,no,26,13.0814308,80.1879443,13.0806082,80.1802955
edge-25377948-276611958-7823213701,25377948,node-276611958,node-7823213701,JPC Main road,secondary,207.96,,yes,6,13.0837302,80.1749938,13.0834612,80.173113
edge-25379394-7823176114-276611958,25379394,node-7823176114,node-276611958,Venugopal Street,secondary,730.76,2,no,28,13.0806015,80.180248,13.0837302,80.1749938
edge-25379476-276628883-276628864,25379476,node-276628883,node-276628864,Paruthipattu Road,secondary,1613.86,,no,52,13.0864598,80.1085658,13.0885284,80.1229024
edge-25392232-276608314-402304008,25392232,node-276608314,node-402304008,Unnamed Road,trunk_link,111.69,,yes,3,13.1111659,80.1636667,13.1121645,80.1637774
edge-25392315-276739500-276740897,25392315,node-276739500,node-276740897,North Park Street,secondary,832.82,,no,17,13.1198687,80.1498382,13.1185829,80.1574137
edge-25392488-276744450-7820111212,25392488,node-276744450,node-7820111212,Kalli Kuppam Road (KKRoad),secondary,429.3,,no,10,13.1223681,80.1598711,13.1194714,80.1578395
edge-25392570-276744053-11778006140,25392570,node-276744053,node-11778006140,Pudur Main Road,secondary,904.95,,no,27,13.1225273,80.1598603,13.1304434,80.1586451
edge-25392702-5251925825-276746144,25392702,node-5251925825,node-276746144,Vanagaram - Ambathur - Puzhal Road,primary,1056.29,2,yes,30,13.1285285,80.1555544,13.1222938,80.1485827
edge-25393656-276746164-3208166756,25393656,node-276746164,node-3208166756,Unnamed Road,secondary,789.66,,no,36,13.1444305,80.188326,13.1419021,80.1946446
edge-25394839-7723151018-276771390,25394839,node-7723151018,node-276771390,Singaperumalkoil - Sriperumbudur - Thiruvallur - Red Hills Road,primary,634.39,,yes,10,13.1963209,80.1809896,13.1945092,80.1754433
edge-25454674-277391470-277391475,25454674,node-277391470,node-277391475,Valluvar Salai,secondary,814.13,,no,26,13.0245122,80.1830853,13.0317837,80.1837773
edge-25454723-277391818-392853368,25454723,node-277391818,node-392853368,Kamarajar Salai,secondary,488.3,,no,13,13.0315002,80.1913259,13.0316801,80.1868334
edge-25454759-11777920672-735219283,25454759,node-11777920672,node-735219283,Alapakkam Main Road,secondary,2493.0,2,no,89,13.0412011,80.1633802,13.0612507,80.1638536
edge-25454893-735219983-277393495,25454893,node-735219983,node-277393495,Unnamed Road,secondary,127.03,,yes,4,13.0704038,80.1823119,13.0715349,80.1821503
edge-25454942-342746843-256606644,25454942,node-342746843,node-256606644,Vanniyar Street,secondary,322.1,,no,15,13.0466026,80.1926051,13.0444032,80.1937612
edge-25459293-2239156072-277433909,25459293,node-2239156072,node-277433909,Brindavan Street,secondary,259.14,,no,6,13.0416237,80.2272655,13.0421956,80.2249482
edge-25459576-277437437-277437438,25459576,node-277437437,node-277437438,Ashok Nagar 49th Street,secondary,280.75,,no,3,13.0362179,80.2162822,13.0359889,80.2188628
edge-25459948-277435875-256029582,25459948,node-277435875,node-256029582,Kodambakkam Road,secondary,822.05,,no,23,13.0322087,80.2200554,13.0248793,80.2197887
edge-25460325-6792089327-11375128179,25460325,node-6792089327,node-11375128179,Pachaiyappan Street,secondary,489.37,,no,20,13.0307214,80.1927627,13.0309963,80.1971073
edge-25460473-7045376140-2168747176,25460473,node-7045376140,node-2168747176,Manapakkam Main Road,secondary,882.01,,no,42,13.0212079,80.1828682,13.0171221,80.1776114
edge-25460531-7812490609-6808243410,25460531,node-7812490609,node-6808243410,Manapakkam Main Road,secondary,3943.85,,no,121,13.015637,80.1367546,13.0124217,80.1663043
edge-25466211-10175133026-12632797444,25466211,node-10175133026,node-12632797444,Rajamannar Salai,secondary,207.46,,yes,5,13.0426488,80.2055053,13.0428993,80.2036084
edge-25466218-256606653-256606654,25466218,node-256606653,node-256606654,PT Rajan Salai,secondary,744.69,,yes,15,13.0426093,80.2056033,13.0360249,80.2044311
edge-25466310-277435571-277437437,25466310,node-277435571,node-277437437,7th Avenue,secondary,622.96,,no,21,13.0415669,80.2159372,13.0362179,80.2162822
edge-25466339-277437439-277498945,25466339,node-277437439,node-277498945,Arya Gowda Road,secondary,684.56,,no,16,13.0358964,80.220542,13.0419282,80.2218068
edge-25466343-277437437-2250346222,25466343,node-277437437,node-2250346222,7th Avenue,secondary,532.51,,no,13,13.0362179,80.2162822,13.0314435,80.2159063
edge-25466402-13991726713-277434356,25466402,node-13991726713,node-277434356,2nd Avenue,secondary,282.88,,yes,8,13.0438719,80.2172466,13.0445592,80.2147868
edge-25466413-277434351-277434349,25466413,node-277434351,node-277434349,Brindavan Street Ext,secondary,466.27,,yes,12,13.0433032,80.2181081,13.0429082,80.2220416
edge-25466477-277434349-277433909,25466477,node-277434349,node-277433909,Brindavan Street,secondary,324.78,,yes,3,13.0429082,80.2220416,13.0421956,80.2249482
edge-25466538-277394117-277499739,25466538,node-277394117,node-277499739,Reddy Street,secondary,526.01,,no,11,13.0490302,80.1921449,13.0475005,80.1958714
edge-25466707-247684076-277500742,25466707,node-247684076,node-277500742,Thiruvalluvar Salai,secondary,721.38,,no,20,13.0449255,80.1859977,13.0390822,80.1860447
edge-25467811-277515563-277515542,25467811,node-277515563,node-277515542,Mettukuppam Main road,secondary,1693.05,,no,67,13.0654507,80.1732069,13.0527547,80.1743301
edge-25474459-7821849935-7821849925,25474459,node-7821849935,node-7821849925,Madhavaram - Red Hills Road,primary,1425.46,,yes,42,13.1838317,80.2029937,13.1769687,80.2138335
edge-25570691-247714535-11238112972,25570691,node-247714535,node-11238112972,Racecourse Road,secondary,580.59,,yes,19,13.0104614,80.2163283,13.0068768,80.2127845
edge-25571962-278751644-278751951,25571962,node-278751644,node-278751951,Madhavaram Flyover,primary,155.36,,yes,2,13.1438596,80.2197963,13.1451544,80.2203354
edge-25572175-278753965-278753965,25572175,node-278753965,node-278753965,Unnamed Road,trunk,360.82,,yes,22,13.1440907,80.2199595,13.1440907,80.2199595
edge-25572374-278753969-278757483,25572374,node-278753969,node-278757483,Unnamed Road,primary_link,31.93,,yes,3,13.1450963,80.2200683,13.1452862,80.220288
edge-25572377-1184327431-276517452,25572377,node-1184327431,node-276517452,Grand Northern Trunk Road,trunk,1593.8,,yes,41,13.1230214,80.2490276,13.1173632,80.2621754
edge-25593953-13966900344-5455784934,25593953,node-13966900344,node-5455784934,SIDCO Industrial Estate South Phase Road,secondary,524.23,,yes,14,13.0149648,80.1995782,13.0137705,80.2042473
edge-25594260-338637823-607970283,25594260,node-338637823,node-607970283,Chennai Bypass Expressway,trunk,1816.23,3,yes,8,13.0322545,80.1488133,13.0209146,80.137042
edge-25646322-1121392666-304920838,25646322,node-1121392666,node-304920838,Grand Southern Trunk Road,trunk,572.86,,yes,33,13.0075844,80.2059253,13.0049681,80.2014186
edge-25689673-280087140-30037965,25689673,node-280087140,node-30037965,Station Road,primary_link,122.21,,yes,14,13.0016379,80.2005062,13.0017577,80.1994135
edge-25689918-4450473918-5456056205,25689918,node-4450473918,node-5456056205,Taramani Link Road,primary,295.87,2,yes,6,12.9769934,80.2227628,12.9783943,80.2250841
edge-25851510-373092675-373156188,25851510,node-373092675,node-373156188,Ennore High Road,secondary,541.39,,yes,13,13.1560354,80.2922469,13.157236,80.2970888
edge-25851516-322845909-7829076683,25851516,node-322845909,node-7829076683,Vaidhyanathan Street,secondary,298.82,,yes,10,13.1281801,80.2814725,13.1286307,80.2787707
edge-25851549-7831280666-281998955,25851549,node-7831280666,node-281998955,Jeevarathinam Road,secondary,326.96,,no,19,13.124973,80.2946209,13.1253738,80.29164
edge-25935491-282904616-254142651,25935491,node-282904616,node-254142651,Unnamed Road,secondary,57.36,,yes,3,13.1142183,80.2929526,13.1142225,80.2924234
edge-26398968-289201584-2271764908,26398968,node-289201584,node-2271764908,Varadharaja Perumal Koil Street,secondary,268.98,,yes,7,13.1249976,80.291602,13.1252942,80.2891427
edge-26422020-276518999-289486522,26422020,node-276518999,node-289486522,N Terminus Road,secondary,350.34,,no,7,13.1439001,80.2965635,13.1431586,80.2997072
edge-26422279-282904616-282904899,26422279,node-282904616,node-282904899,East Kalmandapam Road,secondary,273.27,,no,7,13.1142183,80.2929526,13.1137014,80.2954195
edge-26464701-290017457-9573106984,26464701,node-290017457,node-9573106984,Moorthinagar Street,trunk,351.98,,yes,10,13.1142316,80.2614697,13.1173271,80.2620135
edge-26464703-290017668-290017457,26464703,node-290017668,node-290017457,Muthu Street,trunk,226.36,,yes,6,13.1140846,80.2635443,13.1142316,80.2614697
edge-26464705-290017668-290017678,26464705,node-290017668,node-290017678,Unnamed Road,trunk,230.92,,yes,12,13.1140846,80.2635443,13.1141203,80.2656726
edge-26464707-290018216-290017404,26464707,node-290018216,node-290017404,MKB Nagar Central Avenue,secondary,384.15,,no,7,13.1229022,80.2628397,13.1229023,80.2592924
edge-26464817-10105885267-290017380,26464817,node-10105885267,node-290017380,TVK Link Road,secondary,204.59,,no,8,13.128518,80.266374,13.1303038,80.2668269
edge-26464838-7820074227-290018578,26464838,node-7820074227,node-290018578,SIDCO Main Road,secondary,646.4,,no,11,13.1315238,80.2528967,13.1313808,80.2588636
edge-26464902-290018969-10279561303,26464902,node-290018969,node-10279561303,Ethiraj Samy Salai,secondary,455.5,,no,15,13.1294301,80.2499327,13.1255092,80.248896
edge-26464967-290017380-7809774042,26464967,node-290017380,node-7809774042,Manali Road,secondary,318.24,,no,5,13.1303038,80.2668269,13.1285209,80.2691257
edge-26483334-247436733-2172955473,26483334,node-247436733,node-2172955473,Kathivakkam High Road,secondary,174.52,,no,5,13.1164185,80.2759285,13.117959,80.2762361
edge-26490421-12157558039-12896051511,26490421,node-12157558039,node-12896051511,Old Jail Road,primary_link,237.56,,yes,12,13.105382,80.2820369,13.1056107,80.2799147
edge-26491018-254141722-2271487902,26491018,node-254141722,node-2271487902,Peddu Street,secondary,181.22,,yes,4,13.1021067,80.2761249,13.1019385,80.2744605
edge-26491236-290017320-290017687,26491236,node-290017320,node-290017687,MKB Nagar East Avenue,secondary,416.6,,yes,15,13.1265828,80.2658783,13.1228371,80.2658525
edge-26491237-276517452-290017668,26491237,node-276517452,node-290017668,Grand Northern Trunk Road,trunk,399.36,,yes,11,13.1173632,80.2621754,13.1140846,80.2635443
edge-26491383-290017469-14159330870,26491383,node-290017469,node-14159330870,Melpatti Ponappa Street,secondary,1074.29,2,no,24,13.1133715,80.2595676,13.1154209,80.250203
edge-26491967-2214510127-254497196,26491967,node-2214510127,node-254497196,Vepery High Road,secondary,9.39,,yes,2,13.0842566,80.2705201,13.0842894,80.2704402
edge-26492551-243325389-2241832826,26492551,node-243325389,node-2241832826,Deputy Mayor Kabalamurthy Road,secondary,174.69,,no,5,13.0740834,80.2734774,13.0725602,80.2737981
edge-26492556-248467520-12126266604,26492556,node-248467520,node-12126266604,Adithanar Road,secondary,397.27,1,no,19,13.0727188,80.2625902,13.0706903,80.2655304
edge-26516678-290018717-7820074238,26516678,node-290018717,node-7820074238,Tondiarpet High Road,secondary,934.15,,no,28,13.1361009,80.2586686,13.132053,80.2531197
edge-26517740-276597106-276597108,26517740,node-276597106,node-276597108,Jambulingam Main Road,secondary,105.54,,no,5,13.1097792,80.2263844,13.1098057,80.2255062
edge-26518075-276597104-290650289,26518075,node-276597104,node-290650289,9th Street,secondary,266.8,,yes,5,13.1133749,80.2273029,13.1110647,80.226639
edge-26518353-276517804-9974294116,26518353,node-276517804,node-9974294116,Madhavaram High Road,primary,1751.09,2,no,54,13.1097153,80.2441092,13.1237276,80.2421205
edge-26518748-12024762580-13328092336,26518748,node-12024762580,node-13328092336,Kolathur Main Road 3,secondary,273.88,2,no,23,13.1135017,80.2120068,13.1120669,80.2135832
edge-26518750-1391029018-276597128,26518750,node-1391029018,node-276597128,Poompuhar Nagar 1st Main Road,secondary,638.32,,no,18,13.1181924,80.2125111,13.1239092,80.2121874
edge-26518804-5846903249-10291002200,26518804,node-5846903249,node-10291002200,Water Canal Road,secondary,637.08,2,yes,13,13.1269281,80.1943025,13.1322209,80.1920524
edge-26524193-2482057562-11617770609,26524193,node-2482057562,node-11617770609,Ethiraj Salai,secondary,243.13,,no,11,13.0643696,80.2590649,13.0654404,80.2571121
edge-26524352-13907501729-250364713,26524352,node-13907501729,node-250364713,Bazullah Road,secondary,267.84,,no,5,13.0474066,80.23335,13.0470465,80.2357936
edge-26524553-277434352-256606768,26524553,node-277434352,node-256606768,4th Avenue,secondary,846.45,,yes,12,13.0437362,80.2174054,13.037435,80.213026
edge-26526086-12124205157-256606644,26526086,node-12124205157,node-256606644,Munusamy Salai,secondary,686.52,,no,13,13.0383029,80.1928108,13.0444032,80.1937612
edge-26527031-277391475-277500675,26527031,node-277391475,node-277500675,Ramapuram Main Road,secondary,792.87,,no,17,13.0317837,80.1837773,13.0389054,80.1840598
edge-26527691-278989586-389964677,26527691,node-278989586,node-389964677,Barathidasan Colony Main Road,secondary,737.35,,no,24,13.0314553,80.2008036,13.0360515,80.2041356
edge-26527888-250363466-10734648879,26527888,node-250363466,node-10734648879,Reddy Kuppam Road,secondary,316.23,,no,12,13.0311889,80.2242997,13.0284845,80.2240221
edge-26527900-256029582-277442970,26527900,node-256029582,node-277442970,Jayaram Street,secondary,289.11,,no,7,13.0248793,80.2197887,13.0222965,80.2195386
edge-26528018-277442970-343711369,26528018,node-277442970,node-343711369,Mosque Street,secondary,330.42,,no,10,13.0222965,80.2195386,13.0193299,80.2195154
edge-26528428-248700548-250363499,26528428,node-248700548,node-250363499,70 Feet Road,secondary,234.39,,yes,12,13.0304771,80.2274518,13.0284037,80.2271665
edge-26528685-2168960246-2157590801,26528685,node-2168960246,node-2157590801,Five Furlong Road,secondary,448.81,2,no,13,13.0004962,80.2135615,12.997438,80.2162638
edge-26529168-247973396-30237399,26529168,node-247973396,node-30237399,Rosary Church Road,secondary,406.97,,no,12,13.0342553,80.2737173,13.0334551,80.2773791
edge-26550347-254491105-9596798968,26550347,node-254491105,node-9596798968,Purasawalkam High Road,secondary,564.05,,yes,16,13.0858951,80.2504524,13.0856695,80.245268
edge-26550567-254491131-254491130,26550567,node-254491131,node-254491130,Unnamed Road,primary,104.27,,yes,5,13.0823253,80.25447,13.0814755,80.2548647
edge-26550579-344492738-254491199,26550579,node-344492738,node-254491199,Perambur Barracks Salai,secondary,338.06,2,no,14,13.0943566,80.2589084,13.0973747,80.2592517
edge-26550943-248680309-2800814609,26550943,node-248680309,node-2800814609,Sterling Avenue,secondary,32.41,,yes,3,13.0643375,80.2363844,13.064057,80.2363113
edge-26550944-1975496659-248680323,26550944,node-1975496659,node-248680323,Nelson Manickam Road,secondary,72.86,2,yes,3,13.0622758,80.236259,13.0628176,80.2358816
edge-26607377-10010399219-308313881,26607377,node-10010399219,node-308313881,Inner Ring Road,primary,222.53,,yes,5,13.0320337,80.2117894,13.0323294,80.2097601
edge-26607378-338720683-833105011,26607378,node-338720683,node-833105011,Jawaharlal Nehru Road (100 Feet Road),primary,215.32,2,yes,7,13.0759872,80.1992191,13.074276,80.1999988
edge-26607380-30038745-9189120657,26607380,node-30038745,node-9189120657,15th Avenue,primary,201.68,,yes,6,13.032358,80.2095735,13.034141,80.2099146
edge-26748560-11777477469-11066391363,26748560,node-11777477469,node-11066391363,Nungambakkam Subway,secondary,139.78,2,yes,5,13.0653109,80.234412,13.0658819,80.2332847
edge-26776258-293699839-293701197,26776258,node-293699839,node-293701197,Kumaran Nagar Main Road,secondary,348.51,,no,10,13.1213702,80.223944,13.124348,80.2245523
edge-26776862-293701197-293700120,26776862,node-293701197,node-293700120,Balaji Nagar Main Road,secondary,504.53,,no,16,13.124348,80.2245523,13.1287876,80.2247239
edge-26800452-402303250-7045917740,26800452,node-402303250,node-7045917740,Pattaravakkam Bridge,trunk,255.55,4,yes,4,13.1180326,80.1646145,13.1157698,80.1642732
edge-26807398-277391333-277444414,26807398,node-277391333,node-277444414,Manapakkam Main Road,secondary,230.79,,no,11,13.0172018,80.1753737,13.016518,80.1773783
edge-26808454-254491105-4001265758,26808454,node-254491105,node-4001265758,Purasawalkam High Road,primary,479.16,,yes,19,13.0858951,80.2504524,13.0854189,80.254702
edge-26808926-294091236-11043753918,26808926,node-294091236,node-11043753918,Milk Colony Road,secondary,582.22,,no,14,13.1434843,80.2388485,13.1482789,80.2409589
edge-26808958-6305042297-294092953,26808958,node-6305042297,node-294092953,Milk Colony Road,secondary,452.81,,no,10,13.163837,80.2244864,13.1632903,80.2286102
edge-26969168-1952450348-309338811,26969168,node-1952450348,node-309338811,Kilpauk Garden Road,secondary,553.53,,yes,12,13.0833658,80.2255302,13.0831386,80.2306143
edge-27189809-247681987-277498133,27189809,node-247681987,node-277498133,UI Colony 1st Main Road,secondary,348.51,,yes,10,13.0539324,80.2278314,13.0508567,80.2272452
edge-27191864-2197415684-298387395,27191864,node-2197415684,node-298387395,North Usman Road,secondary,798.17,,yes,13,13.0460119,80.2327276,13.0530191,80.2343074
edge-27199953-277435125-277435126,27199953,node-277435125,node-277435126,Rathnammal Street,secondary,247.84,,yes,6,13.0478996,80.2215145,13.0481766,80.2192443
edge-27202021-277437438-277437439,27202021,node-277437438,node-277437439,Postal Colony 3rd Street,secondary,182.21,,no,3,13.0359889,80.2188628,13.0358964,80.220542
edge-27228693-12706542880-276517803,27228693,node-12706542880,node-276517803,Paper Mills Road,secondary,144.49,,yes,7,13.1084688,80.242022,13.109721,80.2418102
edge-27228701-311280831-2272421702,27228701,node-311280831,node-2272421702,Tank Bund Road,secondary,189.75,,no,8,13.1096122,80.2422805,13.109938,80.2439298
edge-27228840-11822112636-9365002394,27228840,node-11822112636,node-9365002394,Perambur High Road,primary,554.77,,yes,20,13.10483,80.2533631,13.1065577,80.2486192
edge-27229361-333218970-254491155,27229361,node-333218970,node-254491155,EVK Sampath Salai,secondary,347.31,,yes,9,13.088607,80.2635124,13.0855773,80.2629079
edge-27312535-10281695771-12901410643,27312535,node-10281695771,node-12901410643,Besant Nagar 2nd Avenue,secondary,400.92,,no,19,12.99952,80.2670076,12.9960193,80.2677001
edge-27345441-7831951043-3878466356,27345441,node-7831951043,node-3878466356,Agaramthen - Kovilanchery Road,secondary,3984.91,,no,110,12.882657,80.1707257,12.8908963,80.1409425
edge-27345518-978534695-978534803,27345518,node-978534695,node-978534803,Inner Ring Road (Southern Sector),primary,267.61,,yes,11,12.9892144,80.1954013,12.9912198,80.1944171
edge-27346902-300216374-314705616,27346902,node-300216374,node-314705616,West Sivan Koil Street,primary,111.44,,yes,5,13.049848,80.2118701,13.0497159,80.2108512
edge-27347903-30038743-308317064,27347903,node-30038743,node-308317064,Inner Ring Road,primary,118.14,,yes,4,13.0350316,80.2107742,13.0348689,80.2118518
edge-27368904-1178006170-5458232461,27368904,node-1178006170,node-5458232461,Rajiv Gandhi Salai,primary,138.86,2,yes,8,12.9515257,80.2416182,12.9503355,80.2412309
edge-27429029-368229640-282749360,27429029,node-368229640,node-282749360,Pammal Main Road,primary,137.74,,no,10,12.9698832,80.146018,12.9706388,80.1450409
edge-27443120-256124360-30039105,27443120,node-256124360,node-30039105,Binny Road,primary,769.97,3,yes,31,13.0073801,80.2020426,13.0086232,80.1962898
edge-27480304-9400398384-301706517,27480304,node-9400398384,node-301706517,Velachery MRTS Bridge,primary,685.33,2,yes,3,12.9647758,80.2164408,12.9705274,80.2187124
edge-27480309-325210402-11938949875,27480309,node-325210402,node-11938949875,Velachery Main Road,secondary,1589.05,2,no,70,12.9775013,80.221206,12.9901027,80.2207226
edge-27503357-309196351-1701464453,27503357,node-309196351,node-1701464453,Anna Flyover,primary,307.59,,yes,6,13.0533394,80.2524389,13.0515471,80.2503067
edge-27584816-302897379-302897390,27584816,node-302897379,node-302897390,Music Academy Flyover,primary,492.74,,yes,9,13.0457604,80.2577345,13.0449946,80.2622084
edge-27584819-302897362-1685107220,27584819,node-302897362,node-1685107220,Unnamed Road,primary,588.72,,yes,22,13.0460013,80.2570293,13.044974,80.2623368
edge-27584825-1685107220-243048886,27584825,node-1685107220,node-243048886,Dr Radhakrishnan Salai,primary,137.65,,yes,6,13.044974,80.2623368,13.0446855,80.2635724
edge-27593928-247686556-258056332,27593928,node-247686556,node-258056332,Anna Salai (Mount Road),primary,269.12,,yes,10,13.0498371,80.2499002,13.0476435,80.2490346
edge-27618295-10201011144-258902915,27618295,node-10201011144,node-258902915,Raja Muthiah Road,secondary,336.8,2,yes,12,13.0809633,80.2709194,13.0839633,80.2704958
edge-27618321-2271543367-303283783,27618321,node-2271543367,node-303283783,Muthuswamy Road,primary,85.13,,yes,6,13.0815726,80.281023,13.082256,80.2811546
edge-27618351-248332846-9572798777,27618351,node-248332846,node-9572798777,Muthuswamy Road,primary,705.36,,yes,14,13.0736861,80.2853397,13.0789407,80.2820326
edge-27618353-247438428-303284224,27618353,node-247438428,node-303284224,Esplanade,secondary,363.84,,yes,7,13.0884768,80.2852912,13.0853175,80.2846466
edge-27618360-9572798768-303284253,27618360,node-9572798768,node-303284253,Pallavan Salai,secondary,40.23,,yes,3,13.0816317,80.2754935,13.0813985,80.2752236
edge-27618370-303284387-303284217,27618370,node-303284387,node-303284217,Netaji Subhash Chandra Bose Road,secondary,549.77,,yes,16,13.0886173,80.2902607,13.0883818,80.2852273
edge-27768785-248467585-304918757,27768785,node-248467585,node-304918757,Unnamed Road,secondary,48.21,,yes,4,13.0803737,80.2651477,13.0806112,80.2647889
edge-27768976-30037241-254491130,27768976,node-30037241,node-254491130,Raja Annamalai Road,primary,278.69,,no,10,13.0789975,80.2546809,13.0814755,80.2548647
edge-27768977-11495672485-248467578,27768977,node-11495672485,node-248467578,Taravath Madhavan Nair Bridge Road,secondary,198.49,2,yes,10,13.075582,80.2580824,13.0769656,80.2569294
edge-27768979-304918793-14148210767,27768979,node-304918793,node-14148210767,EVR Periyar Salai,primary,576.56,2,yes,9,13.0807831,80.2706397,13.0807016,80.2653199
edge-27769225-304920838-1121392665,27769225,node-304920838,node-1121392665,Grand Southern Trunk Road,trunk,146.14,,yes,6,13.0049681,80.2014186,13.0037285,80.2009986
edge-27769230-256124357-304920850,27769230,node-256124357,node-304920850,Kathipara Interchange Flyover,primary,285.53,,yes,7,13.0075831,80.2057304,13.0074079,80.2031043
edge-27769328-304921577-251299059,27769328,node-304921577,node-251299059,Service Road,trunk_link,598.69,,yes,10,12.9769514,80.158408,12.980061,80.1628777
edge-27769329-304921578-304921603,27769329,node-304921578,node-304921603,Airport Flyover,trunk,1376.18,,yes,13,12.9776895,80.1595089,12.9837606,80.170477
edge-27769330-304921588-13330016133,27769330,node-304921588,node-13330016133,Grand Southern Trunk Road,trunk,1768.81,,yes,16,12.9847254,80.1720665,12.9940016,80.1852998
edge-27880100-1878169822-276612244,27880100,node-1878169822,node-276612244,Vanagaram - Ambathur - Puzhal Road,primary,6122.26,2,no,173,13.0626305,80.1519491,13.1076305,80.1522447
edge-27880155-7819506949-276608308,27880155,node-7819506949,node-276608308,1st Avenue,secondary,11.75,2,yes,2,13.0888788,80.1695745,13.0887777,80.1696061
edge-27954865-12156971222-1183401915,27954865,node-12156971222,node-1183401915,Sardar Patel Road,primary,769.57,,yes,16,13.0065443,80.2551166,13.0066601,80.2480458
edge-27954881-13748472412-249497706,27954881,node-13748472412,node-249497706,Unnamed Road,secondary,9.25,,yes,2,13.0073368,80.2595638,13.0073404,80.2594785
edge-27954897-307072729-249497661,27954897,node-307072729,node-249497661,Adyar Flyover,primary,478.63,,no,11,13.0105588,80.2591779,13.0067676,80.2577905
edge-28066334-256039826-1864044165,28066334,node-256039826,node-1864044165,Anna Salai (Mount Road),primary,308.23,4,yes,5,13.0121486,80.2210646,13.0112821,80.2183624
edge-28067234-256124365-308194828,28067234,node-256124365,node-308194828,Kathipara Interchange Flyover Ramp,primary_link,219.47,,yes,11,13.0080662,80.2033951,13.0077418,80.2053162
edge-28067239-308194828-256039853,28067239,node-308194828,node-256039853,Kathipara Interchange Flyover Ramp,primary_link,49.73,,yes,3,13.0077418,80.2053162,13.0076834,80.2057657
edge-28067348-269767231-256035580,28067348,node-269767231,node-256035580,Taluk Office Road,primary,121.52,3,yes,3,13.0160587,80.2256714,13.0150158,80.2260049
edge-28067351-308198144-308198145,28067351,node-308198144,node-308198145,Maraimalai Adigal Bridge,primary,238.12,,yes,2,13.0187755,80.2245501,13.0167831,80.2253559
edge-28067365-366083007-366083006,28067365,node-366083007,node-366083006,Guindy Bridge,primary,130.07,,yes,5,13.0101593,80.2147387,13.0103818,80.2159111
edge-28068579-308209325-308209327,28068579,node-308209325,node-308209327,Unnamed Road,secondary_link,232.16,,yes,10,13.0440995,80.2383232,13.0451626,80.2401677
edge-28071809-256118948-256039853,28071809,node-256118948,node-256039853,Kathipara Interchange Flyover,primary,494.37,,yes,22,13.0081079,80.2036735,13.0076834,80.2057657
edge-28076640-308296264-12155244489,28076640,node-308296264,node-12155244489,Sathyam Flyover,secondary,480.52,2,no,2,13.0546203,80.2557807,13.0542299,80.2601986
edge-28076660-12155244488-259510042,28076660,node-12155244488,node-259510042,Peters Road,secondary,508.17,,yes,8,13.0541933,80.2603352,13.054592,80.2556733
edge-28076798-308297211-308297210,28076798,node-308297211,node-308297210,Royapettah Flyover,secondary,491.6,,no,5,13.0540877,80.2618548,13.0536587,80.2663716
edge-28077380-1702258599-339130556,28077380,node-1702258599,node-339130556,Unnamed Road,primary_link,105.29,,yes,7,13.0498573,80.2497806,13.0507777,80.2499238
edge-28077971-304920850-256039861,28077971,node-304920850,node-256039861,Kathipara Interchange Ramp,primary_link,186.92,,yes,16,13.0074079,80.2031043,13.0065816,80.2032283
edge-28077972-256039877-256124399,28077972,node-256039877,node-256124399,Kathipara Interchange Ramp,primary_link,209.75,,yes,19,13.007102,80.2037145,13.0075262,80.204086
edge-28078045-256039877-304920837,28078045,node-256039877,node-304920837,Kathipara Interchange Flyover,primary,333.98,,yes,13,13.007102,80.2037145,13.0051056,80.2014951
edge-28078046-304920831-256039861,28078046,node-304920831,node-256039861,Kathipara Interchange Flyover,primary,259.39,,yes,18,13.0051569,80.201362,13.0065816,80.2032283
edge-28078481-308313881-364622253,28078481,node-308313881,node-364622253,Inner Ring Road,primary,382.74,,yes,7,13.0323294,80.2097601,13.0290206,80.2087875
edge-28078783-308316986-308316995,28078783,node-308316986,node-308316995,Unnamed Road,secondary,86.36,,yes,7,13.0343909,80.2099662,13.035095,80.2098429
edge-28138953-309061751-9293301217,28138953,node-309061751,node-9293301217,Periyar Bridge,primary,130.11,,yes,2,13.0720436,80.274623,13.0728487,80.2754947
edge-28138954-6277932785-309196371,28138954,node-6277932785,node-309196371,Anna Salai (Mount Road),primary,551.15,3,yes,11,13.0598792,80.260419,13.0565215,80.2566978
edge-28138955-9293301217-966544068,28138955,node-9293301217,node-966544068,Anna Salai,primary,107.58,,yes,3,13.0728487,80.2754947,13.0735117,80.276218
edge-28138957-309061743-309061750,28138957,node-309061743,node-309061750,Periyar Bridge,primary,130.11,,yes,2,13.0727639,80.2755773,13.0719588,80.2747056
edge-28138958-309061752-309061753,28138958,node-309061752,node-309061753,Unnamed Road,primary_link,21.93,,yes,5,13.0756798,80.2786653,13.0758192,80.2785507
edge-28138960-309061755-309061756,28138960,node-309061755,node-309061756,Unnamed Road,primary_link,20.65,,yes,5,13.0762045,80.2790161,13.0760921,80.2791396
edge-28138961-309061767-317995431,28138961,node-309061767,node-317995431,Quaid-e-Milleth Bridge,primary,49.27,,yes,2,13.0785385,80.2815328,13.0788433,80.281863
edge-28138962-309061766-309061637,28138962,node-309061766,node-309061637,Anna Salai,primary,777.21,,yes,12,13.0784721,80.281597,13.0735535,80.2765139
edge-28138965-309062017-309062020,28138965,node-309062017,node-309062020,Unnamed Road,primary_link,60.01,,yes,5,13.0742962,80.2764355,13.0741199,80.2768684
edge-28149453-12272904106-309178281,28149453,node-12272904106,node-309178281,Unnamed Road,primary,31.58,,yes,4,13.0681523,80.270889,13.067875,80.2708859
edge-28150546-11722109036-12272904106,28150546,node-11722109036,node-12272904106,Blackers Road,secondary,177.86,,yes,8,13.0683533,80.2692687,13.0681523,80.270889
edge-28151247-357985306-309196366,28151247,node-357985306,node-309196366,Anna Flyover,primary,10.97,,yes,2,13.0534101,80.2523757,13.0534712,80.2524552
edge-28152147-243325386-248467985,28152147,node-243325386,node-248467985,Arunachalam Street,secondary,454.73,,no,7,13.0760151,80.2672158,13.0750155,80.2712845
edge-28152148-309206666-309206657,28152148,node-309206666,node-309206657,Commander-In-Chief Bridge,secondary,75.12,2,yes,2,13.0635784,80.2608744,13.0637768,80.2602115
edge-28161770-264481257-309322970,28161770,node-264481257,node-309322970,Sterling Road,primary,69.22,,yes,5,13.0663355,80.243467,13.0661202,80.2440472
edge-28161781-6590644590-319472978,28161781,node-6590644590,node-319472978,College Road,secondary,386.22,,yes,13,13.0674083,80.2519022,13.066959,80.2542956
edge-28161795-2197496946-6590644181,28161795,node-2197496946,node-6590644181,College Road,secondary,360.43,,yes,15,13.0667733,80.2540816,13.0673482,80.2519324
edge-28224390-310002349-310000576,28224390,node-310002349,node-310000576,Padi Flyover,primary,174.45,,yes,7,13.1016577,80.1945962,13.1001401,80.1949151
edge-28224392-310000709-310008545,28224392,node-310000709,node-310008545,Padi Flyover,primary,310.59,,yes,7,13.1022315,80.1941108,13.1049701,80.1944842
edge-28224398-310000705-310002596,28224398,node-310000705,node-310002596,Padi Flyover,primary,343.73,,yes,3,13.1018702,80.1938725,13.1013893,80.190742
edge-28224400-310000713-310002592,28224400,node-310000713,node-310002592,Padi Flyover,primary,276.89,,yes,4,13.1020739,80.194611,13.1027216,80.1970523
edge-28224413-310000700-310000700,28224413,node-310000700,node-310000700,Padi Flyover,primary,269.12,,yes,23,13.1015088,80.1943899,13.1015088,80.1943899
edge-28224637-310008546-310000711,28224637,node-310008546,node-310000711,Padi Flyover,primary,287.92,,yes,5,13.1047319,80.1947306,13.1021485,80.1945521
edge-28224638-11939525836-310000590,28224638,node-11939525836,node-310000590,Padi Flyover,primary,234.62,,yes,9,13.0987223,80.1961772,13.1001112,80.1946073
edge-28224640-310002595-310000706,28224640,node-310002595,node-310000706,Padi Flyover,primary,355.8,,yes,3,13.1014869,80.1906899,13.1020626,80.193921
edge-28224643-2168881973-11433647216,28224643,node-2168881973,node-11433647216,New Avadi Road,primary,927.81,,yes,22,13.1018199,80.2065595,13.1030162,80.1984992
edge-28233862-268790436-12157136684,28233862,node-268790436,node-12157136684,Gandhi Mandapam Flyover,primary,363.17,2,no,7,13.0070287,80.2393389,13.006651,80.2426578
edge-28261318-300195066-14089244951,28261318,node-300195066,node-14089244951,Camp Road,secondary,589.76,2,no,17,12.9224266,80.142997,12.9179303,80.1458678
edge-28275145-12067412556-2188756795,28275145,node-12067412556,node-2188756795,DGS Dhinakaran Road,primary,5.59,,yes,2,13.0188823,80.2674489,13.018854,80.2674063
edge-28275159-310501715-10970819059,28275159,node-310501715,node-10970819059,Durgabai Deshmukh Road,primary,344.18,2,yes,9,13.0187731,80.2617081,13.0164021,80.2598146
edge-28275164-10970819072-243064543,28275164,node-10970819072,node-243064543,Durgabai Deshmukh Road,primary,608.86,2,yes,20,13.0158395,80.2594146,13.0202745,80.2626659
edge-28275504-30237399-30237407,28275504,node-30237399,node-30237407,Santhome High Road,primary,566.42,,no,19,13.0334551,80.2773791,13.0286414,80.2763859
edge-28275718-247439444-247435500,28275718,node-247439444,node-247435500,Netaji Subhash Chandra Bose Road,secondary,962.68,,yes,42,13.0886274,80.2815146,13.0888458,80.2903598
edge-28276325-5528559497-256039826,28276325,node-5528559497,node-256039826,U turn in Guindy,primary,46.3,,yes,8,13.012364,80.2212602,13.0121486,80.2210646
edge-28278656-12901490989-249493600,28278656,node-12901490989,node-249493600,Dr Muthulakshmi Salai,secondary,583.97,,yes,17,13.0015818,80.256511,13.0067416,80.2574993
edge-28278657-310535738-6773718422,28278657,node-310535738,node-6773718422,Dr Muthulakshmi Salai,secondary,301.18,2,yes,5,13.0042221,80.2570466,13.001551,80.2565871
edge-28278662-11936247015-310535870,28278662,node-11936247015,node-310535870,West Avenue Road,primary,12.0,,yes,2,12.9879,80.2513095,12.9879188,80.2514186
edge-28295183-12049066230-3734321345,28295183,node-12049066230,node-3734321345,Kamarajar Salai,primary,671.24,,yes,18,13.0373678,80.2783067,13.0432371,80.2796389
edge-28295241-310729244-9905229047,28295241,node-310729244,node-9905229047,Kamarajar Salai,primary,2790.39,,yes,30,13.0680729,80.2843636,13.0433936,80.279798
edge-28295242-310729243-270432733,28295242,node-310729243,node-270432733,Napier Bridge,primary,155.42,,yes,2,13.0681042,80.2842287,13.0694636,80.2845626
edge-28295287-2215260686-1183471375,28295287,node-2215260686,node-1183471375,Dr Radhakrishnan Salai,primary,346.19,,yes,7,13.0432716,80.2796082,13.0432769,80.2764131
edge-28295304-302897393-243048882,28295304,node-302897393,node-243048882,Unnamed Road,primary,547.07,,yes,15,13.0448596,80.262394,13.045708,80.2574371
edge-28342112-293699182-6749199783,28342112,node-293699182,node-6749199783,Paper Mills Road,secondary,1323.52,2,no,36,13.119361,80.2252238,13.1278064,80.2170289
edge-28342804-11026309660-11026309680,28342804,node-11026309660,node-11026309680,Ambedkar Kalloori Salai,secondary,469.7,2,yes,9,13.1022325,80.2603861,13.1063562,80.260733
edge-28343129-413576832-413576835,28343129,node-413576832,node-413576835,Grand Northern Trunk Road,trunk,306.48,,yes,5,13.1073781,80.2691018,13.1053305,80.2709821
edge-28344850-10703707767-254122210,28344850,node-10703707767,node-254122210,Ebrahim Sahib Street,primary,454.53,,yes,11,13.1044578,80.2869024,13.1030404,80.2906918
edge-28345106-254122220-247435508,28345106,node-254122220,node-247435508,North Terminus Road,primary,389.8,2,yes,8,13.1058833,80.2910607,13.105552,80.2945262
edge-28345111-247435508-8292230989,28345111,node-247435508,node-8292230989,Royapuram Harbour Bridge,primary,140.69,,yes,6,13.105552,80.2945262,13.1047202,80.295344
edge-28345155-311309729-7831289795,28345155,node-311309729,node-7831289795,Surya Narayana Road,primary,52.66,,yes,3,13.1057541,80.2910332,13.1062163,80.2911391
edge-28345207-254122218-311309729,28345207,node-254122218,node-311309729,Royapuram Bridge,primary,136.43,,yes,8,13.1045408,80.2908923,13.1057541,80.2910332
edge-28345581-311313378-2269872905,28345581,node-311313378,node-2269872905,Vijayaraghavelu Road,secondary,153.92,,yes,7,13.1071671,80.2802967,13.1058266,80.2799525
edge-28345586-9992430721-311313378,28345586,node-9992430721,node-311313378,Parthasarathy Bridge,secondary,532.72,,yes,34,13.1106928,80.2784772,13.1071671,80.2802967
edge-28347586-311334067-1262356009,28347586,node-311334067,node-1262356009,Unnamed Road,secondary,190.16,2,yes,5,13.1072632,80.2244021,13.1088487,80.2242406
edge-28347589-1262356009-290638917,28347589,node-1262356009,node-290638917,Unnamed Road,secondary,231.01,2,yes,10,13.1088487,80.2242406,13.1086752,80.2262617
edge-28347599-276597108-12385876497,28347599,node-276597108,node-12385876497,Unnamed Road,secondary,192.94,,no,10,13.1098057,80.2255062,13.1086244,80.226161
edge-28348202-290651009-10578751650,28348202,node-290651009,node-10578751650,Unnamed Road,secondary,336.48,2,no,11,13.105735,80.2158553,13.1082132,80.2150562
edge-28403306-247688117-247687720,28403306,node-247688117,node-247687720,Mowbrays Road,secondary,13.66,,yes,2,13.038166,80.2568447,13.038053,80.2567953
edge-28503517-9819018841-313124606,28503517,node-9819018841,node-313124606,Unnamed Road,primary,9.32,,no,3,13.0612456,80.2470513,13.0611929,80.2469845
edge-28534462-269767231-308198209,28534462,node-269767231,node-308198209,Unnamed Road,primary_link,35.49,,no,2,13.0160587,80.2256714,13.0160829,80.2253448
edge-28563215-249497710-313775128,28563215,node-249497710,node-313775128,Besant Avenue Road,secondary,15.46,,no,2,13.0073297,80.2597313,13.0072687,80.2598595
edge-28621092-314625104-1975496433,28621092,node-314625104,node-1975496433,Unnamed Road,secondary,312.29,1,yes,12,13.0538466,80.2344877,13.0566158,80.2347796
edge-28682080-308317064-2250346323,28682080,node-308317064,node-2250346323,Inner Ring Road,primary,104.54,,yes,6,13.0348689,80.2118518,13.0340394,80.2120523
edge-28682386-315264857-315264825,28682386,node-315264857,node-315264825,Koyambedu Bridge,primary,117.29,2,yes,2,13.0783154,80.1989207,13.0772731,80.1990868
edge-28682391-308317064-256606767,28682391,node-308317064,node-256606767,Jawaharlal Nehru Road (100 Feet Road),primary,295.45,,yes,8,13.0348689,80.2118518,13.0373172,80.2122903
edge-28682394-315264821-315264861,28682394,node-315264821,node-315264861,Koyambedu Bridge,primary,118.98,2,yes,2,13.0772399,80.1989258,13.0783035,80.1988056
edge-28903425-310505815-247439444,28903425,node-310505815,node-247439444,Rattan Bazaar Road,secondary,315.52,,yes,15,13.0858803,80.2808012,13.0886274,80.2815146
edge-28903437-11939347654-11037108552,28903437,node-11939347654,node-11037108552,North Fort Road,primary,353.22,,yes,10,13.0854909,80.2846154,13.0852503,80.2878648
edge-28927273-317995430-309061766,28927273,node-317995430,node-309061766,Quaid-e-Milleth Bridge,primary,49.51,,yes,2,13.0787772,80.2819299,13.0784721,80.281597
edge-29044820-319472518-319472527,29044820,node-319472518,node-319472527,College Bridge,secondary,63.77,,yes,2,13.0672964,80.2547788,13.066892,80.2543613
edge-29044852-319472978-319472479,29044852,node-319472978,node-319472479,College Bridge,secondary,63.77,,yes,2,13.066959,80.2542956,13.0673502,80.2547261
edge-29044853-319472480-13880733735,29044853,node-319472480,node-13880733735,Unnamed Road,secondary,406.74,,yes,8,13.0681217,80.255433,13.070701,80.2580951
edge-29044865-13880733750-13327863193,29044865,node-13880733750,node-13327863193,Unnamed Road,secondary_link,225.87,,yes,6,13.0680633,80.2553811,13.0695209,80.2568144
edge-29046393-310535742-10310854926,29046393,node-310535742,node-10310854926,Dr. Muthulakshmi Road,secondary,7.93,,yes,2,12.9969294,80.2559195,12.9968581,80.2559174
edge-29115467-310731960-248467788,29115467,node-310731960,node-248467788,Gengu Reddy Subway,secondary,137.09,,no,2,13.0761894,80.2520713,13.0749652,80.2522212
edge-29115479-10281746078-248467794,29115479,node-10281746078,node-248467794,Egmore High Road,secondary,388.15,,no,13,13.0741664,80.2527975,13.0749196,80.2561144
edge-29199343-321181773-321181767,29199343,node-321181773,node-321181767,Madhavaram Flyover,primary,155.89,,yes,2,13.1451999,80.220455,13.1438994,80.2199174
edge-29199344-12157435012-321181773,29199344,node-12157435012,node-321181773,Madhavaram Flyover,primary,435.61,,yes,5,13.148817,80.2219989,13.1451999,80.220455
edge-29199345-3913258529-278753972,29199345,node-3913258529,node-278753972,Unnamed Road,primary_link,488.19,,yes,9,13.1489779,80.2220731,13.1448826,80.220567
edge-29199346-278753977-12157435008,29199346,node-278753977,node-12157435008,Unnamed Road,primary_link,421.82,,yes,8,13.1440624,80.2201269,13.1406211,80.2185306
edge-29201136-321203220-321203235,29201136,node-321203220,node-321203235,Manali High Road,primary,48.02,,yes,2,13.1857476,80.3086834,13.1858416,80.3082505
edge-29201138-321203263-321203220,29201138,node-321203263,node-321203220,Manali High Road,primary,877.24,,yes,20,13.183665,80.3164771,13.1857476,80.3086834
edge-29201139-321203205-7731022589,29201139,node-321203205,node-7731022589,Manali High Road,primary,38.89,,yes,2,13.1858988,80.3083108,13.1858335,80.3086637
edge-29201146-7731022589-321203299,29201146,node-7731022589,node-321203299,Manali High Road,primary,882.25,,yes,14,13.1858335,80.3086637,13.1837929,80.3165235
edge-29201406-9580765115-321210931,29201406,node-9580765115,node-321210931,Chennai - Ennore Road,primary,2290.56,,no,47,13.1858028,80.3031627,13.2008016,80.3134124
edge-29246234-1184362119-339984947,29246234,node-1184362119,node-339984947,Thiruvottriyur – Ponneri – Panchetty Road,primary,1818.33,,yes,28,13.1617868,80.2691705,13.1767622,80.2702178
edge-29266248-30037903-243325391,29266248,node-30037903,node-243325391,Unnamed Road,secondary,77.19,,yes,6,13.0716541,80.2743139,13.0722422,80.2739583
edge-29346970-13748226582-281998955,29346970,node-13748226582,node-281998955,Kumalamman Koil Street,secondary,346.92,,yes,13,13.1281003,80.2905349,13.1253738,80.29164
edge-29349550-247436742-281998593,29349550,node-247436742,node-281998593,Vaidhyanathan Street,secondary,571.34,,no,12,13.1283864,80.2850317,13.1272212,80.2900641
edge-29349551-247436741-322845909,29349551,node-247436741,node-322845909,Vaidhyanathan Bridge,secondary,320.6,,yes,10,13.128374,80.2843753,13.1281801,80.2814725
edge-29973071-300462968-12259245171,29973071,node-300462968,node-12259245171,St Thomas Mount Subway,primary,66.42,,no,3,12.996893,80.2008989,12.9963024,80.2009908
edge-29973073-2168960128-329974537,29973073,node-2168960128,node-329974537,St Thomas Mount Subway,primary,37.04,,no,2,12.9942253,80.2012282,12.9938922,80.2012281
edge-30118949-331888655-249269115,30118949,node-331888655,node-249269115,MIT Flyover Ramp,trunk,299.15,,yes,2,12.9449301,80.1350628,12.9470863,80.1367137
edge-30119044-12123666613-249269150,30119044,node-12123666613,node-249269150,MIT Flyover Ramp,trunk_link,13.0,,yes,2,12.9495199,80.1385011,12.9495179,80.138621
edge-30119047-249269117-12954344971,30119047,node-249269117,node-12954344971,MIT Flyover Ramp,trunk_link,277.91,,yes,2,12.9490968,80.1385806,12.9470724,80.1370766
edge-30137300-310504041-2188756983,30137300,node-310504041,node-2188756983,Santhome High Road,primary,667.95,,yes,12,13.019,80.2674592,13.022825,80.2722103
edge-30137302-2188756981-264040311,30137302,node-2188756981,node-264040311,Santhome High Road,primary,666.12,,yes,14,13.0227555,80.2722554,13.0189362,80.2675193
edge-30209754-332382634-2185139091,30209754,node-332382634,node-2185139091,Vengambakkam Road,secondary,2602.35,,no,76,12.8684404,80.1303598,12.8889456,80.1368492
edge-30247198-333218852-333218970,30247198,node-333218852,node-333218970,Narayana Guru Salai,secondary,308.7,,yes,7,13.0877013,80.2608248,13.088607,80.2635124
edge-30247200-254491155-333218898,30247200,node-254491155,node-333218898,Jermiah Road,secondary,275.86,,yes,17,13.0855773,80.2629079,13.0866882,80.2606859
edge-30247201-249075323-249075324,30247201,node-249075323,node-249075324,Purasaiwalkam Flyover,secondary,268.57,,yes,3,13.0869856,80.2582889,13.0876576,80.2606701
edge-30247202-333218894-249075323,30247202,node-333218894,node-249075323,Purasaiwalkam Flyover,secondary,99.51,,yes,5,13.0869268,80.2592048,13.0869856,80.2582889
edge-30247203-333218954-249075323,30247203,node-333218954,node-249075323,Purasaiwalkam Flyover,secondary,91.51,,no,3,13.0867544,80.257479,13.0869856,80.2582889
edge-30247204-333218970-2485567680,30247204,node-333218970,node-2485567680,Narayana Guru Salai,secondary,709.23,,no,16,13.088607,80.2635124,13.0906645,80.2693822
edge-30278599-333719198-5458687168,30278599,node-333719198,node-5458687168,Thiruvalluvar Road,primary,350.54,,yes,12,12.9872327,80.2596265,12.9841207,80.2594411
edge-30278603-5225935887-10282022435,30278603,node-5225935887,node-10282022435,Thiruvalluvar Road,primary,22.9,,yes,2,12.9877251,80.2555688,12.9876994,80.2557785
edge-30303188-1702257683-2482301333,30303188,node-1702257683,node-2482301333,Thirumalai Pillai Road,secondary,836.19,,yes,35,13.045324,80.2400694,13.0524324,80.2408896
edge-30315134-1701428539-247685516,30315134,node-1701428539,node-247685516,Unnamed Road,primary_link,112.47,,yes,4,13.0506545,80.2488699,13.0513771,80.24958
edge-30424489-7769959760-13859512766,30424489,node-7769959760,node-13859512766,Medavakkam - Mambakkam - Sembakkam Road,primary,4232.84,2,yes,97,12.8807791,80.1706293,12.9098576,80.1914467
edge-30424589-7769959760-297472017,30424589,node-7769959760,node-297472017,Medavakkam - Mambakkam - Sembakkam Road,primary,1334.1,,no,14,12.8807791,80.1706293,12.8701521,80.1746379
edge-30598635-10281683503-10175146509,30598635,node-10281683503,node-10175146509,Bazaar Road,secondary,764.83,2,yes,30,12.9652122,80.2071462,12.9655186,80.2005331
edge-30598636-12157056339-1355465108,30598636,node-12157056339,node-1355465108,Major Mukund Varadharajan Salai,primary,49.54,,yes,2,12.9645798,80.2164817,12.9641632,80.2163197
edge-30598638-338282588-338282583,30598638,node-338282588,node-338282583,Velachery MRTS Bridge,primary,685.92,2,yes,2,12.9704783,80.2188288,12.9647335,80.2165229
edge-30604301-338406630-338406694,30604301,node-338406630,node-338406694,Velachery Bypass Road,primary,835.89,2,yes,20,12.9800506,80.2184067,12.9874624,80.2182229
edge-30604302-338406760-2157593527,30604302,node-338406760,node-2157593527,Velachery Main Road,secondary,312.42,2,yes,4,12.9916914,80.2194481,12.9939784,80.2177732
edge-30604310-338466283-338461524,30604310,node-338466283,node-338461524,Taramani Link Road,primary,183.73,2,yes,5,12.9811546,80.2358986,12.9811862,80.2342088
edge-30609727-338466259-338470521,30609727,node-338466259,node-338470521,Taramani Link Road,primary,156.55,,yes,7,12.9814077,80.2413822,12.9813991,80.2428268
edge-30609728-1453608032-246866969,30609728,node-1453608032,node-246866969,Taramani Link Road,primary,839.75,,yes,13,12.9803054,80.251105,12.9812939,80.2434352
edge-30620243-338637746-338637742,30620243,node-338637746,node-338637742,Porur Bridge,trunk,465.73,3,yes,5,13.0322796,80.1486501,13.0364271,80.1491479
edge-30620257-338637806-338637823,30620257,node-338637806,node-338637823,Porur Bridge,trunk,467.89,3,yes,5,13.0364256,80.1492886,13.0322545,80.1488133
edge-30622251-338666212-338733185,30622251,node-338666212,node-338733185,Chennai Bypass Expressway,trunk,693.53,3,yes,9,13.0493984,80.1498197,13.053431,80.154277
edge-30622252-338666198-338666202,30622252,node-338666198,node-338666202,Unnamed Road,trunk_link,29.15,,yes,5,13.04413,80.1497383,13.0441412,80.1495046
edge-30622253-338666198-338666204,30622253,node-338666198,node-338666204,Unnamed Road,trunk,132.68,1,yes,4,13.04413,80.1497383,13.0429409,80.1496762
edge-30622254-338666255-11121446097,30622254,node-338666255,node-11121446097,Unnamed Road,trunk,77.02,1,yes,3,13.0429424,80.149483,13.0436298,80.1495626
edge-30622255-338666255-338666202,30622255,node-338666255,node-338666202,Unnamed Road,trunk,133.36,1,yes,3,13.0429424,80.149483,13.0441412,80.1495046
edge-30666171-247686553-1701464442,30666171,node-247686553,node-1701464442,Unnamed Road,primary,22.02,,yes,2,13.0505526,80.2502488,13.050688,80.2501004
edge-30680569-30037967-14107300740,30680569,node-30037967,node-14107300740,Unnamed Road,primary,76.44,,yes,5,13.0021572,80.2004611,13.0014719,80.2005047
edge-30680589-280086989-300462968,30680589,node-280086989,node-300462968,Mount - Medavakkam Road,primary,77.39,,no,2,12.9975496,80.2006619,12.996893,80.2008989
edge-30739289-7780734128-1470581766,30739289,node-7780734128,node-1470581766,Manali Oil Refinary Road,primary,1020.88,,yes,11,13.1779873,80.2700344,13.1764592,80.2793308
edge-30739940-1184362163-9748317761,30739940,node-1184362163,node-9748317761,Thiruvottriyur – Ponneri – Panchetty Road,primary,3142.58,,yes,55,13.1807714,80.2699513,13.2089101,80.2708868
edge-30740036-9552440971-339984644,30740036,node-9552440971,node-339984644,Inner Ring Road,primary_link,58.94,,yes,5,13.1816935,80.2695387,13.1820309,80.2699232
edge-30740076-7780225786-4844022027,30740076,node-7780225786,node-4844022027,Inner Ring Road,primary,596.0,,yes,6,13.1815994,80.2700354,13.1815411,80.2645311
edge-30740164-7780225784-339984886,30740164,node-7780225784,node-339984886,Inner Ring Road,primary_link,45.68,,yes,4,13.1812923,80.2699477,13.1815887,80.2696721
edge-30740253-1184362494-339985386,30740253,node-1184362494,node-339985386,Thiruvottriyur – Ponneri – Panchetty Road,primary,216.81,,yes,3,13.1803239,80.270095,13.1783757,80.2701644
edge-30740612-339985386-339986190,30740612,node-339985386,node-339986190,Thiruvottriyur – Ponneri – Panchetty Road,primary,159.01,,yes,5,13.1783757,80.2701644,13.1769523,80.2703039
edge-30740709-339985386-339985324,30740709,node-339985386,node-339985324,Unnamed Road,primary_link,63.32,,yes,5,13.1783757,80.2701644,13.1779297,80.2705097
edge-30740711-339984589-339986189,30740711,node-339984589,node-339986189,Unnamed Road,primary_link,60.24,,yes,6,13.1778452,80.2706432,13.1775187,80.2702379
edge-30740712-13856045902-339984275,30740712,node-13856045902,node-339984275,Manali High Road,primary,1141.79,,yes,26,13.1860126,80.3073089,13.1812399,80.2989134
edge-30741445-2270608168-2270608170,30741445,node-2270608168,node-2270608170,EVR Periyar Salai,primary,16.65,2,yes,2,13.0749351,80.217631,13.0749577,80.217479
edge-30741869-340003061-276607954,30741869,node-340003061,node-276607954,Thirumangalam – Mogappair Road,primary,25.36,,yes,2,13.0871089,80.1986874,13.0871073,80.1984533
edge-30747131-340045569-9573507166,30747131,node-340045569,node-9573507166,Pallavaram Flyover,primary,478.77,2,yes,11,12.9592162,80.1497474,12.9602562,80.1455037
edge-30751002-331885587-249269141,30751002,node-331885587,node-249269141,Grand Southern Trunk Road,trunk,2145.13,2,yes,40,12.9300665,80.1211311,12.9441527,80.1346304
edge-30832653-300218387-256606653,30832653,node-300218387,node-256606653,PT Rajan Salai,secondary,701.09,,yes,10,13.0442386,80.2116112,13.0426093,80.2056033
edge-30833812-7810046661-277499974,30833812,node-7810046661,node-277499974,Arcot Road,primary,1670.28,,yes,60,13.0377731,80.1610229,13.0417457,80.1757158
edge-30851278-343155049-339997361,30851278,node-343155049,node-339997361,EVR Periyar Salai,primary,59.31,2,yes,2,13.0741557,80.2223795,13.0741989,80.2218337
edge-30851609-618647296-618647284,30851609,node-618647296,node-618647284,Anna Nagar 3rd Avenue,secondary,423.02,,yes,3,13.0922173,80.2183124,13.0884147,80.2182027
edge-30853108-259847050-262452045,30853108,node-259847050,node-262452045,Anna Nagar 3rd Avenue,secondary,212.74,,yes,3,13.0884206,80.2180606,13.0903323,80.2181396
edge-30853109-343170931-1952450382,30853109,node-343170931,node-1952450382,Anna Nagar 2nd Avenue,secondary,362.99,2,yes,8,13.0845946,80.2209262,13.0852392,80.2240492
edge-30972303-257932125-254491105,30972303,node-257932125,node-254491105,Brick Klin Road,primary,1350.46,,no,38,13.0979368,80.2514348,13.0858951,80.2504524
edge-31020302-3886211851-3886177210,31020302,node-3886211851,node-3886177210,Grand Northern Trunk Road (Old NH5),primary,898.42,,yes,24,13.1873683,80.1896137,13.1933008,80.1840092
edge-31020449-294092953-1184362386,31020449,node-294092953,node-1184362386,Kamarajar Salai,secondary,5304.38,,no,195,13.1632903,80.2286102,13.161355,80.2689238
edge-31241503-256025120-347346125,31241503,node-256025120,node-347346125,Poonamallee - Kundrathur - Pallavaram Road,primary,194.02,,no,2,12.9854089,80.1208017,12.9864188,80.1193414
edge-31242166-256024885-332093530,31242166,node-256024885,node-332093530,Chennai Bypass Expressway,trunk,98.91,3,yes,2,13.0110224,80.1273385,13.0119005,80.1274845
edge-31242167-332093564-332093563,31242167,node-332093564,node-332093563,Chennai Bypass Expressway,trunk,93.78,3,yes,2,13.0118724,80.127622,13.0110421,80.1274702
edge-31242168-332093563-347353689,31242168,node-332093563,node-347353689,Chennai Bypass Expressway,trunk,1663.98,3,yes,7,13.0110421,80.1274702,12.997014,80.1236675
edge-31242169-332093530-607970285,31242169,node-332093530,node-607970285,Chennai Bypass Expressway,trunk,1351.48,3,yes,10,13.0119005,80.1274845,13.0204011,80.1361633
edge-31242455-256025081-7794392131,31242455,node-256025081,node-7794392131,Chennai Bypass Expressway,trunk,1478.78,3,yes,7,12.972084,80.118602,12.985136,80.1208968
edge-31256783-277583496-3928918933,31256783,node-277583496,node-3928918933,Unnamed Road,secondary,667.81,,no,14,13.1367766,80.1315724,13.1308013,80.1311689
edge-31278354-30051246-12455694870,31278354,node-30051246,node-12455694870,Eldams Road,secondary,539.19,,no,16,13.0380739,80.2566429,13.0387472,80.2517158
edge-31336344-12159320529-7803206468,31336344,node-12159320529,node-7803206468,Chennai - Tiruttani - Renigunta Road,primary,172.05,,yes,9,13.1013467,80.1905627,13.1006773,80.1891581
edge-31336348-348997253-10266957937,31336348,node-348997253,node-10266957937,Unnamed Road,primary_link,85.21,,yes,5,13.101562,80.1943862,13.1018258,80.193693
edge-31336364-340003553-365696548,31336364,node-340003553,node-365696548,Jawaharlal Nehru Road (100 Feet Road),primary,1485.1,,yes,27,13.0991315,80.1956193,13.1115442,80.1970921
edge-31336388-310000576-11939525827,31336388,node-310000576,node-11939525827,Padi Flyover,primary,216.83,,yes,8,13.1001401,80.1949151,13.0989188,80.1964179
edge-31336389-310000590-310000701,31336389,node-310000590,node-310000701,Padi Flyover,primary,165.78,,yes,9,13.1001112,80.1946073,13.101514,80.1941332
edge-31336414-310002593-310002350,31336414,node-310002593,node-310002350,Padi Flyover,primary,277.94,,yes,4,13.1026341,80.1970853,13.1018166,80.1946614
edge-31336419-348997142-9737579698,31336419,node-348997142,node-9737579698,Unnamed Road,primary_link,281.9,,yes,7,13.1014607,80.1905313,13.1019995,80.1930555
edge-31336423-276608678-348997142,31336423,node-276608678,node-348997142,Chennai - Tiruttani - Renigunta Road,primary,159.54,,yes,5,13.1008739,80.1892176,13.1014607,80.1905313
edge-31336519-300197388-1197445116,31336519,node-300197388,node-1197445116,Thillaiganga Nagar Subway,primary,191.59,,yes,3,12.9945224,80.1934215,12.9927999,80.1934576
edge-31724916-6331062300-1701428539,31724916,node-6331062300,node-1701428539,Gopathi Narayanaswami Road,secondary,238.28,,yes,6,13.0493144,80.247162,13.0506545,80.2488699
edge-31748495-276611288-276611135,31748495,node-276611288,node-276611135,Unnamed Road,secondary,77.04,2,no,4,13.0854408,80.1881903,13.0853256,80.1874916
edge-31893925-1975496643-1975496427,31893925,node-1975496643,node-1975496427,Mahalingapuram Main Road,secondary,824.19,2,yes,23,13.0611425,80.2375496,13.0561275,80.234784
edge-31897157-247692001-247692000,31897157,node-247692001,node-247692000,Unnamed Road,secondary,28.77,,yes,2,13.0643907,80.280742,13.0643994,80.2810075
edge-31897158-247692000-270432724,31897158,node-247692000,node-270432724,Wallajah Road,secondary,280.4,,yes,11,13.0643994,80.2810075,13.0641519,80.283516
edge-31958835-309196369-309196351,31958835,node-309196369,node-309196351,Anna Flyover,primary,8.84,,yes,2,13.0533907,80.2525012,13.0533394,80.2524389
edge-31958838-357985282-1701464454,31958838,node-357985282,node-1701464454,Anna Flyover,primary,184.07,,yes,5,13.0499637,80.2498037,13.0515514,80.2502562
edge-31959760-358003303-11634160743,31959760,node-358003303,node-11634160743,RA Puram 2nd Main Road,secondary,6.25,,no,2,13.0270527,80.2602277,13.0270386,80.2602835
edge-31959761-358003308-243323039,31959761,node-358003308,node-243323039,Venkatakrishna Road,secondary,313.6,,no,6,13.0269824,80.2604964,13.0266051,80.2633621
edge-31962666-248454204-313027927,31962666,node-248454204,node-313027927,Mount - Poonamallee - Avadi Road,primary,2940.49,,yes,58,13.045387,80.1170762,13.0368669,80.1425683
edge-31985103-294091596-294092189,31985103,node-294091596,node-294092189,Madhavaram Milk Colony Road,secondary,1020.11,,no,27,13.1587987,80.2439751,13.1668948,80.2450871
edge-32142573-309323988-264481257,32142573,node-309323988,node-264481257,McNichols Road,primary,185.82,,yes,4,13.0678839,80.2428254,13.0663355,80.243467
edge-32142576-309322933-360844426,32142576,node-309322933,node-360844426,Munro Bridge,primary,81.41,,yes,2,13.0678639,80.2427481,13.0685686,80.2425442
edge-32142579-360844426-12722171817,32142579,node-360844426,node-12722171817,McNichols Road,primary,69.61,,yes,5,13.0685686,80.2425442,13.069162,80.2423402
edge-32142586-360844460-309323988,32142586,node-360844460,node-309323988,Munro Bridge,primary,81.4,,yes,2,13.0685904,80.2426286,13.0678839,80.2428254
edge-32235724-2241075468-2197202984,32235724,node-2241075468,node-2197202984,Dr Nair Road,secondary,9.54,,no,2,13.0403443,80.2405018,13.0404293,80.2405137
edge-32424222-30038749-10883767597,32424222,node-30038749,node-10883767597,Jafferkhanpet Bridge,primary,371.43,,yes,12,13.0256568,80.2070696,13.0286396,80.2085793
edge-32424225-10883767597-277500941,32424225,node-10883767597,node-277500941,Inner Ring Road,primary,388.18,,yes,10,13.0286396,80.2085793,13.032008,80.2095127
edge-32427232-30039105-670686376,32427232,node-30039105,node-670686376,Mount - Poonamallee - Avadi Road,primary,234.33,1,yes,11,13.0086232,80.1962898,13.0106377,80.1958341
edge-32427417-310004914-364650619,32427417,node-310004914,node-364650619,Mount - Poonamallee - Avadi Road,primary,161.77,2,yes,2,13.0185999,80.1865813,13.0198615,80.1858377
edge-32427418-364650583-310004916,32427418,node-364650583,node-310004916,Mount - Poonamallee - Avadi Road,primary,158.38,2,yes,2,13.0199176,80.1859771,13.0186806,80.1867019
edge-32427422-364650619-1184327158,32427422,node-364650619,node-1184327158,Mount - Poonamallee - Avadi Road,primary,464.15,,yes,16,13.0198615,80.1858377,13.0218266,80.182096
edge-32427668-364552454-10883767588,32427668,node-364552454,node-10883767588,Jafferkhanpet Bridge,primary,381.39,,yes,12,13.0286417,80.2086659,13.0255753,80.2071224
edge-32488334-30051246-247687720,32488334,node-30051246,node-247687720,Eldams Road,secondary,16.67,,no,2,13.0380739,80.2566429,13.038053,80.2567953
edge-32520300-7803206472-7037576145,32520300,node-7803206472,node-7037576145,Chennai - Tiruttani - Renigunta Road,primary,1242.93,2,yes,29,13.0981864,80.1753843,13.0997802,80.1865885
edge-32520390-310008545-348997250,32520390,node-310008545,node-348997250,Padi Flyover,primary,43.11,,yes,3,13.1049701,80.1944842,13.1053169,80.194598
edge-32520393-365693764-310008546,32520393,node-365693764,node-310008546,Padi Flyover,primary,64.43,,yes,3,13.1052937,80.1947097,13.1047319,80.1947306
edge-32520563-1109183341-11032124253,32520563,node-1109183341,node-11032124253,Jawaharlal Nehru Road (100 Feet Road),primary,1726.27,5,yes,42,13.1201016,80.1991766,13.1290348,80.2117717
edge-32520573-365696548-365696486,32520573,node-365696548,node-365696486,Jawaharlal Nehru Road (100 Feet Road),primary,69.84,,yes,2,13.1115442,80.1970921,13.1121685,80.197163
edge-32520581-30038705-340003313,32520581,node-30038705,node-340003313,Jawaharlal Nehru Road (100 Feet Road),primary,2157.02,,yes,41,13.1115413,80.1972148,13.0949247,80.1987367
edge-32520600-365696639-30038705,32520600,node-365696639,node-30038705,Jawaharlal Nehru Road (100 Feet Road),primary,68.25,,yes,2,13.1121513,80.1972851,13.1115413,80.1972148
edge-32543791-10970891292-10970897505,32543791,node-10970891292,node-10970897505,Abraham Bridge,secondary,278.94,,no,8,13.0183082,80.2187109,13.0167619,80.2167029
edge-32543792-10970891280-247714177,32543792,node-10970891280,node-247714177,Alandur Road,secondary,578.8,,no,13,13.0162347,80.2157009,13.0118396,80.2128717
edge-32545042-365988846-11770425256,32545042,node-365988846,node-11770425256,Velachery Main Road,secondary,1769.65,2,yes,36,13.0113903,80.2232821,12.9971743,80.2165526
edge-32551517-30037862-30037863,32551517,node-30037862,node-30037863,Anna Salai (Mount Road),primary,465.21,,yes,11,13.0109201,80.2170576,13.012363,80.2210838
edge-32551518-366083008-2142288353,32551518,node-366083008,node-2142288353,Anna Salai (Mount Road),primary,580.77,,yes,13,13.010055,80.2147351,13.008165,80.2097415
edge-32646862-367026937-367026905,32646862,node-367026937,node-367026905,Music Academy Flyover,primary,494.05,,yes,9,13.0449063,80.262207,13.0456934,80.2577261
edge-32648128-2197639884-10945638499,32648128,node-2197639884,node-10945638499,Pantheon Road,secondary,430.44,,yes,16,13.0757524,80.2643132,13.0732499,80.2613145
edge-32875901-277498133-277433905,32875901,node-277498133,node-277433905,Viswanathapuram Main Road,secondary,475.45,,yes,8,13.0508567,80.2272452,13.0467058,80.226224
edge-32895441-310004916-2010335682,32895441,node-310004916,node-2010335682,Mount - Poonamallee - Avadi Road,primary,100.45,3,yes,4,13.0186806,80.1867019,13.0179598,80.1872539
edge-32944689-278989959-256127481,32944689,node-278989959,node-256127481,Defence Colony Road,secondary,404.91,,yes,9,13.0142579,80.1962382,13.0106444,80.1959435
edge-33071140-9577445282-282004004,33071140,node-9577445282,node-282004004,Thiruvottriyur – Ponneri – Panchetty Road,primary,223.37,,yes,10,13.1541775,80.2848731,13.1539415,80.282927
edge-33071141-321192794-1184362119,33071141,node-321192794,node-1184362119,Thiruvottriyur – Ponneri – Panchetty Road,primary,1127.26,,yes,24,13.1540255,80.2750151,13.1617868,80.2691705
edge-33276954-378011612-378011600,33276954,node-378011612,node-378011600,Kotturpuram Bridge,secondary,300.65,,yes,2,13.0242205,80.2430679,13.0267829,80.2439536
edge-33622114-254491132-254491104,33622114,node-254491132,node-254491104,Dr Alagappa Road,secondary,545.24,,yes,20,13.081772,80.2542563,13.0816366,80.2496246
edge-33625352-13327863193-13880733743,33625352,node-13327863193,node-13880733743,Unnamed Road,secondary_link,249.13,,yes,7,13.0695209,80.2568144,13.0710661,80.2584632
edge-33625355-259509987-259509976,33625355,node-259509987,node-259509976,Peters Road,secondary,235.54,,yes,5,13.0545149,80.2578927,13.0543165,80.2600576
edge-33625356-384600365-243061240,33625356,node-384600365,node-243061240,Musiri Subramanium Road,secondary,799.74,,yes,23,13.0388619,80.2573777,13.0397999,80.2646004
edge-33625358-1685049658-247688168,33625358,node-1685049658,node-247688168,Unnamed Road,secondary,214.01,,yes,8,13.0407049,80.2583616,13.0390046,80.2574747
edge-33788897-247688961-384600347,33788897,node-247688961,node-384600347,Alwarpet Flyover,secondary,329.21,,yes,5,13.0406141,80.2583076,13.0380885,80.2567322
edge-33876005-2800814703-12159690681,33876005,node-2800814703,node-12159690681,Nelson Manickam Road,secondary,213.21,2,yes,9,13.072479,80.2212346,13.0742637,80.2207605
edge-34028127-10175133024-1184327132,34028127,node-10175133024,node-1184327132,Anna Main Road,secondary,33.16,,yes,3,13.0359234,80.2043318,13.0359488,80.2040269
edge-34028128-12124205155-1184327292,34028128,node-12124205155,node-1184327292,Anna Main Road,secondary,1238.75,,yes,16,13.0379885,80.1928175,13.0360782,80.2039338
edge-34028129-11220909946-7204002657,34028129,node-11220909946,node-7204002657,Ashok Pillar Road,secondary,451.4,,yes,9,13.0358165,80.2057589,13.0351943,80.2098764
edge-34028130-308316995-11220909947,34028130,node-308316995,node-11220909947,Ashok Pillar Road,secondary,448.78,,yes,12,13.035095,80.2098429,13.0356997,80.2057471
edge-34050706-256606655-256606636,34050706,node-256606655,node-256606636,Anna Main Road,secondary,932.77,,yes,19,13.0363389,80.2014014,13.0376334,80.192902
edge-34159265-6749046128-276608308,34159265,node-6749046128,node-276608308,Ambattur Estate Road,primary,117.33,2,yes,4,13.0888092,80.1685238,13.0887777,80.1696061
edge-34159266-276607954-1184293094,34159266,node-276607954,node-1184293094,Thirumangalam – Mogappair Road,primary,682.58,3,yes,13,13.0871073,80.1984533,13.08738,80.1921607
edge-34160165-10280133247-247714177,34160165,node-10280133247,node-247714177,Unnamed Road,secondary,369.26,,no,10,13.0131716,80.2098294,13.0118396,80.2128717
edge-34231592-277500098-277515542,34231592,node-277500098,node-277515542,Unnamed Road,secondary,358.43,,no,11,13.0526464,80.177584,13.0527547,80.1743301
edge-34231612-277499974-277500097,34231612,node-277499974,node-277500097,Sri Devi Kuppam Main Road,secondary,989.02,,no,29,13.0417457,80.1757158,13.0502779,80.1775844
edge-34248513-277500097-277500098,34248513,node-277500097,node-277500098,Sri Devi Kuppam Main Road,secondary,263.45,,no,10,13.0502779,80.1775844,13.0526464,80.177584
edge-34248734-338706347-256019873,34248734,node-338706347,node-256019873,Chennai Bypass Expressway,trunk,45.12,3,yes,2,13.053463,80.154661,13.0532666,80.1542965
edge-34248735-256019873-338666254,34248735,node-256019873,node-338666254,Chennai Bypass Expressway,trunk,669.17,3,yes,9,13.0532666,80.1542965,13.0493875,80.1499945
edge-34248736-338733185-338733196,34248736,node-338733185,node-338733196,Chennai Bypass Expressway,trunk,41.0,3,yes,2,13.053431,80.154277,13.0536132,80.1546061
edge-34248737-338733196-7590634895,34248737,node-338733196,node-7590634895,Chennai Bypass Expressway,trunk,1052.15,3,yes,11,13.0536132,80.1546061,13.0602233,80.160976
edge-34549705-277434356-10175118715,34549705,node-277434356,node-10175118715,2nd Avenue,secondary,239.6,,yes,5,13.0445592,80.2147868,13.0443599,80.2125864
edge-34570586-276611134-276611135,34570586,node-276611134,node-276611135,Valaiyapathy Road,secondary,436.05,,no,10,13.0814308,80.1879443,13.0853256,80.1874916
edge-34570597-12704032780-1866152349,34570597,node-12704032780,node-1866152349,1st Ave,secondary,309.5,2,yes,7,13.0804873,80.1617949,13.0809793,80.1645766
edge-34620487-402333020-6759185104,34620487,node-402333020,node-6759185104,Senthil Nagar 2nd Main Rd,secondary,593.97,,no,14,13.1187207,80.2058393,13.1240324,80.2054263
edge-34620541-6770945714-402350944,34620541,node-6770945714,node-402350944,Vivekananda Nagar Main Road,secondary,547.3,1,no,18,13.123898,80.2015375,13.128819,80.2016226
edge-34621727-277589268-402352504,34621727,node-277589268,node-402352504,Madanankuppam Road,secondary,1924.04,,no,70,13.1355444,80.1905679,13.1329412,80.17363
edge-34622026-402350944-402355085,34622026,node-402350944,node-402355085,Unnamed Road,secondary,260.89,,no,13,13.128819,80.2016226,13.1306493,80.2023789
edge-34627033-7045917740-7794274660,34627033,node-7045917740,node-7794274660,Unnamed Road,trunk_link,77.12,,yes,3,13.1157698,80.1642732,13.115092,80.1641546
edge-34627104-6776243016-14059916540,34627104,node-6776243016,node-14059916540,Bazaar Street,secondary,407.19,,no,11,13.1101569,80.152282,13.11329,80.1541142
edge-34627128-276740897-276744457,34627128,node-276740897,node-276744457,Kalli Kuppam Road (KKRoad),secondary,554.75,,no,16,13.1185829,80.1574137,13.1146094,80.1545029
edge-34627248-402518211-402518214,34627248,node-402518211,node-402518214,South Park Street,secondary,409.62,,no,10,13.1178611,80.1532649,13.1195666,80.1499281
edge-34632908-10279425236-262308298,34632908,node-10279425236,node-262308298,Chozhambedu Main Road,secondary,2443.4,,no,53,13.1184735,80.1450933,13.1307284,80.1314696
edge-34634424-11786498337-2165508042,34634424,node-11786498337,node-2165508042,Madhavaram - Red Hills Road,primary,421.78,2,yes,16,13.1332076,80.2397814,13.1364919,80.2380901
edge-34634447-373100551-247436736,34634447,node-373100551,node-247436736,Ennore High Road,secondary,2320.77,,no,27,13.1482345,80.2859258,13.1286691,80.278722
edge-34690559-10584852014-5308406682,34690559,node-10584852014,node-5308406682,"2nd Avenue, Anna Nagar West",secondary,2076.12,2,yes,15,13.0846237,80.2178056,13.0853351,80.1986534
edge-35007590-410615449-410615629,35007590,node-410615449,node-410615629,Unnamed Road,secondary,123.31,,no,8,13.02665,80.2660337,13.026383,80.2652359
edge-35283340-254143117-254143129,35283340,node-254143117,node-254143129,Grand Northern Trunk Road,trunk,286.46,,yes,5,13.1052961,80.2709105,13.1071903,80.2691327
edge-35283349-413576663-413576667,35283349,node-413576663,node-413576667,Basin Bridge,trunk,119.74,,yes,6,13.1044139,80.2717171,13.1038517,80.2726184
edge-35283352-9725969721-311313186,35283352,node-9725969721,node-311313186,Basin Bridge Road,primary,286.24,,yes,7,13.1041824,80.2747464,13.1049883,80.2772529
edge-35372124-5458607973-10536397446,35372124,node-5458607973,node-10536397446,Whites Road,secondary,177.33,,yes,10,13.057802,80.2651238,13.0578594,80.2635995
edge-35572140-319489535-1183401913,35572140,node-319489535,node-1183401913,Kalki Krishnamurty Road,secondary,128.91,,yes,9,12.9827397,80.2526657,12.9818238,80.2530305
edge-38916672-7831289795-289177114,38916672,node-7831289795,node-289177114,Suryanarayana Street,primary,948.8,,yes,18,13.1062163,80.2911391,13.1146421,80.2924966
edge-42020510-310535939-6804537842,42020510,node-310535939,node-6804537842,South Avenue,secondary,102.94,,no,3,12.984174,80.2576927,12.9832551,80.2575773
edge-47109385-600666572-311291105,47109385,node-600666572,node-311291105,Unnamed Road,primary,11.14,,yes,3,13.1027981,80.2903918,13.1028938,80.2904209
edge-47274636-249798531-259686145,47274636,node-249798531,node-259686145,Royapettah High Road,secondary,183.71,1,yes,9,13.0539183,80.2642145,13.0523599,80.2638228
edge-47274816-243064550-2188511111,47274816,node-243064550,node-2188511111,RK Mutt Road,secondary,629.55,,no,17,13.0292597,80.2664844,13.0346403,80.2680223
edge-47274829-407982148-12429439974,47274829,node-407982148,node-12429439974,Luz Church Road,secondary,283.96,,yes,8,13.0376204,80.2643051,13.0371166,80.2668498
edge-47800434-607970283-607970286,47800434,node-607970283,node-607970286,Chennai Bypass Expressway,trunk,102.24,3,yes,2,13.0209146,80.137042,13.0203292,80.1363143
edge-47800435-607970284-338637746,47800435,node-607970284,node-338637746,Chennai Bypass Expressway,trunk,1810.34,3,yes,8,13.020989,80.1368908,13.0322796,80.1486501
edge-47800436-607970285-607970284,47800436,node-607970285,node-607970284,Chennai Bypass Expressway,trunk,102.4,3,yes,2,13.0204011,80.1361633,13.020989,80.1368908
edge-47800437-607970286-332093564,47800437,node-607970286,node-332093564,Chennai Bypass Expressway,trunk,1348.39,3,yes,16,13.0203292,80.1363143,13.0118724,80.127622
edge-47997896-12757036711-610410608,47997896,node-12757036711,node-610410608,Elephant Gate Bridge Road,secondary,151.66,,yes,5,13.0924182,80.2705742,13.0930077,80.2717752
edge-47997897-247438030-12757036710,47997897,node-247438030,node-12757036710,Elephant Gate Bridge Road,secondary,158.84,,yes,6,13.0929094,80.2718427,13.0923101,80.2705807
edge-47997898-610410615-11431663711,47997898,node-610410615,node-11431663711,Elephant Gate Bridge Road,secondary,124.64,,yes,10,13.0938441,80.2730507,13.0932832,80.2739237
edge-47997899-610410570-11292812953,47997899,node-610410570,node-11292812953,Elephant Gate Bridge Road,secondary,388.94,,yes,22,13.0907884,80.2694012,13.0939892,80.2683862
edge-47997903-610410608-610410615,47997903,node-610410608,node-610410615,Elephant Gate Bridge,secondary,166.53,,yes,2,13.0930077,80.2717752,13.0938441,80.2730507
edge-47997904-247438029-247438030,47997904,node-247438029,node-247438030,Elephant Gate Bridge,secondary,166.54,,yes,2,13.0937439,80.2731196,13.0929094,80.2718427
edge-48048783-11936667483-610889127,48048783,node-11936667483,node-610889127,Basin Bridge Road,primary,592.84,,yes,5,13.0982139,80.268407,13.1029471,80.2704914
edge-48048787-610889127-610889134,48048787,node-610889127,node-610889134,Unnamed Road,primary,171.8,,yes,7,13.1029471,80.2704914,13.1043437,80.2708505
edge-48132792-611733908-254491105,48132792,node-611733908,node-254491105,Millers Road,primary,13.9,,no,2,13.0857918,80.2503802,13.0858951,80.2504524
edge-48741384-618642004-618642002,48741384,node-618642004,node-618642002,Portious Road,secondary,41.39,,no,2,13.1027677,80.2313622,13.1025415,80.2310587
edge-52919037-310004778-278989911,52919037,node-310004778,node-278989911,Unnamed Road,secondary,12.24,,no,2,13.0144133,80.1933075,13.0145011,80.1933757
edge-52981075-671200714-671200715,52981075,node-671200714,node-671200715,Uturn to Adayar,primary_link,15.26,,no,2,13.0067165,80.2406158,13.0068528,80.2406323
edge-53348306-674685452-2272421693,53348306,node-674685452,node-2272421693,Morasali Maran Flyover,primary,136.91,,yes,8,13.1094768,80.2434907,13.109394,80.2423714
edge-53348311-10704075434-9365002393,53348311,node-10704075434,node-9365002393,Perambur High Road,primary,85.25,,yes,5,13.1068561,80.2478802,13.1066206,80.2486213
edge-53348313-7043497231-12706542880,53348313,node-7043497231,node-12706542880,Perambur High Road,primary,223.23,,yes,5,13.1085509,80.2440618,13.1084688,80.242022
edge-53348315-311280831-2272421693,53348315,node-311280831,node-2272421693,Unnamed Road,secondary,27.74,,yes,5,13.1096122,80.2422805,13.109394,80.2423714
edge-53348524-674687740-2272421618,53348524,node-674687740,node-2272421618,Perambur High Road,primary,191.19,,yes,6,13.1072599,80.2452302,13.1070932,80.243485
edge-55556333-257439198-11495764263,55556333,node-257439198,node-11495764263,Kalki Krishnamurty Road,secondary,86.99,,yes,6,12.9827366,80.2546692,12.9821057,80.2542648
edge-58502978-8528955103-314643678,58502978,node-8528955103,node-314643678,NSK Salai,primary,136.91,,yes,4,13.0501817,80.2134278,13.0506076,80.2146095
edge-58503040-315260922-7027588134,58503040,node-315260922,node-7027588134,Jawaharlal Nehru Road (100 Feet Road),primary,760.9,,yes,10,13.0443017,80.2124429,13.0374591,80.2124417
edge-59294067-7590634897-735219593,59294067,node-7590634897,node-735219593,Ambattur Ramp,trunk_link,120.59,2,yes,8,13.0604926,80.160104,13.0606716,80.161008
edge-59294068-7590634896-338706347,59294068,node-7590634896,node-338706347,Chennai Bypass Expressway,trunk,1071.03,3,yes,10,13.0602191,80.1611234,13.053463,80.154661
edge-59294069-735219883-7590634899,59294069,node-735219883,node-7590634899,Poonamallee Exit,trunk_link,152.87,2,yes,12,13.0607975,80.161157,13.060624,80.1621665
edge-59294071-735220068-6819136600,59294071,node-735220068,node-6819136600,EVR Periyar Salai,primary,1900.97,3,yes,59,13.0613963,80.1627616,13.0677523,80.1782802
edge-59294072-735219555-735219883,59294072,node-735219555,node-735219883,Maduravoyal Interchange,trunk,384.56,3,yes,4,13.0642556,80.1611109,13.0607975,80.161157
edge-59294073-735220096-13315849769,59294073,node-735220096,node-13315849769,Chennai Bypass Expressway,trunk,1773.18,3,yes,7,13.0642492,80.1609762,13.08019,80.1612517
edge-59294074-338720839-735219552,59294074,node-338720839,node-735219552,EVR Periyar Salai,primary,1981.08,3,yes,48,13.0754202,80.1965987,13.0687754,80.180115
edge-59294075-735219580-735219931,59294075,node-735219580,node-735219931,Unnamed Road,trunk_link,84.61,2,yes,6,13.0613705,80.1616394,13.0618429,80.1621752
edge-59294076-338733228-11484549883,59294076,node-338733228,node-11484549883,Poonamallee Exit,trunk_link,369.45,2,yes,14,13.0579994,80.1603001,13.0608199,80.1597894
edge-59294077-735219630-735219199,59294077,node-735219630,node-735219199,Unnamed Road,trunk_link,72.93,2,yes,9,13.0615134,80.159325,13.0618738,80.1598522
edge-59294078-7590634895-735219600,59294078,node-7590634895,node-735219600,Maduravoyal Interchange,trunk,300.19,3,yes,4,13.0602233,80.160976,13.0629218,80.1609886
edge-59294079-735220052-735219566,59294079,node-735220052,node-735219566,City Exit,trunk_link,202.1,2,yes,14,13.0629495,80.1611215,13.0618004,80.1622923
edge-59294080-735219976-735219703,59294080,node-735219976,node-735219703,City Exit,trunk_link,215.4,2,yes,15,13.0615758,80.1610002,13.0617256,80.1599851
edge-59294081-6774497770-735219813,59294081,node-6774497770,node-735219813,Irumbuliyur Ramp,trunk_link,376.18,2,yes,23,13.0611448,80.1626994,13.0585613,80.1607493
edge-59909741-9902246594-978534779,59909741,node-9902246594,node-978534779,Inner Ring Road (Southern Sector),primary,306.86,,yes,7,12.9838926,80.1959977,12.9866238,80.1957262
edge-60477211-257439279-11645087672,60477211,node-257439279,node-11645087672,Kalki Krishnamurty Road,secondary,306.24,,no,11,12.9835678,80.2548769,12.9862428,80.255548
edge-62069831-303283585-2271543364,62069831,node-303283585,node-2271543364,Muthuswamy Road,primary,113.83,,yes,4,13.082277,80.2817846,13.0815217,80.2810762
edge-68739091-276608309-13049810085,68739091,node-276608309,node-13049810085,Unnamed Road,primary,1331.6,,yes,26,13.0893764,80.161322,13.1013311,80.1620012
edge-68739095-254122205-247435510,68739095,node-254122205,node-247435510,Unnamed Road,primary,98.08,,yes,6,13.10633,80.2912907,13.1059989,80.2920422
edge-69602345-832908057-832907967,69602345,node-832908057,node-832907967,EVR Periyar Salai Flyover Ramp,primary_link,116.08,2,yes,11,13.0763761,80.1998685,13.0768406,80.1995198
edge-69602347-832908289-833105011,69602347,node-832908289,node-833105011,Unnamed Road,primary_link,270.64,1,yes,17,13.076324,80.2005809,13.074276,80.1999988
edge-69602358-6503577741-832908378,69602358,node-6503577741,node-832908378,Unnamed Road,primary_link,117.4,2,yes,6,13.0755168,80.1966109,13.0758868,80.1976067
edge-69602360-832908292-832908063,69602360,node-832908292,node-832908063,EVR Periyar Salai Flyover Ramp,primary_link,69.24,2,yes,6,13.0753313,80.1994009,13.0754215,80.1999275
edge-69610245-832908035-833105014,69610245,node-832908035,node-833105014,EVR Periyar Salai Flyover,primary,360.79,2,yes,9,13.0763914,80.2007413,13.0756657,80.1975036
edge-69610247-832908116-832908131,69610247,node-832908116,node-832908131,EVR Periyar Salai Flyover Ramp,primary_link,214.72,2,yes,11,13.0755433,80.2001241,13.0751598,80.1992279
edge-69610253-832908131-12159414122,69610253,node-832908131,node-12159414122,EVR Periyar Salai Flyover Ramp,primary_link,62.37,,yes,3,13.0751598,80.1992279,13.075714,80.1991397
edge-69610255-832908063-832908047,69610255,node-832908063,node-832908047,EVR Periyar Salai Flyover Ramp,primary_link,119.65,2,yes,9,13.0754215,80.1999275,13.0761803,80.1994627
edge-69610256-357936503-315263564,69610256,node-357936503,node-315263564,Jawaharlal Nehru Road (100 Feet Road),primary,1039.31,,yes,23,13.0699825,80.2050666,13.0636875,80.2117185
edge-69610257-832907967-832908432,69610257,node-832907967,node-832908432,EVR Periyar Salai Flyover Ramp,primary_link,35.32,2,yes,3,13.0768406,80.1995198,13.076685,80.1992409
edge-69610258-262454145-6497877504,69610258,node-262454145,node-6497877504,Jawaharlal Nehru Road (100 Feet Road),primary,365.42,,yes,9,13.0697923,80.2049411,13.0719181,80.2023768
edge-69610259-391489411-735219973,69610259,node-391489411,node-735219973,EVR Periyar Salai,primary,1524.01,3,yes,47,13.0668355,80.1751864,13.0612517,80.1629775
edge-69610260-833105032-832908454,69610260,node-833105032,node-832908454,EVR Periyar Salai Flyover,primary,106.68,2,yes,3,13.075757,80.1974974,13.0760228,80.1984436
edge-69610261-832908442-832908454,69610261,node-832908442,node-832908454,EVR Periyar Salai Flyover Ramp,primary_link,141.36,2,yes,11,13.0767048,80.1985233,13.0760228,80.1984436
edge-71888342-735219199-735219600,71888342,node-735219199,node-735219600,Ambattur Ramp,trunk_link,191.27,2,yes,22,13.0618738,80.1598522,13.0629218,80.1609886
edge-71888343-735219703-256019133,71888343,node-735219703,node-256019133,Unnamed Road,trunk_link,61.51,2,yes,5,13.0617256,80.1599851,13.0614013,80.1604364
edge-71888344-735219931-735219554,71888344,node-735219931,node-735219554,Irumbuliyur Ramp,trunk_link,174.29,2,yes,15,13.0618429,80.1621752,13.0620903,80.1611414
edge-71888345-735219566-735220068,71888345,node-735219566,node-735220068,Unnamed Road,trunk_link,71.35,2,yes,5,13.0618004,80.1622923,13.0613963,80.1627616
edge-74276925-878329653-964604318,74276925,node-878329653,node-964604318,Pallavaram Flyover,trunk,31.99,,yes,3,12.9585182,80.1445812,12.958326,80.1443963
edge-78167600-309417596-918202883,78167600,node-309417596,node-918202883,Chennai Bypass,trunk_link,100.86,3,yes,2,13.1524181,80.2100906,13.15155,80.2098207
edge-78167601-402304003-294000737,78167601,node-402304003,node-294000737,Chennai Bypass Expressway,trunk,2935.27,3,yes,14,13.1139005,80.1641242,13.0877005,80.1613819
edge-78167602-1123352253-309417596,78167602,node-1123352253,node-309417596,Chennai Bypass,trunk_link,357.56,3,yes,41,13.1524806,80.2095317,13.1524181,80.2100906
edge-82874903-878329651-964603780,82874903,node-878329651,node-964603780,Pallavaram Flyover,trunk,215.59,,yes,3,12.958647,80.1442915,12.9603785,80.1451866
edge-82874908-964603513-878329650,82874908,node-964603513,node-878329650,Pallavaram Flyover,trunk,359.53,,yes,4,12.9605101,80.1452304,12.9633571,80.1467928
edge-82874914-964604523-964603449,82874914,node-964604523,node-964603449,Pallavaram Flyover,primary,483.64,2,yes,9,12.9603865,80.1455644,12.95926,80.1498248
edge-82874916-964603900-878329655,82874916,node-964603900,node-878329655,Pallavaram Flyover,trunk,33.68,,yes,3,12.9634803,80.1471406,12.9632014,80.1470746
edge-82874919-964604585-964604092,82874919,node-964604585,node-964604092,Pallavaram - Thoraipakkam Road,primary,1717.16,2,yes,24,12.9545403,80.1589101,12.951306,80.1743983
edge-82874924-878329655-13457899913,82874924,node-878329655,node-13457899913,Pallavaram Flyover,trunk,350.28,,yes,4,12.9632014,80.1470746,12.9604184,80.1455602
edge-82874926-9573507166-9573507166,82874926,node-9573507166,node-9573507166,Pallavaram Flyover,trunk,128.31,2,yes,23,12.9602562,80.1455037,12.9602562,80.1455037
edge-82874927-12954368158-878329653,82874927,node-12954368158,node-878329653,Pallavaram Flyover,trunk,211.75,,yes,4,12.960223,80.1454518,12.9585182,80.1445812
edge-82874934-12157110955-878329651,82874934,node-12157110955,node-878329651,Pallavaram Flyover,trunk,27.19,,yes,3,12.9584157,80.144251,12.958647,80.1442915
edge-82881748-964671672-10285915472,82881748,node-964671672,node-10285915472,Major Mukund Varadharajan Road Flyover,primary,542.63,3,yes,2,12.950782,80.2109681,12.9462318,80.2091587
edge-82881750-964671673-964671659,82881750,node-964671673,node-964671659,Velachery Main Road,primary,39.14,3,yes,3,12.9454726,80.2087023,12.9458064,80.2088169
edge-82881753-13432320698-7823010977,82881753,node-13432320698,node-7823010977,Pallavaram - Thoraipakkam Road,primary,1104.27,3,yes,16,12.9484838,80.1954707,12.9490814,80.1853024
edge-82881757-10285915471-964671676,82881757,node-10285915471,node-964671676,Major Mukund Varadharajan Road Flyover,primary,544.8,3,yes,2,12.9462538,80.209047,12.9508252,80.2108557
edge-82881760-978454279-249112790,82881760,node-978454279,node-249112790,Major Mukund Varadharajan Salai,primary,836.73,3,yes,20,12.9565214,80.2130794,12.963531,80.2158831
edge-82881762-964603781-978589508,82881762,node-964603781,node-978589508,Pallavaram - Thoraipakkam Road,primary,70.64,,yes,2,12.948523,80.2101804,12.94851,80.2108321
edge-83075005-309061637-966544198,83075005,node-309061637,node-966544198,Pallavan Salai,secondary,44.13,,yes,3,13.0735535,80.2765139,13.0739188,80.27636
edge-83075009-966544198-2241833408,83075009,node-966544198,node-2241833408,Pallavan Salai,secondary,355.79,,yes,10,13.0739188,80.27636,13.077115,80.276213
edge-84017428-30038725-338720839,84017428,node-30038725,node-338720839,Unnamed Road,primary_link,294.68,2,yes,10,13.0754064,80.1990697,13.0754202,80.1965987
edge-84017431-832907964-30037265,84017431,node-832907964,node-30037265,Unnamed Road,primary_link,286.94,2,yes,14,13.0770728,80.1991033,13.0763573,80.2015481
edge-84017432-832908198-832908289,84017432,node-832908198,node-832908289,Unnamed Road,primary_link,78.96,1,yes,9,13.0762401,80.2013033,13.076324,80.2005809
edge-84084648-256127378-256124367,84084648,node-256127378,node-256124367,Paul Wells Road,primary_link,429.3,3,yes,10,13.0086305,80.1986539,13.0085874,80.2026131
edge-84084669-370481503-256127378,84084669,node-370481503,node-256127378,Paul Wells Road,primary,251.27,3,yes,11,13.0086596,80.1963563,13.0086305,80.1986539
edge-84084670-256124367-308313473,84084670,node-256124367,node-308313473,Unnamed Road,primary_link,563.9,,yes,24,13.0085874,80.2026131,13.0127638,80.2039554
edge-84100986-978534812-1197445204,84100986,node-978534812,node-1197445204,Thillaiganga Nagar Subway,primary,102.03,,yes,5,12.9916967,80.1937283,12.992481,80.1933764
edge-84100987-1197556521-300461994,84100987,node-1197556521,node-300461994,Inner Ring Road (Southern Sector),primary,268.89,,yes,8,12.9909341,80.1950354,12.988695,80.1955636
edge-84100991-6307286848-2028632228,84100991,node-6307286848,node-2028632228,Inner Ring Road (Southern Sector),primary,215.52,,yes,3,12.9947652,80.193305,12.9967029,80.1932689
edge-84106288-978589235-14000192689,84106288,node-978589235,node-14000192689,Pallavaram - Thoraipakkam Road,primary,57.36,,yes,4,12.948402,80.2108324,12.948401,80.2103033
edge-84106289-978589409-978589235,84106289,node-978589409,node-978589235,Pallavaram - Thoraipakkam Road,primary,22.51,,yes,2,12.9483989,80.2110401,12.948402,80.2108324
edge-84106291-978589231-978589012,84106291,node-978589231,node-978589012,Pallavaram - Thoraipakkam Road,primary,19.63,,yes,2,12.9496899,80.2258337,12.9496997,80.2260146
edge-84106303-978589084-964671674,84106303,node-978589084,node-964671674,Pallavaram - Thoraipakkam Road,primary,12.11,,yes,2,12.9493893,80.221127,12.9494032,80.2212378
edge-84106305-10285915506-10285915509,84106305,node-10285915506,node-10285915509,Pallavaram - Thoraipakkam Road,primary,89.75,,yes,3,12.9489262,80.2165882,12.9490094,80.217412
edge-84106327-7805766917-7805766918,84106327,node-7805766917,node-7805766918,Pallavaram - Thoraipakkam Road,primary,17.31,,yes,2,12.9494457,80.2234675,12.9494393,80.2233079
edge-84106328-978589649-257439105,84106328,node-978589649,node-257439105,Pallavaram - Thoraipakkam Road,primary,123.26,,yes,2,12.9486237,80.2145269,12.9485172,80.2133947
edge-84106333-310362437-978588937,84106333,node-310362437,node-978588937,Pallavaram - Thoraipakkam Road,primary,10.97,,yes,2,12.9493002,80.221239,12.9492908,80.2211382
edge-84106335-10285915517-10285915515,84106335,node-10285915517,node-10285915515,Pallavaram - Thoraipakkam Road,primary,138.03,,yes,2,12.949178,80.2201639,12.9490538,80.2188966
edge-84106338-10285915491-978589449,84106338,node-10285915491,node-978589449,Pallavaram - Thoraipakkam Road,primary,186.04,,yes,2,12.9485298,80.2115609,12.9486079,80.2132758
edge-84106340-978589012-12105562231,84106340,node-978589012,node-12105562231,Pallavaram - Thoraipakkam Road,primary,1023.76,,yes,16,12.9496997,80.2260146,12.9500069,80.2354405
edge-84106342-978588759-978588812,84106342,node-978588759,node-978588812,Pallavaram - Thoraipakkam Road,primary,17.01,,yes,2,12.9487126,80.2145137,12.9487266,80.21467
edge-84106344-978588678-978589649,84106344,node-978588678,node-978589649,Pallavaram - Thoraipakkam Road,primary,16.4,,yes,2,12.948642,80.2146771,12.9486237,80.2145269
edge-84106347-964671674-10285915523,84106347,node-964671674,node-10285915523,Pallavaram - Thoraipakkam Road,primary,123.9,,yes,3,12.9494032,80.2212378,12.9494726,80.2223789
edge-84106359-978589508-978589618,84106359,node-978589508,node-978589618,Pallavaram - Thoraipakkam Road,primary,21.77,,yes,2,12.94851,80.2108321,12.9485064,80.211033
edge-84106363-978588870-978588671,84106363,node-978588870,node-978588671,Pallavaram - Thoraipakkam Road,primary,20.33,,yes,2,12.9495728,80.2260318,12.9495618,80.2258445
edge-85857843-996580357-303510937,85857843,node-996580357,node-303510937,Pasumpon Muthuramalingar Thevar Salai (Chamiers Road),secondary,649.56,2,yes,14,13.0296374,80.2456563,13.03109,80.2399589
edge-85858488-996570261-996570067,85858488,node-996570261,node-996570067,Defence Quarters,primary_link,33.99,,yes,6,13.030923,80.2402861,13.0312166,80.2402402
edge-85862576-996578151-996578156,85862576,node-996578151,node-996578156,Kotturpuram Bridge,secondary,300.65,,yes,2,13.0267554,80.2440367,13.0241956,80.2431431
edge-85862957-592588929-12156951338,85862957,node-592588929,node-12156951338,Govindaswamy Karuppiah Moopanar Flyover,secondary,371.71,,no,14,13.0279719,80.2455746,13.0313051,80.2458235
edge-85863030-996580354-996565654,85863030,node-996580354,node-996565654,Pasumpon Muthuramalingar Thevar Salai (Chamiers Road),secondary,628.32,2,yes,12,13.0295607,80.2456523,13.0309119,80.2401197
edge-85863514-2216189430-2216189416,85863514,node-2216189430,node-2216189416,Pasumpon Muthuramalingar Thevar Salai,secondary,247.85,,yes,8,13.0293636,80.2474439,13.0288813,80.2496656
edge-85948430-9516364224-9580401332,85948430,node-9516364224,node-9580401332,Unnamed Road,primary_link,86.3,,yes,7,13.0081968,80.1962569,13.0085593,80.1968708
edge-92071975-276517433-1123352233,92071975,node-276517433,node-1123352233,Grand Northern Trunk Road,trunk,3150.65,2,yes,32,13.1842542,80.1921815,13.1585245,80.2037747
edge-95222407-6816790397-11465971237,95222407,node-6816790397,node-11465971237,Rajiv Gandhi IT Expressway,primary,763.25,4,yes,15,13.0066491,80.2473998,12.9998869,80.2484104
edge-95641232-303682764-9576074631,95641232,node-303682764,node-9576074631,Grand Southern Trunk Road,trunk,1111.12,2,yes,19,12.9563171,80.1431335,12.9651333,80.1479502
edge-95641233-268789815-6799326136,95641233,node-268789815,node-6799326136,Sardar Patel Road,primary,82.54,2,yes,3,13.0066045,80.2436375,13.0066016,80.2428757
edge-95641235-315264073-357936503,95641235,node-315264073,node-357936503,Jawaharlal Nehru Road (100 Feet Road),primary,410.88,,yes,12,13.0723474,80.2021568,13.0699825,80.2050666
edge-95641238-30268341-30038725,95641238,node-30268341,node-30038725,Jawaharlal Nehru Road (100 Feet Road),primary,489.76,2,yes,12,13.0722066,80.2020355,13.0754064,80.1990697
edge-95641243-331888474-1837807214,95641243,node-331888474,node-1837807214,Grand Southern Trunk Road,trunk,1348.33,2,yes,30,12.9465648,80.1366342,12.9375064,80.1283921
edge-95641250-280080806-9576074617,95641250,node-280080806,node-9576074617,Grand Southern Trunk Road,trunk,879.4,2,yes,8,12.9795371,80.1623191,12.9749951,80.1556764
edge-95641750-11466178184-300455623,95641750,node-11466178184,node-300455623,Rajiv Gandhi Salai,primary,545.04,2,yes,10,12.9493353,80.2407932,12.9539713,80.2424189
edge-95641751-11921436277-11173435364,95641751,node-11921436277,node-11173435364,Rajiv Gandhi IT Expressway,primary,508.47,3,yes,13,12.9817908,80.2525927,12.9862657,80.2517351
edge-95668329-1109183160-9869953179,95668329,node-1109183160,node-9869953179,Jawaharlal Nehru Road (100 Feet Road),primary,696.55,,yes,12,13.1397733,80.2181956,13.1339905,80.2157235
edge-95668333-402352071-276517789,95668333,node-402352071,node-276517789,Kadappa Road,secondary,1458.59,2,no,54,13.1313765,80.2008683,13.1308297,80.212679
edge-95668347-12157435006-278755338,95668347,node-12157435006,node-278755338,Unnamed Road,primary_link,426.23,,yes,13,13.1407243,80.2184492,13.144289,80.2196928
edge-95668348-675923898-365696639,95668348,node-675923898,node-365696639,Jawaharlal Nehru Road (100 Feet Road),primary,742.08,5,yes,14,13.1186629,80.1985327,13.1121513,80.1972851
edge-95669980-9798617643-273459877,95669980,node-9798617643,node-273459877,Rajiv Gandhi Salai,primary,2721.2,2,yes,37,12.8765323,80.2268944,12.9009094,80.2278862
edge-96936220-1123352263-1123352220,96936220,node-1123352263,node-1123352220,Chennai Bypass,trunk_link,96.62,3,yes,2,13.1516253,80.2096825,13.1524549,80.2099479
edge-96936222-13315818421-1183216640,96936222,node-13315818421,node-1183216640,Chennai Bypass,trunk,1266.37,3,yes,6,13.1217822,80.1660776,13.131998,80.1712363
edge-96936224-10128406362-10128406357,96936224,node-10128406362,node-10128406357,Chennai Bypass,trunk,162.97,3,yes,8,13.1364506,80.1824243,13.1365331,80.1809751
edge-96936228-1123352220-1123352276,96936228,node-1123352220,node-1123352276,Chennai Bypass,trunk_link,333.48,3,yes,20,13.1524549,80.2099479,13.1511015,80.2113743
edge-96936230-1123352264-6490354831,96936230,node-1123352264,node-6490354831,Chennai Bypass,trunk_link,651.56,,yes,21,13.1513327,80.2105049,13.1478353,80.2061414
edge-96936232-278753966-11936397490,96936232,node-278753966,node-11936397490,Grand Northern Trunk Road,trunk,1368.41,,yes,21,13.1446092,80.2196011,13.1522368,80.209726
edge-96944712-1123425520-1123425448,96944712,node-1123425520,node-1123425448,Thiruverkadu - Ambattur Road,secondary,102.44,,no,2,13.0626157,80.1385226,13.0616988,80.138431
edge-96944713-1123425520-402290980,96944713,node-1123425520,node-402290980,Thiruverkadu - Ambattur Road,secondary,2143.13,,no,98,13.0626157,80.1385226,13.0695113,80.1231943
edge-97554147-1129457273-1129457284,97554147,node-1129457273,node-1129457284,1st Main Road,secondary,653.57,,no,19,13.1295297,80.2242883,13.1352623,80.2245009
edge-97554149-402352071-402352084,97554149,node-402352071,node-402352084,Kadappa Road,secondary,933.96,2,no,38,13.1313765,80.2008683,13.1339598,80.1932229
edge-98639495-6245878228-1355465116,98639495,node-6245878228,node-1355465116,Inner Ring Road (Southern Sector),primary,883.04,2,yes,10,12.9685541,80.2157378,12.9738233,80.2096415
edge-100857266-1165550867-1165550988,100857266,node-1165550867,node-1165550988,EVR Periyar Salai,primary,68.65,2,yes,2,13.0743795,80.2217804,13.0742979,80.2224087
edge-100857270-30037265-320261868,100857270,node-30037265,node-320261868,EVR Periyar Salai,primary,1118.46,2,yes,24,13.0763573,80.2015481,13.0771132,80.211775
edge-100857282-1165550988-30037250,100857282,node-1165550988,node-30037250,EVR Periyar Salai,primary,1279.13,,yes,29,13.0742979,80.2224087,13.0758601,80.2338889
edge-101176398-315260851-277435571,101176398,node-315260851,node-277435571,3rd Avenue,secondary,388.5,,no,12,13.0419074,80.2124378,13.0415669,80.2159372
edge-101233612-12155078077-6212976328,101233612,node-12155078077,node-6212976328,Vadapalani Flyover,primary,479.14,,yes,7,13.0476164,80.2121077,13.0519173,80.2120249
edge-102030532-30037243-309316811,102030532,node-30037243,node-309316811,Gengu Reddy Road,secondary,13.02,,no,2,13.0788878,80.2516867,13.078771,80.2516945
edge-102030537-1177974064-13766718521,102030537,node-1177974064,node-13766718521,Cenotaph Road,secondary,329.74,,yes,5,13.0348418,80.245793,13.0318931,80.245866
edge-102030553-1177973968-310731960,102030553,node-1177973968,node-310731960,Gengu Reddy Subway,secondary,76.24,,no,2,13.0768725,80.252011,13.0761894,80.2520713
edge-102454736-1183216657-13315818422,102454736,node-1183216657,node-13315818422,Chennai Bypass,trunk,1272.37,3,yes,5,13.1320079,80.1713837,13.1217333,80.166218
edge-102454739-294001201-1183216657,102454739,node-294001201,node-1183216657,Chennai Bypass,trunk,39.78,3,yes,2,13.1323058,80.1715871,13.1320079,80.1713837
edge-102454741-1183216709-276744450,102454741,node-1183216709,node-276744450,Karukku Main Road,secondary,687.26,,no,22,13.1216592,80.1659003,13.1223681,80.1598711
edge-102454743-13315849770-735219555,102454743,node-13315849770,node-735219555,Chennai Bypass Expressway,trunk,1774.18,3,yes,6,13.0802053,80.1614254,13.0642556,80.1611109
edge-102454744-7045917741-1183216816,102454744,node-7045917741,node-1183216816,Pattaravakkam Bridge,trunk,259.11,4,yes,4,13.1157827,80.1640766,13.1180769,80.1644399
edge-102454746-1183216792-12506514381,102454746,node-1183216792,node-12506514381,Chennai Bypass,trunk,1036.14,3,yes,10,13.1367204,80.1823618,13.1404662,80.1910764
edge-102454748-1183216807-1183216709,102454748,node-1183216807,node-1183216709,Unnamed Road,secondary,42.17,,no,4,13.12167,80.1662829,13.1216592,80.1659003
edge-102454750-1183216640-1183216752,102454750,node-1183216640,node-1183216752,Chennai Bypass,trunk,42.12,3,yes,2,13.131998,80.1712363,13.1323215,80.1714386
edge-102454751-735231866-1183216651,102454751,node-735231866,node-1183216651,Chennai Bypass Expressway,trunk,2938.39,3,yes,19,13.0876941,80.1611883,13.1139267,80.1638968
edge-102457948-303511274-308198144,102457948,node-303511274,node-308198144,Anna Salai (Mount Road),primary,836.53,2,yes,28,13.0245613,80.2290969,13.0187755,80.2245501
edge-102457949-1183259304-1183259312,102457949,node-1183259304,node-1183259312,G N Chetty Road,secondary,19.31,,yes,2,13.0490968,80.2468333,13.0491993,80.2469772
edge-102457951-1183259281-1183259283,102457951,node-1183259281,node-1183259283,Mambalam Canal Bridge,primary,42.6,,yes,2,13.0249301,80.2295596,13.0246862,80.2292563
edge-102457953-1109073811-247974345,102457953,node-1109073811,node-247974345,St. Mary's Road,secondary,499.78,,no,21,13.0292406,80.2609147,13.0289174,80.2564883
edge-102457954-30037875-30051698,102457954,node-30037875,node-30051698,Anna Salai (Mount Road),primary,1444.34,,yes,38,13.0280247,80.2353917,13.0355957,80.2459911
edge-102457956-1183259303-1109073811,102457956,node-1183259303,node-1109073811,St Mary's Road,secondary,20.67,,no,2,13.0291744,80.261093,13.0292406,80.2609147
edge-102457958-1183259307-1183259301,102457958,node-1183259307,node-1183259301,Mambalam Canal Bridge,primary,41.92,,yes,2,13.024843,80.2291219,13.025082,80.2294211
edge-102457960-2239156001-247074862,102457960,node-2239156001,node-247074862,CIT Nagar 1st Main Road,secondary,219.73,,yes,8,13.029533,80.2308504,13.0276423,80.2311871
edge-102457962-247681418-1183259304,102457962,node-247681418,node-1183259304,Gopathi Narayanaswami Road,secondary,184.53,,yes,6,13.0480579,80.2455078,13.0490968,80.2468333
edge-102459243-276739503-276739500,102459243,node-276739503,node-276739500,Chennai - Tiruttani - Renigunta Road,primary,239.26,2,yes,10,13.1215972,80.1485956,13.1198687,80.1498382
edge-102459267-276739206-1183275947,102459267,node-276739206,node-1183275947,Chennai - Tiruttani - Renigunta Road,primary,95.6,2,no,2,13.114053,80.1482589,13.1148692,80.1479815
edge-102460471-1183292797-276612185,102460471,node-1183292797,node-276612185,Unnamed Road,secondary,48.47,,no,2,13.0804692,80.1615768,13.0804976,80.1611302
edge-102469908-978534822-1183401906,102469908,node-978534822,node-1183401906,Inner Ring Road (Southern Sector),primary,311.81,,yes,7,12.9866859,80.1959093,12.9839215,80.1962021
edge-102469911-319489548-1183401926,102469911,node-319489548,node-1183401926,West Avenue Road,primary,25.68,,yes,2,12.987914,80.2520856,12.987871,80.2518527
edge-102469913-1183401857-1183401887,102469913,node-1183401857,node-1183401887,Sardar Patel Road,primary,26.93,,yes,2,13.0067698,80.2478282,13.0067649,80.2480767
edge-102469918-3350192362-13048084984,102469918,node-3350192362,node-13048084984,Kalki Krishnamurty Road,secondary,113.53,,yes,13,12.9817508,80.2530456,12.9808426,80.2527321
edge-102469922-1183401906-1183401831,102469922,node-1183401906,node-1183401831,Inner Ring Road (Southern Sector),primary,99.78,,yes,5,12.9839215,80.1962021,12.9830692,80.1964824
edge-102469924-1183401849-310535896,102469924,node-1183401849,node-310535896,West Avenue Road,primary,29.85,,yes,2,12.9879862,80.251803,12.9880483,80.252071
edge-102469927-1183401915-1183401843,102469927,node-1183401915,node-1183401843,Sardar Patel Road,primary,24.28,,yes,2,13.0066601,80.2480458,13.0066594,80.2478217
edge-102469928-12686956011-310102882,102469928,node-12686956011,node-310102882,West Avenue Road,primary,19.95,,yes,3,12.9878365,80.2516258,12.9878116,80.2514435
edge-102469929-1183401887-249497703,102469929,node-1183401887,node-249497703,Sardar Patel Road,primary,1177.83,2,yes,29,13.0067649,80.2480767,13.0075262,80.258616
edge-102469933-11495764264-257439198,102469933,node-11495764264,node-257439198,Kalki Krishnamurty Road,secondary,82.06,,yes,5,12.9821498,80.2542393,12.9827366,80.2546692
edge-102469935-1183401843-6816790401,102469935,node-1183401843,node-6816790401,Sardar Patel Road,primary,17.31,1,yes,2,13.0066594,80.2478217,13.0066597,80.2476619
edge-102469936-744509864-9902246594,102469936,node-744509864,node-9902246594,Inner Ring Road (Southern Sector),primary,114.21,,yes,5,12.9829362,80.1963649,12.9838926,80.1959977
edge-102470559-1183407410-273459871,102470559,node-1183407410,node-273459871,Rajiv Gandhi Salai,primary,102.13,2,yes,2,12.9234759,80.2305006,12.924387,80.2306197
edge-102470560-273459871-12278583432,102470560,node-273459871,node-12278583432,Rajiv Gandhi Salai,primary,2317.37,2,yes,45,12.924387,80.2306197,12.9438418,80.2375487
edge-102472717-1183430825-1183430748,102472717,node-1183430825,node-1183430748,Taramani Link Road,primary_link,62.73,,yes,5,12.980078,80.2522717,12.9804711,80.2526333
edge-102479291-14038581991-310729957,102479291,node-14038581991,node-310729957,Dr Radhakrishnan Salai,primary,649.58,,yes,17,13.0433838,80.2742342,13.0445095,80.2683564
edge-102479295-1183471386-243066058,102479295,node-1183471386,node-243066058,Besant Road,secondary,86.87,,no,7,13.0508163,80.2790917,13.0505402,80.2798381
edge-102479303-1183471394-1183471374,102479303,node-1183471394,node-1183471374,Anna Nagar Bridge,secondary,62.09,2,yes,2,13.0809677,80.2178407,13.0804097,80.2178205
edge-102479307-1183471378-3734321384,102479307,node-1183471378,node-3734321384,Dr Radhakrishnan Salai,primary,345.63,,yes,7,13.04338,80.276418,13.0433793,80.2796082
edge-102479310-1183471397-1183471381,102479310,node-1183471397,node-1183471381,Kutchery Road,secondary,29.05,,no,2,13.0364529,80.2685833,13.0363256,80.2688175
edge-102479321-1183471380-1183471407,102479321,node-1183471380,node-1183471407,Anna Nagar Bridge,secondary,62.07,2,yes,2,13.0804129,80.2177457,13.0809707,80.2177686
edge-102479323-1183471375-1183471390,102479323,node-1183471375,node-1183471390,Dr Radhakrishnan Salai,primary,29.45,,yes,2,13.0432769,80.2764131,13.0432982,80.2761421
edge-102479329-1183471421-1183471386,102479329,node-1183471421,node-1183471386,Besant Road,secondary,33.42,,no,2,13.050938,80.2788096,13.0508163,80.2790917
edge-102479332-1183471374-6274949824,102479332,node-1183471374,node-6274949824,Anna Arch Road,secondary,537.49,2,yes,14,13.0804097,80.2178205,13.0755997,80.218053
edge-102479334-1183471407-6819739373,102479334,node-1183471407,node-6819739373,Anna Arch Road,secondary,134.36,3,yes,7,13.0809707,80.2177686,13.0821773,80.217808
edge-102479336-1183471381-243061460,102479336,node-1183471381,node-243061460,Kutchery Road,secondary,341.24,,no,11,13.0363256,80.2688175,13.0347529,80.2714984
edge-102479339-1183471359-1183471378,102479339,node-1183471359,node-1183471378,Dr Radhakrishnan Salai,primary,33.43,,yes,2,13.0433493,80.276111,13.04338,80.276418
edge-102479341-1183471420-1183471409,102479341,node-1183471420,node-1183471409,RK Mutt Road,secondary,24.03,,yes,2,13.0359791,80.2678436,13.0357677,80.2678895
edge-102479343-1183471376-1183471365,102479343,node-1183471376,node-1183471365,RK Mutt Road,secondary,32.71,,yes,2,13.0356621,80.2678167,13.0359527,80.26777
edge-102484441-276611952-6598228336,102484441,node-276611952,node-6598228336,Thiruvalluvar Saalai,secondary,907.55,,yes,43,13.0806082,80.1802955,13.072717,80.181271
edge-102484457-277393495-277393496,102484457,node-277393495,node-277393496,Thiruvalluvar Saalai,secondary,108.63,,yes,2,13.0715349,80.1821503,13.0725054,80.182035
edge-102543062-1184222573-9992430723,102543062,node-1184222573,node-9992430723,Parthasarathy Bridge,secondary,522.44,,yes,31,13.1071872,80.2802233,13.1106438,80.2784251
edge-102545494-277588271-277588253,102545494,node-277588271,node-277588253,Manali Road,secondary,452.27,,no,15,13.1251607,80.2735883,13.1241111,80.277623
edge-102545498-277588270-277588271,102545498,node-277588270,node-277588271,Manali Road,secondary,26.69,,no,2,13.1252088,80.2733468,13.1251607,80.2735883
edge-102547854-1184293306-1184293309,102547854,node-1184293306,node-1184293309,Pallavaram - Thoraipakkam Road,primary,18.26,2,yes,2,12.9499726,80.1799536,12.9499424,80.1801192
edge-102547856-273466251-1425128532,102547856,node-273466251,node-1425128532,Kalaingar Karunanidhi Salai,primary,575.55,,yes,13,12.8994115,80.2375842,12.9006528,80.2324568
edge-102547857-1184293162-1184293202,102547857,node-1184293162,node-1184293202,Jawaharlal Nehru Road (100 Feet Road),primary,27.51,,yes,2,13.0613249,80.2117589,13.0610777,80.2117487
edge-102547858-1184293073-13909217175,102547858,node-1184293073,node-13909217175,Thirumangalam – Mogappair Road,primary,665.16,2,yes,9,13.0875161,80.1922217,13.0872705,80.1983568
edge-102547859-1184293204-273466251,102547859,node-1184293204,node-273466251,Kalaingar Karunanidhi Salai,primary,147.29,,yes,2,12.8991926,80.2389244,12.8994115,80.2375842
edge-102547860-1184293409-1184293073,102547860,node-1184293409,node-1184293073,Thirumangalam – Mogappair Road,primary,18.85,,yes,2,13.0875281,80.1920481,13.0875161,80.1922217
edge-102547868-1184293070-8049513013,102547868,node-1184293070,node-8049513013,Pallavaram - Thoraipakkam Road,primary,328.42,2,yes,3,12.9499189,80.1799476,12.9506318,80.1770069
edge-102547870-2000953008-1450858787,102547870,node-2000953008,node-1450858787,Kalaingar Karunanidhi Salai,primary,267.76,,yes,9,12.9008879,80.229991,12.9008044,80.2324583
edge-102547872-1184293288-11959664542,102547872,node-1184293288,node-11959664542,Jawaharlal Nehru Road (100 Feet Road),primary,1191.33,,yes,26,13.0613226,80.2115442,13.0693429,80.205652
edge-102547875-1184293294-5793660752,102547875,node-1184293294,node-5793660752,Kalaingar Karunanidhi Salai,primary,917.56,,yes,13,12.8994176,80.2391396,12.8977497,80.2474247
edge-102547878-1184293136-276608307,102547878,node-1184293136,node-276608307,Thirumangalam – Mogappair Road,primary,1600.54,2,yes,16,13.0874011,80.1920201,13.0881446,80.177271
edge-102547879-1184293118-1184293070,102547879,node-1184293118,node-1184293070,Pallavaram - Thoraipakkam Road,primary,20.06,2,yes,2,12.9498828,80.180129,12.9499189,80.1799476
edge-102547881-1184293236-1184293288,102547881,node-1184293236,node-1184293288,Jawaharlal Nehru Road (100 Feet Road),primary,29.42,,yes,2,13.0610582,80.2115342,13.0613226,80.2115442
edge-102547886-1184293202-10594234678,102547886,node-1184293202,node-10594234678,Jawaharlal Nehru Road (100 Feet Road),primary,251.87,,yes,7,13.0610777,80.2117487,13.0588149,80.2116455
edge-102547888-1184293250-1184293294,102547888,node-1184293250,node-1184293294,Kalaingar Karunanidhi Salai,primary,159.96,,yes,2,12.899656,80.2376842,12.8994176,80.2391396
edge-102547891-1184293094-1184293136,102547891,node-1184293094,node-1184293136,Thirumangalam – Mogappair Road,primary,15.41,,yes,2,13.08738,80.1921607,13.0874011,80.1920201
edge-102547892-1184293309-8049513011,102547892,node-1184293309,node-8049513011,Pallavaram - Thoraipakkam Road,primary,45.97,,yes,2,12.9499424,80.1801192,12.9498662,80.1805361
edge-102550189-3886129121-9806597609,102550189,node-3886129121,node-9806597609,Singaperumalkoil - Sriperumbudur - Thiruvallur - Red Hills Road,primary,9402.08,,yes,116,13.1945388,80.1706278,13.212619,80.0860306
edge-102550195-1184327132-1184327179,102550195,node-1184327132,node-1184327179,Anna Main Road,secondary,12.66,,yes,2,13.0359488,80.2040269,13.0359648,80.2039112
edge-102550198-1184327475-1184327336,102550198,node-1184327475,node-1184327336,Singaperumalkoil - Sriperumbudur - Thiruvallur - Red Hills Road,primary,36.99,,yes,2,13.1940821,80.1744725,13.1939255,80.174171
edge-102550199-1184327225-344909885,102550199,node-1184327225,node-344909885,Grand Northern Trunk Road,trunk,324.37,2,yes,8,13.1862483,80.1920461,13.1891035,80.1916141
edge-102550203-1184327288-10175133028,102550203,node-1184327288,node-10175133028,Anna Main Road,secondary,32.12,,yes,3,13.0360613,80.2040444,13.0360256,80.2043386
edge-102550204-1184327157-1184327225,102550204,node-1184327157,node-1184327225,Grand Northern Trunk Road:old NH5,trunk,103.54,2,yes,2,13.1853177,80.1920142,13.1862483,80.1920461
edge-102550205-1184327349-1184327403,102550205,node-1184327349,node-1184327403,Grand Northern Trunk Road,trunk,104.21,2,yes,2,13.1862427,80.1921484,13.1853058,80.192123
edge-102550206-2165507965-277587954,102550206,node-2165507965,node-277587954,Moolakadai Flyover,trunk,404.2,,yes,7,13.1300455,80.2400735,13.1279109,80.2430938
edge-102550212-277516542-30268342,102550212,node-277516542,node-30268342,Kaliamman Koil Street,secondary,448.27,,yes,6,13.0661812,80.1987703,13.0697591,80.2006685
edge-102550215-1184327158-1184327325,102550215,node-1184327158,node-1184327325,Mount - Poonamallee - Avadi Road,primary,25.45,,yes,2,13.0218266,80.182096,13.0219466,80.181896
edge-102550216-1184327325-7111624904,102550216,node-1184327325,node-7111624904,Mount - Poonamallee - Avadi Road,primary,554.5,,yes,9,13.0219466,80.181896,13.0244316,80.1774585
edge-102550220-1129457251-1184327435,102550220,node-1129457251,node-1184327435,Grand Northern Trunk Road,trunk,1446.04,,yes,15,13.1391984,80.2274981,13.1314146,80.2381907
edge-102550223-1184327188-364650583,102550223,node-1184327188,node-364650583,Mount - Poonamallee - Avadi Road,primary,466.82,,yes,15,13.0219337,80.1822503,13.0199176,80.1859771
edge-102550228-1184327292-1184327288,102550228,node-1184327292,node-1184327288,Anna Main Road,secondary,12.13,,yes,2,13.0360782,80.2039338,13.0360613,80.2040444
edge-102550230-1184327435-1184327309,102550230,node-1184327435,node-1184327309,Grand Northern Trunk Road,trunk,45.91,,yes,2,13.1314146,80.2381907,13.1311728,80.2385344
edge-102550233-1184327303-1184327188,102550233,node-1184327303,node-1184327188,Mount - Poonamallee - Avadi Road,primary,30.8,,yes,2,13.0220787,80.1820081,13.0219337,80.1822503
edge-102550235-344909885-7805429422,102550235,node-344909885,node-7805429422,Grand Northern Trunk Road,trunk,1442.77,2,yes,23,13.1891035,80.1916141,13.1967233,80.1813177
edge-102550239-1184327307-1184327431,102550239,node-1184327307,node-1184327431,Grand Northern Trunk Road,trunk,46.19,,yes,2,13.1232836,80.2486968,13.1230214,80.2490276
edge-102550240-1184327179-256606655,102550240,node-1184327179,node-256606655,Anna Main Road,secondary,275.05,,yes,6,13.0359648,80.2039112,13.0363389,80.2014014
edge-102550245-1184327315-1184327218,102550245,node-1184327315,node-1184327218,Kaliamman Koil Street,secondary,25.36,,yes,2,13.0606774,80.1958713,13.060872,80.1959934
edge-102553756-1184362267-1184362316,102553756,node-1184362267,node-1184362316,Manali Oil Refinary Road,primary,30.47,,yes,2,13.1751773,80.2910327,13.1751788,80.2907513
edge-102553757-1184362316-1470581765,102553757,node-1184362316,node-1470581765,Manali Oil Refinary Road,primary,1319.68,,yes,19,13.1751788,80.2907513,13.1764336,80.2786746
edge-102553763-1184362594-1184362494,102553763,node-1184362594,node-1184362494,Thiruvottriyur – Ponneri – Panchetty Road,primary,50.11,,yes,2,13.1807736,80.2700652,13.1803239,80.270095
edge-102553773-7025502844-9580806431,102553773,node-7025502844,node-9580806431,Manali High Road,primary,1374.81,,yes,23,13.1765597,80.2946494,13.1856733,80.3032179
edge-102553782-7821822091-3913282527,102553782,node-7821822091,node-3913282527,Madhavaram - Red Hills Road,primary,1567.47,,no,62,13.1582983,80.2259636,13.1458254,80.2320941
edge-102553786-1184362200-1184362163,102553786,node-1184362200,node-1184362163,Thiruvottriyur – Ponneri – Panchetty Road,primary,48.98,,yes,2,13.180331,80.2699607,13.1807714,80.2699513
edge-102553807-1184362570-1184362155,102553807,node-1184362570,node-1184362155,Manali Oil Refinary Road,primary,35.76,,yes,2,13.175321,80.2908351,13.17532,80.2911654
edge-102553813-1109183266-1109183400,102553813,node-1109183266,node-1109183400,Jawaharlal Nehru Road (100 Feet Road),primary,1057.54,,yes,20,13.1310075,80.2141626,13.1397356,80.2180271
edge-102553814-1184327426-1184362207,102553814,node-1184327426,node-1184362207,Madhavaram - Red Hills Road,primary,73.84,,no,2,13.1703053,80.2214127,13.1697424,80.2217745
edge-102553828-1109183363-11032124263,102553828,node-1109183363,node-11032124263,Jawaharlal Nehru Road (100 Feet Road),primary,467.86,,yes,11,13.1312337,80.2146125,13.1285268,80.2114552
edge-102553841-1184362136-7821822102,102553841,node-1184362136,node-7821822102,Inner Ring Road,primary,4310.54,,yes,67,13.1798015,80.2560556,13.1585901,80.226011
edge-102553845-339984890-1184362200,102553845,node-339984890,node-1184362200,Thiruvottriyur – Ponneri – Panchetty Road,primary,229.61,,yes,3,13.1782665,80.2700032,13.180331,80.2699607
edge-102553847-30038680-1184362136,102553847,node-30038680,node-1184362136,Inner Ring Road,primary,40.97,,yes,2,13.1799319,80.2564095,13.1798015,80.2560556
edge-102559087-1184390583-1184390585,102559087,node-1184390583,node-1184390585,Mount - Medavakkam Road,primary,36.47,,yes,2,12.950569,80.1858005,12.950257,80.1856968
edge-102574521-276609003-12128950150,102574521,node-276609003,node-12128950150,Unnamed Road,secondary,191.49,,no,11,13.1093558,80.1675944,13.1096974,80.1659244
edge-102574541-1184544883-1184545494,102574541,node-1184544883,node-1184545494,Unnamed Road,secondary,24.22,,yes,2,13.1085039,80.1796707,13.1084881,80.1798938
edge-102667268-12159690682-6274949868,102667268,node-12159690682,node-6274949868,Anna Arch Flyover,secondary,365.35,2,yes,16,13.0743799,80.2205793,13.0758599,80.2179621
edge-103716673-1197445165-301731221,103716673,node-1197445165,node-301731221,Thillaiganga Nagar Subway,primary,99.98,,yes,5,12.9925198,80.1934673,12.991753,80.1938039
edge-103716675-1197444896-978534711,103716675,node-1197444896,node-978534711,Thillaiganga Nagar Subway,primary,195.0,,yes,2,12.9927709,80.1933568,12.9945239,80.1933063
edge-103716678-300371034-978534804,103716678,node-300371034,node-978534804,Unnamed Road,primary_link,16.3,,no,2,12.9874759,80.1955984,12.9874283,80.1954561
edge-103716681-1197445116-1197445165,103716681,node-1197445116,node-1197445165,Thillaiganga Nagar Subway,primary,31.16,,yes,2,12.9927999,80.1934576,12.9925198,80.1934673
edge-103716688-1197445204-1197444896,103716688,node-1197445204,node-1197444896,Thillaiganga Nagar Subway,primary,32.31,,yes,2,12.992481,80.1933764,12.9927709,80.1933568
edge-103716703-1197445192-280087143,103716703,node-1197445192,node-280087143,St Thomas Mount Subway,primary,46.05,,no,2,12.9958301,80.2010933,12.9954239,80.2011762
edge-108328797-8700571133-7825578381,108328797,node-8700571133,node-7825578381,Inner Ring Road (Southern Sector),primary,1010.74,2,yes,7,12.9680818,80.2173423,12.9737394,80.2100692
edge-112716625-248467786-248467808,112716625,node-248467786,node-248467808,Egmore High Road,secondary,86.02,,yes,6,13.074681,80.252256,13.0739651,80.252516
edge-112752476-11939636905-243066458,112752476,node-11939636905,node-243066458,TTK Road,secondary,265.06,,no,9,13.0455999,80.2598776,13.0475717,80.2612511
edge-116953855-12157056340-12157056339,116953855,node-12157056340,node-12157056339,Unnamed Road,primary,693.17,2,yes,20,12.964664,80.2163422,12.9645798,80.2164817
edge-121120060-2407561505-9902231110,121120060,node-2407561505,node-9902231110,Inner Ring Road (Southern Sector),primary,675.06,,yes,10,12.9806949,80.1988083,12.9780035,80.2043852
edge-125180598-11665052694-13769745810,125180598,node-11665052694,node-13769745810,Chennai - Tiruttani - Renigunta Road,primary,925.49,2,yes,23,13.1031204,80.1580817,13.1075572,80.1522486
edge-125180603-276739207-12625490214,125180603,node-276739207,node-12625490214,Chennai - Tiruttani - Renigunta Road,primary,377.19,2,yes,14,13.1151666,80.1478826,13.1178971,80.1495534
edge-125180613-1391029495-1391029488,125180613,node-1391029495,node-1391029488,MKB Nagar East Avenue,secondary,47.98,,yes,3,13.1276183,80.2661467,13.1272454,80.2659317
edge-125180620-10636146276-290018377,125180620,node-10636146276,node-290018377,MKB Nagar West Avenue,secondary,250.75,,no,10,13.1256925,80.2591799,13.1234411,80.2592422
edge-125180623-1391029455-1391029430,125180623,node-1391029455,node-1391029430,MKB Nagar Bridge,secondary,51.04,2,no,3,13.1267697,80.2590925,13.1263115,80.2591202
edge-125180629-1391029515-1391029518,125180629,node-1391029515,node-1391029518,Manali Road,secondary,17.95,,yes,2,13.127937,80.2698133,13.1280384,80.2696843
edge-125180631-7828998392-290017788,125180631,node-7828998392,node-290017788,Manali Road,secondary,320.09,,no,9,13.1279111,80.2699116,13.1260708,80.2721842
edge-125180678-276739503-1391029121,125180678,node-276739503,node-1391029121,Unnamed Road,primary_link,23.26,,no,3,13.1215972,80.1485956,13.1214679,80.1484268
edge-125180680-1391029175-1391029194,125180680,node-1391029175,node-1391029194,Unnamed Road,primary_link,27.46,,yes,5,13.1222192,80.1472379,13.1224264,80.1471997
edge-125206034-7829020738-7829020741,125206034,node-7829020738,node-7829020741,Enmore High Road,secondary,531.59,,yes,5,13.1240384,80.2775972,13.1193873,80.2765201
edge-125206035-277588253-247436736,125206035,node-277588253,node-247436736,Kathivakkam High Road,secondary,521.54,,no,26,13.1241111,80.277623,13.1286691,80.278722
edge-128412134-279610153-13063335445,128412134,node-279610153,node-13063335445,East Coast Road,primary,448.16,,yes,13,12.9702562,80.2579716,12.9663563,80.2569517
edge-129776236-310535896-5458023327,129776236,node-310535896,node-5458023327,West Avenue Road,primary,137.34,,yes,5,12.9880483,80.252071,12.9879629,80.2533327
edge-129776237-5225935888-319489548,129776237,node-5225935888,node-319489548,West Avenue Road,primary,387.7,,yes,9,12.9876088,80.2556474,12.987914,80.2520856
edge-131425280-1454653729-257439251,131425280,node-1454653729,node-257439251,Rajiv Gandhi Salai,primary,1698.54,3,yes,39,12.9635751,80.2466445,12.9779207,80.2518276
edge-131884970-334547793-310535940,131884970,node-334547793,node-310535940,East Coast Road,primary,645.31,,yes,19,12.9781508,80.2590729,12.9839318,80.2594369
edge-131884973-1451948812-1450839411,131884973,node-1451948812,node-1450839411,East Coast Road,primary,357.67,,yes,11,12.9771747,80.2591831,12.9740481,80.2584392
edge-131884976-1457530962-334190081,131884976,node-1457530962,node-334190081,East Coast Road,primary,356.0,,yes,11,12.9740611,80.2583399,12.977169,80.2590972
edge-131886878-14124507116-9575366940,131886878,node-14124507116,node-9575366940,Kalaingar Karunanidhi Salai,primary,195.2,,yes,5,12.9007738,80.2299779,12.9008871,80.2281811
edge-131886879-1450858787-1184293250,131886879,node-1450858787,node-1184293250,Kalaingar Karunanidhi Salai,primary,583.98,,yes,16,12.9008044,80.2324583,12.899656,80.2376842
edge-131889967-300454652-301299745,131889967,node-300454652,node-301299745,East Coast Road,primary,911.62,,yes,21,12.9581462,80.2554128,12.9662135,80.2568276
edge-131909323-246823992-11612600462,131909323,node-246823992,node-11612600462,Pasumpon Muthuramalingar Thevar Salai,secondary,138.01,,yes,3,13.0295538,80.2457626,13.0293588,80.2470206
edge-131945991-30037863-9885596554,131945991,node-30037863,node-9885596554,Anna Salai (Mount Road),primary,294.55,1,yes,10,13.012363,80.2210838,13.0139131,80.2232656
edge-131945992-268789822-268789815,131945992,node-268789822,node-268789815,Sardar Patel Road,primary,272.28,2,yes,8,13.0066442,80.24615,13.0066045,80.2436375
edge-131945993-256035584-5528559495,131945993,node-256035584,node-5528559495,Sardar Patel Road,primary,54.75,,yes,6,13.0120189,80.2215754,13.0124371,80.2214953
edge-132083268-1453684861-12953123850,132083268,node-1453684861,node-12953123850,East Coast Road,primary,4285.57,2,yes,117,12.9580904,80.2555474,12.9199748,80.2512389
edge-132191984-12895275712-1454653737,132191984,node-12895275712,node-1454653737,Dr MGR Main Road,secondary,1957.31,,yes,29,12.9812751,80.2432643,12.9640017,80.2464835
edge-132192799-303453710-251296646,132192799,node-303453710,node-251296646,Taramani Link Road,primary,299.97,,yes,12,12.9813057,80.2429157,12.9812803,80.2401484
edge-132192800-338470503-338470506,132192800,node-338470503,node-338470506,Taramani Link Road,primary,18.7,,yes,2,12.9813991,80.2432641,12.981396,80.2434367
edge-133593218-9711061513-2049357494,133593218,node-9711061513,node-2049357494,Major Mukund Varadharajan Salai,primary,292.96,2,yes,9,12.9171369,80.1917391,12.9176592,80.1891178
edge-133599496-321207626-12758868132,133599496,node-321207626,node-12758868132,Chennai - Ennore Road,primary,131.56,,yes,3,13.1839967,80.3087273,13.182853,80.3084305
edge-133599500-9582143765-8429442664,133599500,node-9582143765,node-8429442664,Thiruvottriyur High Road,secondary,1031.97,,yes,23,13.1438697,80.2966923,13.1351927,80.2933157
edge-133602693-338665119-7812473162,133602693,node-338665119,node-7812473162,Kodambakkam – Sriperumbudur Road,primary,2589.09,,yes,64,13.0306463,80.1529389,13.0150542,80.1357251
edge-134417597-978534789-2028632231,134417597,node-978534789,node-2028632231,Inner Ring Road (Southern Sector),primary,41.17,,yes,7,12.9970212,80.1933281,12.9967364,80.1934097
edge-138294771-249497699-257431351,138294771,node-249497699,node-257431351,Unnamed Road,secondary_link,224.6,,yes,5,13.0063909,80.2575913,13.0044401,80.2570846
edge-138307545-6776243070-10208687999,138307545,node-6776243070,node-10208687999,Chennai - Tiruttani - Renigunta Road,primary,12.4,,yes,2,13.1014996,80.162011,13.1015018,80.1621255
edge-138307547-257937748-257937799,138307547,node-257937748,node-257937799,Constable Road,secondary,74.54,,no,3,13.1028759,80.2301123,13.1027712,80.2307921
edge-138307553-7818369169-1516388222,138307553,node-7818369169,node-1516388222,2nd Mian Road,secondary,1071.5,,no,20,13.0998694,80.1701698,13.1092505,80.1715094
edge-144877279-6274884028-1583665016,144877279,node-6274884028,node-1583665016,Vyasarpadi Flyover,trunk,747.67,,yes,9,13.1079367,80.2683823,13.1130749,80.2639487
edge-144877280-2272469508-1583664982,144877280,node-2272469508,node-1583664982,Vyasarpadi Flyover,trunk,736.96,,yes,9,13.1135919,80.2656721,13.1079879,80.2684511
edge-145124420-10696545081-10584852017,145124420,node-10696545081,node-10584852017,Unnamed Road,secondary,252.43,2,yes,7,13.0822416,80.217809,13.0845104,80.2178902
edge-147260246-264481149-249076751,147260246,node-264481149,node-249076751,Uttamar Gandhi Salai (Nungambakkam High Road),primary,438.05,,yes,9,13.0597826,80.2478287,13.0560292,80.2490552
edge-147260247-247685518-6590292519,147260247,node-247685518,node-6590292519,Uttamar Gandhi Salai (Nungambakkam High Road),primary,132.42,,yes,6,13.052391,80.2507557,13.0534951,80.2503204
edge-147260253-247684417-247686096,147260253,node-247684417,node-247686096,Uttamar Gandhi Salai (Nungambakkam High Road),primary,153.47,,yes,8,13.0537665,80.2502938,13.0525591,80.2509799
edge-147260256-247675875-2482301333,147260256,node-247675875,node-2482301333,Dr MGR Salai,primary,12.02,,yes,3,13.0524265,80.2410002,13.0524324,80.2408896
edge-147260611-5455846923-12717786869,147260611,node-5455846923,node-12717786869,Kilpauk Garden Road,secondary,307.57,,yes,11,13.0828339,80.2413867,13.0834506,80.238807
edge-147260612-309338769-343743944,147260612,node-309338769,node-343743944,Kilpauk Garden Road,secondary,264.95,,yes,9,13.0835237,80.2373846,13.0836101,80.234946
edge-153518007-4728962818-4728962819,153518007,node-4728962818,node-4728962819,Unnamed Road,secondary,20.29,,yes,3,13.0516646,80.2503861,13.0516853,80.2502068
edge-154030364-11939180171-10968481991,154030364,node-11939180171,node-10968481991,Anna Salai (Mount Road),primary,109.95,,yes,4,13.0658332,80.2675625,13.0664255,80.268369
edge-154030367-7034943123-2481982269,154030367,node-7034943123,node-2481982269,Anna Salai (Mount Road),primary,273.91,2,yes,6,13.0563615,80.2565204,13.0548548,80.25452
edge-155204893-1676204874-12625583476,155204893,node-1676204874,node-12625583476,Unnamed Road,primary_link,223.56,,yes,10,12.9871984,80.2516922,12.9862344,80.2506496
edge-155219365-294094141-1676306281,155219365,node-294094141,node-1676306281,Unnamed Road,secondary,59.06,,no,2,13.1685954,80.2307823,13.1685764,80.2302372
edge-155750050-309316811-2407529538,155750050,node-309316811,node-2407529538,EVR Periyar Salai,primary,29.01,,yes,2,13.078771,80.2516945,13.078774,80.2514267
edge-155750051-309316810-2212827729,155750051,node-309316810,node-2212827729,EVR Periyar Salai,primary,12.28,,yes,2,13.0772204,80.2407225,13.077184,80.2406155
edge-155785664-12718165323-1990726991,155785664,node-12718165323,node-1990726991,Mayor Ramanathan Road (Spur Tank Road),secondary,232.72,,yes,9,13.0692816,80.2424797,13.0698034,80.2445468
edge-155785667-5455799476-9734066033,155785667,node-5455799476,node-9734066033,Mc Nichols Road,primary,8.43,,yes,3,13.0692845,80.2424,13.0692112,80.2424199
edge-155831556-276607581-10901554491,155831556,node-276607581,node-10901554491,New Avadi Road,primary,1542.84,,yes,20,13.1034779,80.2008647,13.0986136,80.2138783
edge-155927239-247685518-247686096,155927239,node-247685518,node-247686096,Unnamed Road,primary_link,32.14,,yes,3,13.052391,80.2507557,13.0525591,80.2509799
edge-157911932-1701464441-357985353,157911932,node-1701464441,node-357985353,Anna Flyover,secondary,245.0,,yes,5,13.050743,80.2489628,13.0521581,80.2506926
edge-157911933-357985353-357985306,157911933,node-357985353,node-357985306,Anna Flyover,primary,229.39,,yes,3,13.0521581,80.2506926,13.0534101,80.2523757
edge-157911936-12485887994-1701464406,157911936,node-12485887994,node-1701464406,Gopathi Narayanaswami Road,secondary,295.85,,yes,5,13.0427568,80.2359395,13.0440559,80.2383224
edge-157911937-1701428508-1701428472,157911937,node-1701428508,node-1701428472,Gopathi Narayanaswami Road,secondary,205.22,,yes,7,13.049011,80.2468917,13.0478914,80.2453961
edge-157911938-6926845391-13904341357,157911938,node-6926845391,node-13904341357,Sir Thyagaraya Road,secondary,326.08,,yes,11,13.0391271,80.2468172,13.0399415,80.2439272
edge-157911939-1701428509-1701428508,157911939,node-1701428509,node-1701428508,Unnamed Road,secondary,44.25,,yes,2,13.0492645,80.2472066,13.049011,80.2468917
edge-157915140-247685583-1702258599,157915140,node-247685583,node-1702258599,Anna Salai,primary,50.19,,yes,3,13.0494117,80.2497085,13.0498573,80.2497806
edge-157915147-1701428472-1701428463,157915147,node-1701428472,node-1701428463,Gopathi Narayanaswami Road,secondary,385.87,,yes,13,13.0478914,80.2453961,13.0461746,80.2423009
edge-157915152-250365191-9507557592,157915152,node-250365191,node-9507557592,Gopathy Narayana Road,secondary,30.58,,yes,2,13.0514714,80.249906,13.0513138,80.2496747
edge-157915154-1701464442-1701464443,157915154,node-1701464442,node-1701464443,Unnamed Road,primary,14.36,,yes,2,13.050688,80.2501004,13.0507468,80.2499824
edge-157915156-1701464443-339130556,157915156,node-1701464443,node-339130556,Unnamed Road,primary,7.22,,yes,2,13.0507468,80.2499824,13.0507777,80.2499238
edge-157915159-1701428511-1701428509,157915159,node-1701428511,node-1701428509,Gopathy Narayana Road,secondary,58.8,,yes,3,13.0495356,80.247671,13.0492645,80.2472066
edge-157915161-339130556-250365191,157915161,node-339130556,node-250365191,Unnamed Road,primary,83.6,,yes,6,13.0507777,80.2499238,13.0514714,80.249906
edge-157915162-2068622278-2068622283,157915162,node-2068622278,node-2068622283,Gopathi Narayanaswami Road,secondary,297.33,,yes,7,13.0439749,80.238357,13.042662,80.2359683
edge-157989475-6799048018-303511150,157989475,node-6799048018,node-303511150,Anna Salai (Mount Road),primary,896.43,3,yes,12,13.0310314,80.23986,13.0264963,80.2330731
edge-157989483-247675875-298154859,157989483,node-247675875,node-298154859,Thirumalai Road,secondary,58.04,,yes,4,13.0524265,80.2410002,13.051942,80.2408139
edge-157989490-1702257640-1702257683,157989490,node-1702257640,node-1702257683,Unnamed Road,secondary_link,30.0,,yes,3,13.0450661,80.23999,13.045324,80.2400694
edge-157989495-1702257690-1702257674,157989495,node-1702257690,node-1702257674,Unnamed Road,secondary_link,26.45,,yes,3,13.0453311,80.2401427,13.045278,80.2403799
edge-157989497-1702257652-1702257592,157989497,node-1702257652,node-1702257592,Unnamed Road,secondary_link,25.41,,yes,4,13.045115,80.240477,13.0448962,80.2404096
edge-157989498-11777931844-1702257618,157989498,node-11777931844,node-1702257618,Unnamed Road,secondary_link,26.08,,yes,4,13.0448612,80.2403563,13.0448963,80.2401185
edge-163384134-256127481-370481503,163384134,node-256127481,node-370481503,Mount - Poonamallee - Avadi Road,primary,229.45,2,yes,7,13.0106444,80.1959435,13.0086596,80.1963563
edge-163384135-670686376-12809003400,163384135,node-670686376,node-12809003400,Mount - Poonamallee - Avadi Road,primary,978.34,3,yes,32,13.0106377,80.1958341,13.0165909,80.1895413
edge-175844953-247714535-366083009,175844953,node-247714535,node-366083009,Anna Salai (Mount Road),primary,70.21,,yes,3,13.0104614,80.2163283,13.0102073,80.2157351
edge-175844955-1864044165-1864044174,175844955,node-1864044165,node-1864044174,Anna Salai (Mount Road),primary,177.47,2,yes,8,13.0112821,80.2183624,13.0106908,80.2168423
edge-175845885-1864046652-9813770438,175845885,node-1864046652,node-9813770438,Puzhal Exit,trunk_link,663.72,1,yes,22,13.1480149,80.2061903,13.1524197,80.2092739
edge-176035957-1865961953-277587960,176035957,node-1865961953,node-277587960,Grand Northern Trunk Road,trunk,277.73,2,yes,7,13.1891269,80.1916799,13.186702,80.1921835
edge-176633549-1123352262-276517439,176633549,node-1123352262,node-276517439,Grand Northern Trunk Road,trunk,193.56,,yes,6,13.1547629,80.2063143,13.1560197,80.2050804
edge-176633550-1123352230-1123352268,176633550,node-1123352230,node-1123352268,Grand Northern Trunk Road,trunk,235.28,,yes,4,13.1548477,80.2063527,13.1535743,80.2080881
edge-177138876-1990726988-1875969724,177138876,node-1990726988,node-1875969724,Mayor Ramanathan Road (Spur Tank Road),secondary,199.22,,yes,8,13.0696407,80.2442737,13.0692053,80.2424997
edge-177370720-1878169822-1878169820,177370720,node-1878169822,node-1878169820,Vanagaram Bridge,primary,96.48,2,no,2,13.0626305,80.1519491,13.0618149,80.1516452
edge-177370722-11484539820-11484539859,177370722,node-11484539820,node-11484539859,Vanagaram - Ambathur - Puzhal Road,primary,9.8,2,yes,3,13.061602,80.1515762,13.0615238,80.1515345
edge-177370756-1183293264-11043964127,177370756,node-1183293264,node-11043964127,Unnamed Road,primary,147.61,3,yes,5,13.0879075,80.1612658,13.0892338,80.161318
edge-177463539-247684974-357985244,177463539,node-247684974,node-357985244,Unnamed Road,primary_link,78.06,,yes,4,13.0514975,80.2506815,13.0521933,80.2507339
edge-179221058-2197121274-30051246,179221058,node-2197121274,node-30051246,Unnamed Road,secondary,363.06,,yes,16,13.0348777,80.2569604,13.0380739,80.2566429
edge-179221059-247687720-247687711,179221059,node-247687720,node-247687711,Unnamed Road,secondary,299.89,,yes,10,13.038053,80.2567953,13.035403,80.2570117
edge-179221060-384600362-247688118,179221060,node-384600362,node-247688118,Mowbrays Road,secondary,22.0,,yes,2,13.0387877,80.2573172,13.0386236,80.2572037
edge-179253391-1896544511-277912669,179253391,node-1896544511,node-277912669,Medavakkam Main Road,primary,1756.83,,yes,51,12.9457697,80.1832739,12.9301847,80.1816204
edge-179253392-12756659507-3287846867,179253392,node-12756659507,node-3287846867,Mount - Medavakkam Road,primary,2106.54,,yes,45,12.9253979,80.1826477,12.9440494,80.1829517
edge-179253495-277913854-251298250,179253495,node-277913854,node-251298250,Mount - Medavakkam Road,primary,1487.65,2,yes,50,12.9690267,80.1898774,12.9811124,80.1954404
edge-179253585-1895991849-1895993286,179253585,node-1895991849,node-1895993286,Mount - Medavakkam Road,primary,36.64,,yes,2,12.9502854,80.1856188,12.9505984,80.1857245
edge-179259179-1896024211-1896024990,179259179,node-1896024211,node-1896024990,Major Mukund Varadharajan Salai,primary,318.32,4,yes,11,12.9457651,80.2090282,12.9431474,80.20787
edge-179259180-964604190-964671673,179259180,node-964604190,node-964671673,Major Mukund Varadharajan Salai,primary,266.76,4,yes,9,12.9432528,80.2077917,12.9454726,80.2087023
edge-179259795-2190710273-2052912543,179259795,node-2190710273,node-2052912543,Major Mukund Varadharajan Salai,primary,909.96,4,yes,26,12.9281653,80.1993251,12.9208469,80.1968873
edge-179259799-9806178142-1937742729,179259799,node-9806178142,node-1937742729,Major Mukund Varadharajan Salai,primary,2786.4,4,yes,91,12.9209727,80.196799,12.9418588,80.2063839
edge-183386138-2186599534-7103942259,183386138,node-2186599534,node-7103942259,Major Mukund Varadharajan Salai,primary,3059.84,3,yes,64,12.9228468,80.1522439,12.9191727,80.1792862
edge-183386551-1937587133-1937587122,183386551,node-1937587133,node-1937587122,Major Mukund Varadharajan Salai,primary,927.53,2,yes,13,12.9234398,80.1193012,12.9229768,80.1278462
edge-183979519-1453486869-4844625020,183979519,node-1453486869,node-4844625020,Rajiv Gandhi Salai,primary,193.97,3,yes,7,12.9549082,80.2428276,12.9565447,80.2434461
edge-184110366-1945634142-1945613008,184110366,node-1945634142,node-1945613008,Rajiv Gandhi Salai,primary,101.21,2,yes,2,12.9243498,80.2309097,12.9234475,80.2307872
edge-184110807-3890539079-1945634142,184110807,node-3890539079,node-1945634142,Rajiv Gandhi Salai,primary,2316.2,2,yes,57,12.9438098,80.2376395,12.9243498,80.2309097
edge-184110853-4844625322-1178006170,184110853,node-4844625322,node-1178006170,Rajiv Gandhi Salai,primary,570.14,3,yes,18,12.9562914,80.243553,12.9515257,80.2416182
edge-184429525-1666813755-978588870,184429525,node-1666813755,node-978588870,Pallavaram - Thoraipakkam Road,primary,951.55,,yes,8,12.9499502,80.2347944,12.9495728,80.2260318
edge-184429624-1949066122-1949066120,184429624,node-1949066122,node-1949066120,Unnamed Road,primary_link,52.53,,yes,5,12.9486826,80.240571,12.949,80.240227
edge-184720014-30037248-30037247,184720014,node-30037248,node-30037247,EVR Periyar Salai,primary,291.33,,yes,11,13.0766849,80.2380064,13.0773336,80.2406122
edge-184720015-30037250-30037248,184720015,node-30037250,node-30037248,EVR Periyar Salai,primary,455.33,2,yes,7,13.0758601,80.2338889,13.0766849,80.2380064
edge-184720016-309324987-30037250,184720016,node-309324987,node-30037250,New Avadi Road,secondary,13.59,,yes,2,13.0757405,80.2339148,13.0758601,80.2338889
edge-184720018-248697312-2197202962,184720018,node-248697312,node-2197202962,Venkatanarayana Road,secondary,628.61,,yes,13,13.0343838,80.2375933,13.0391816,80.2345288
edge-184733101-309338811-5455846947,184733101,node-309338811,node-5455846947,Kilpauk Garden Road,secondary,350.64,,yes,8,13.0831386,80.2306143,13.0835669,80.2338076
edge-184733107-5455846938-5455846937,184733107,node-5455846938,node-5455846937,New Avadi Road,secondary,17.92,,yes,3,13.083546,80.2338912,13.0833882,80.2338602
edge-184733114-1952450351-1952450351,184733114,node-1952450351,node-1952450351,Unnamed Road,secondary,46.79,2,yes,18,13.0833909,80.2255,13.0833909,80.2255
edge-184733116-1952450382-1952450351,184733116,node-1952450382,node-1952450351,1st Avenue,secondary,258.8,,yes,5,13.0852392,80.2240492,13.0833909,80.2255
edge-186080195-309316816-343155049,186080195,node-309316816,node-343155049,EVR Periyar Salai,primary,1739.97,,yes,27,13.0765787,80.2380274,13.0741557,80.2223795
edge-186477184-13067792373-2198054401,186477184,node-13067792373,node-2198054401,Sardar Patel Road,primary,742.91,2,yes,4,13.0078132,80.2350579,13.0091482,80.2283395
edge-186797300-248467788-248467786,186797300,node-248467788,node-248467786,Gengu Reddy Road,secondary,31.83,,no,3,13.0749652,80.2522212,13.074681,80.252256
edge-186797302-1975496427-1975496648,186797302,node-1975496427,node-1975496648,Mahalingapuram Main Road,secondary,825.98,2,yes,24,13.0561275,80.234784,13.0612287,80.2374505
edge-186797303-1975496644-1975496659,186797303,node-1975496644,node-1975496659,Tank Bund Road,secondary,184.56,,yes,5,13.0610778,80.23743,13.0622758,80.236259
edge-186797304-245579202-1975496648,186797304,node-245579202,node-1975496648,Tank Bund Road,secondary,173.42,,yes,6,13.0623216,80.23631,13.0612287,80.2374505
edge-186797309-1975496648-1975496482,186797309,node-1975496648,node-1975496482,Tank Bund Road,secondary,732.64,,yes,19,13.0612287,80.2374505,13.0569952,80.2425522
edge-186797310-1975496482-247675888,186797310,node-1975496482,node-247675888,Tank Bund Road,secondary,39.36,,yes,6,13.0569952,80.2425522,13.0572301,80.2427961
edge-186797313-2197496762-1975496446,186797313,node-2197496762,node-1975496446,Valluvar Kottam High Road,secondary,501.92,,yes,23,13.0526376,80.2417737,13.0569224,80.2428023
edge-186797314-247675888-264480734,186797314,node-247675888,node-264480734,Valluvar Kottam High Road,secondary,615.98,,yes,18,13.0572301,80.2427961,13.0626243,80.2433398
edge-187026007-1977806980-1977806976,187026007,node-1977806980,node-1977806976,Entry Ramp,motorway_link,43.97,,yes,2,13.0841423,80.1618075,13.0837814,80.1616415
edge-187026019-1977806978-1977806982,187026019,node-1977806978,node-1977806982,Exit Ramp,motorway_link,47.19,,yes,2,13.0839981,80.1614822,13.0844035,80.1613534
edge-188036068-243061242-243061240,188036068,node-243061242,node-243061240,Musiri Subramanium Road,secondary,255.01,,yes,9,13.0375787,80.2643714,13.0397999,80.2646004
edge-189500784-2001077836-2001025756,189500784,node-2001077836,node-2001025756,Thanikachalam Road,secondary,407.84,,yes,10,13.0390937,80.2397784,13.0354525,80.2393377
edge-192305875-978534715-978534832,192305875,node-978534715,node-978534832,Inner Ring Road (Southern Sector),primary,187.82,,yes,4,12.9969354,80.1931563,12.9982712,80.1920954
edge-192305876-309416634-978534789,192305876,node-309416634,node-978534789,Inner Ring Road (Southern Sector),primary,191.68,,yes,2,12.9983834,80.192244,12.9970212,80.1933281
edge-192305877-2028632231-6307286847,192305877,node-2028632231,node-6307286847,Inner Ring Road (Southern Sector),primary,219.36,,yes,3,12.9967364,80.1934097,12.9947641,80.1934236
edge-194428736-5745671527-10285915623,194428736,node-5745671527,node-10285915623,Semmozhi Salai,primary,2503.39,2,yes,57,12.914408,80.1947926,12.9035176,80.2129377
edge-194429033-9526179480-12756659507,194429033,node-9526179480,node-12756659507,Medavakkam Koot Road,primary,574.95,,no,12,12.9204157,80.1839981,12.9253979,80.1826477
edge-194432821-13859512767-7831963784,194432821,node-13859512767,node-7831963784,Medavakkam - Mambakkam - Sembakkam Road,primary,2259.06,2,yes,50,12.9098216,80.1915099,12.894235,80.1804518
edge-198548969-7823010977-7823010978,198548969,node-7823010977,node-7823010978,Pallavaram - Thoraipakkam Road,primary,8.58,,yes,2,12.9490814,80.1853024,12.9490895,80.1852237
edge-198549091-7823010978-8049513012,198549091,node-7823010978,node-8049513012,Pallavaram - Thoraipakkam Road,primary,515.16,,yes,7,12.9490895,80.1852237,12.9498088,80.1805309
edge-198549092-2086707964-13432320697,198549092,node-2086707964,node-13432320697,Pallavaram - Thoraipakkam Road,primary,1100.76,,yes,20,12.9491642,80.1853366,12.9485702,80.195472
edge-203214151-338406694-9370418225,203214151,node-338406694,node-9370418225,Velachery Bypass Road,primary,457.44,2,yes,13,12.9874624,80.2182229,12.9913927,80.2194492
edge-203731451-30037959-6538913407,203731451,node-30037959,node-6538913407,Grand Southern Trunk Road,trunk,492.0,,yes,15,12.9961305,80.189484,12.9939552,80.1855396
edge-203731452-978534832-30037959,203731452,node-978534832,node-30037959,Grand Southern Trunk Road,trunk,369.88,3,yes,4,12.9982712,80.1920954,12.9961305,80.189484
edge-204209805-256039818-256119277,204209805,node-256039818,node-256119277,Anna Salai (Mount Road),primary,256.27,,yes,6,13.0080754,80.2093905,13.0077142,80.2070545
edge-204242709-338406779-7111954111,204242709,node-338406779,node-7111954111,Velachery Main Road,secondary,8.97,2,yes,2,12.9916507,80.2195487,12.9915857,80.2195977
edge-204242711-11938949873-249112798,204242711,node-11938949873,node-249112798,Velachery Main Road,secondary,80.61,,yes,5,12.9908569,80.2200706,12.9914386,80.2196271
edge-205773150-1184617250-2157590791,205773150,node-1184617250,node-2157590791,Velachery Main Road,secondary,281.51,2,yes,10,12.9948066,80.2171837,12.9971957,80.216481
edge-205773352-7111954110-338406792,205773352,node-7111954110,node-338406792,Velachery Main Road,secondary,9.07,,yes,2,12.9915416,80.2195552,12.9916066,80.2195047
edge-205781313-2157590801-366081884,205781313,node-2157590801,node-366081884,Five Furlong Road,secondary,40.3,,no,4,12.997438,80.2162638,12.9972089,80.2165504
edge-205781317-2157590791-11158696492,205781317,node-2157590791,node-11158696492,Velachery Main Road,secondary,1743.73,2,yes,33,12.9971957,80.216481,13.0112009,80.2230702
edge-205781579-2157593527-1184617250,205781579,node-2157593527,node-1184617250,Velachery Main Road,secondary,112.07,1,yes,3,12.9939784,80.2177732,12.9948066,80.2171837
edge-206642422-10281689715-11626351138,206642422,node-10281689715,node-11626351138,Bazaar Main Road,secondary,334.4,2,no,18,12.9645643,80.2113062,12.9639105,80.2143004
edge-206793336-2157590814-247714661,206793336,node-2157590814,node-247714661,Chakrapani Street,secondary,184.64,1,yes,9,13.0037212,80.2119433,13.0052438,80.2125876
edge-206793337-2168356844-2157590814,206793337,node-2168356844,node-2157590814,Five Furlong Road,secondary,14.65,,yes,3,13.0036069,80.2120106,13.0037212,80.2119433
edge-206819131-250363460-2168721227,206819131,node-250363460,node-2168721227,Vandiakran Street,secondary,261.58,,no,13,13.0288916,80.2240458,13.0311818,80.2239779
edge-208359677-301706517-2197525484,208359677,node-301706517,node-2197525484,Velachery MRTS Bridge,primary,10.43,,yes,2,12.9705274,80.2187124,12.9706155,80.2187455
edge-208567679-2188511165-1183471397,208567679,node-2188511165,node-1183471397,Kutchery Road,secondary,6.09,,no,2,13.0364809,80.268535,13.0364529,80.2685833
edge-208567680-408014947-407982148,208567680,node-408014947,node-407982148,Luz Church Road,secondary,224.09,,yes,5,13.0371226,80.2663052,13.0376204,80.2643051
edge-208567684-2188511237-2197121338,208567684,node-2188511237,node-2197121338,Sullivan Garden Road,secondary,292.46,,yes,9,13.041604,80.2648372,13.0410213,80.2674565
edge-208567707-2188511249-2188511237,208567707,node-2188511249,node-2188511237,Unnamed Road,secondary,15.3,,yes,4,13.0416723,80.2647314,13.041604,80.2648372
edge-209491491-249797441-249797454,209491491,node-249797441,node-249797454,Doctor Ranga Road,secondary,580.16,,no,21,13.0333235,80.256884,13.0331354,80.2621661
edge-209503010-407982148-249797560,209503010,node-407982148,node-249797560,Luz Church Road,secondary,35.78,,no,3,13.0376204,80.2643051,13.037609,80.2639776
edge-209503012-2068622270-2197202980,209503012,node-2068622270,node-2197202980,Sir Thyagaraya Road,secondary,651.29,3,yes,8,13.0412393,80.2340001,13.0404287,80.2399497
edge-209503013-2197121338-6777049813,209503013,node-2197121338,node-6777049813,Sullivan Garden Road,secondary,84.42,,yes,3,13.0410213,80.2674565,13.0409067,80.2682268
edge-209503015-2197121340-2197121355,209503015,node-2197121340,node-2197121355,Thiruvika Salai,secondary,179.17,,yes,6,13.0410763,80.2681873,13.0426605,80.2679907
edge-209513213-12249915058-5733272650,209513213,node-12249915058,node-5733272650,Doraiswamy Subway,secondary,284.84,,no,4,13.0409917,80.2299253,13.0415963,80.227371
edge-209513219-2001005468-308448447,209513219,node-2001005468,node-308448447,Venkatanarayana Road,secondary,184.41,,yes,3,13.0391393,80.2346666,13.037729,80.2355623
edge-209513223-2197415878-12485907889,209513223,node-2197415878,node-12485907889,North Usman Road,secondary,31.63,,yes,3,13.0537064,80.2347097,13.0534777,80.2345752
edge-209514721-11951550406-11951550378,209514721,node-11951550406,node-11951550378,South Usman Road,secondary,221.73,,no,6,13.0347438,80.2303139,13.0366856,80.2307122
edge-209514726-5733272649-2197415649,209514726,node-5733272649,node-2197415649,Doraiswamy Road,secondary,83.67,,yes,3,13.0409604,80.230298,13.0407899,80.2310502
edge-209535227-2197496767-2197415853,209535227,node-2197496767,node-2197415853,Doctor M.G.R. Salai,primary,140.47,,yes,6,13.0526971,80.2446102,13.0528336,80.2433271
edge-209535232-2197215561-2167071723,209535232,node-2197215561,node-2167071723,Doraiswamy Road,secondary,21.43,,yes,3,13.0405292,80.2319334,13.0405662,80.2317393
edge-209535238-298387415-250364055,209535238,node-298387415,node-250364055,Kodambakkam Railway Flyover,primary,11.47,,yes,2,13.0538558,80.23404,13.0538997,80.2341358
edge-209535246-2197415869-1975496413,209535246,node-2197415869,node-1975496413,Mahalingapuram Flyover,secondary,261.18,2,no,6,13.0532748,80.234457,13.0555881,80.2347533
edge-209535248-12486035346-2197215561,209535248,node-12486035346,node-2197215561,Panagal Park,secondary,189.9,,yes,11,13.0406083,80.2334299,13.0405292,80.2319334
edge-209535249-10617311560-2197215572,209535249,node-10617311560,node-2197215572,Panagal Park,secondary,69.92,,yes,5,13.0407959,80.2325732,13.0410175,80.231975
edge-209535251-2197215572-2197215611,209535251,node-2197215572,node-2197215611,Panagal Park,secondary,164.08,,yes,7,13.0410175,80.231975,13.0422,80.2324897
edge-209535277-2197415908-314625102,209535277,node-2197415908,node-314625102,Unnamed Road,secondary,222.47,1,yes,4,13.0557772,80.2347628,13.0537918,80.2347556
edge-209546154-309213773-247684414,209546154,node-309213773,node-247684414,Doctor M.G.R. Salai,primary,506.95,2,yes,11,13.0537205,80.2501813,13.0527693,80.2456064
edge-209546156-13900727199-2197496779,209546156,node-13900727199,node-2197496779,Doctor M.G.R. Salai,primary,438.44,,yes,12,13.0537671,80.2500088,13.0529053,80.2460611
edge-209546177-2197496760-321713462,209546177,node-2197496760,node-321713462,Unnamed Road,primary_link,82.19,,yes,4,13.052605,80.2420532,13.0523092,80.2413662
edge-209549878-12483820630-2197525463,209549878,node-12483820630,node-2197525463,Unnamed Road,primary,260.91,,yes,13,12.969783,80.2186821,12.9679817,80.2175777
edge-209549881-338282591-338282588,209549881,node-338282591,node-338282588,Velachery MRTS Bridge,primary,10.22,,yes,2,12.9705616,80.2188686,12.9704783,80.2188288
edge-209549882-1241211254-10120161745,209549882,node-1241211254,node-10120161745,Major Mukund Varadharajan Salai,primary,433.59,,yes,16,12.9719744,80.2192589,12.9755689,80.2207817
edge-209549883-7825578381-7825587412,209549883,node-7825578381,node-7825587412,Inner Ring Road (Southern Sector),primary,19.74,,yes,2,12.9737394,80.2100692,12.973591,80.2099693
edge-209561022-248467520-10945643906,209561022,node-248467520,node-10945643906,Adithanar Road,secondary,149.89,,yes,10,13.0727188,80.2625902,13.0731562,80.2612858
edge-209561027-2197640152-248467601,209561027,node-2197640152,node-248467601,Gandhi Irwin Bridge,secondary,29.92,2,yes,2,13.0788431,80.2653379,13.0791086,80.2652929
edge-209561030-13880733753-13880733751,209561030,node-13880733753,node-13880733751,Pantheon Road,secondary,455.97,,yes,7,13.070985,80.2584476,13.0680858,80.2554712
edge-209561033-13880733752-248468931,209561033,node-13880733752,node-248468931,Unnamed Road,secondary_link,475.85,,yes,17,13.0710396,80.2585059,13.0680302,80.2554184
edge-209562042-2197652478-2197652356,209562042,node-2197652478,node-2197652356,Gandhi Irwin Bridge,secondary,30.01,2,yes,2,13.0791483,80.2653874,13.0788816,80.26543
edge-209562047-30037235-2197652486,209562047,node-30037235,node-2197652486,Langs Garden Road,secondary,12.5,,yes,2,13.0807843,80.2651669,13.0806923,80.2652332
edge-209562050-248467601-2197652485,209562050,node-248467601,node-2197652485,Langs Garden Park,secondary,175.51,,yes,3,13.0791086,80.2652929,13.0806787,80.2651321
edge-209582669-1954341218-2241060226,209582669,node-1954341218,node-2241060226,Unnamed Road,primary,325.28,2,yes,9,13.0103252,80.2278402,13.0103276,80.2258148
edge-209613170-2198054401-30268464,209613170,node-2198054401,node-30268464,Unnamed Road,primary_link,116.36,,yes,21,13.0091482,80.2283395,13.0091943,80.2286092
edge-210441982-251298780-280080806,210441982,node-251298780,node-280080806,Grand Southern Trunk Road,trunk,2989.4,3,yes,35,12.9939188,80.185461,12.9795371,80.1623191
edge-211260240-2212827711-2212827709,211260240,node-2212827711,node-2212827709,Dr. Guruswamy bridge,primary,72.05,,yes,2,13.0739025,80.2405955,13.0732799,80.2407798
edge-211260241-2212827708-2212827710,211260241,node-2212827708,node-2212827710,Dr. Guruswamy bridge,primary,71.98,,yes,4,13.0732636,80.2407247,13.0738862,80.2405428
edge-211260242-13774656784-2212827520,211260242,node-13774656784,node-2212827520,Gandhi Mandapam Road,secondary,16.55,2,yes,2,13.0067862,80.2401866,13.0069328,80.240213
edge-211260243-1990726991-10069835043,211260243,node-1990726991,node-10069835043,Mayor Ramanathan Road (Spur Tank Road),secondary,877.75,,yes,26,13.0698034,80.2445468,13.0723115,80.2521825
edge-211260244-13961986501-1280647043,211260244,node-13961986501,node-1280647043,Mc Nichols Road,primary,344.53,,yes,9,13.0724266,80.2411603,13.0695581,80.2423102
edge-211260248-243064548-11033738972,211260248,node-243064548,node-11033738972,Venkatakrishna Iyer Road,secondary,180.13,,yes,6,13.0262774,80.2659605,13.0265194,80.2643167
edge-211260255-2213431439-2212827711,211260255,node-2213431439,node-2212827711,Unnamed Road,primary,330.9,,yes,6,13.076866,80.2406702,13.0739025,80.2405955
edge-211331127-2213431458-2213431439,211331127,node-2213431458,node-2213431439,Unnamed Road,primary_link,69.26,,yes,5,13.077325,80.2410906,13.076866,80.2406702
edge-211435477-2214510423-2214510423,211435477,node-2214510423,node-2214510423,Elephant Gate Bridge Road,secondary,72.94,,yes,22,13.0906139,80.2695087,13.0906139,80.2695087
edge-211435482-2214510439-2214510385,211435482,node-2214510439,node-2214510385,Raja Muthiah Road,secondary,250.8,,yes,8,13.0907055,80.2695843,13.0885645,80.2698748
edge-211435483-2214510152-2214510423,211435483,node-2214510152,node-2214510423,Raja Muthiah Road,secondary,727.85,,yes,19,13.0843346,80.2704317,13.0906139,80.2695087
edge-211435484-7030452351-10201011110,211435484,node-7030452351,node-10201011110,Raja Muthiah Road,secondary,223.41,2,yes,5,13.0833269,80.270656,13.0813354,80.2709288
edge-211435486-254491165-2214510152,211435486,node-254491165,node-2214510152,Vepery High Road,secondary,873.41,,yes,22,13.0856393,80.2625542,13.0843346,80.2704317
edge-211435487-247691288-2482072908,211435487,node-247691288,node-2482072908,Wallajah Road,secondary,787.68,,yes,20,13.0647735,80.2782924,13.0681631,80.2719978
edge-211435489-2214509249-247692001,211435489,node-2214509249,node-247692001,Wallajah Road,secondary,262.03,,yes,7,13.0648674,80.2783915,13.0643907,80.280742
edge-211669392-2216437902-243066466,211669392,node-2216437902,node-243066466,Royapettah High Road,secondary,437.43,1,yes,18,13.0489866,80.2649266,13.0522924,80.2637854
edge-211669393-2216437786-2216437782,211669393,node-2216437786,node-2216437782,Thiru Vi Ka Flyover,secondary,74.81,1,no,2,13.0435345,80.2674604,13.0429571,80.2678149
edge-211669396-2216437809-2216437786,211669396,node-2216437809,node-2216437786,Thiru Vi Ka Flyover,secondary,174.32,1,no,5,13.0449334,80.2667487,13.0435345,80.2674604
edge-211669398-2197121354-9728607870,211669398,node-2197121354,node-9728607870,Thiruvika Salai,secondary,412.62,,yes,13,13.0425503,80.2681192,13.0389366,80.2676627
edge-211669399-2216438096-6773886697,211669399,node-2216438096,node-6773886697,Westcott Road,secondary,326.91,,yes,8,13.0539228,80.2641252,13.0568118,80.2646346
edge-214130790-364649093-310004914,214130790,node-364649093,node-310004914,Mount - Poonamallee - Avadi Road,primary,90.68,3,yes,3,13.0179409,80.1870733,13.0185999,80.1865813
edge-214356679-2239156134-2197415803,214356679,node-2239156134,node-2197415803,Mahalingapuram Flyover,secondary,7.48,,yes,2,13.0518366,80.2339931,13.0518649,80.2340557
edge-214356690-250363456-7035475575,214356690,node-250363456,node-7035475575,Unnamed Road,secondary,540.25,,yes,16,13.02859,80.2240573,13.0299323,80.2273414
edge-214413795-9412787734-30037867,214413795,node-9412787734,node-30037867,Anna Salai (Mount Road),primary,144.59,,yes,6,13.0155164,80.2250894,13.0167311,80.2252306
edge-214413798-2241058223-366083007,214413798,node-2241058223,node-366083007,Anna Salai (Mount Road),primary,358.33,,yes,7,13.0090089,80.2116525,13.0101593,80.2147387
edge-214413807-259183482-9572798757,214413807,node-259183482,node-9572798757,General Hospital Road,primary,264.34,,yes,11,13.0814038,80.2733909,13.0809032,80.271008
edge-214413808-303283557-2271543383,214413808,node-303283557,node-2271543383,General Hospital Road,primary,197.81,2,yes,5,13.081814,80.2760534,13.0820917,80.2778503
edge-214413814-338720677-315264821,214413814,node-338720677,node-315264821,Jawaharlal Nehru Road (100 Feet Road),primary,146.01,2,yes,4,13.0759334,80.1990474,13.0772399,80.1989258
edge-214413816-833105011-315264073,214413816,node-833105011,node-315264073,Jawaharlal Nehru Road (100 Feet Road),primary,317.29,3,yes,9,13.074276,80.1999988,13.0723474,80.2021568
edge-214413817-6497877508-1168642548,214413817,node-6497877508,node-1168642548,Kaliamman Koil Street,secondary,268.83,,yes,7,13.0719253,80.2020481,13.0698152,80.2008548
edge-214413819-30268342-30268341,214413819,node-30268342,node-30268341,Kaliamman Koil Street,secondary,311.0,,yes,7,13.0697591,80.2006685,13.0722066,80.2020355
edge-214413821-1168642565-1168642560,214413821,node-1168642565,node-1168642560,Kaliamman Koil Street,secondary,454.79,,yes,5,13.0697047,80.2007812,13.0660749,80.1988464
edge-214413823-256039861-256118948,214413823,node-256039861,node-256118948,Kathipara Interchange Flyover,primary,181.53,,yes,9,13.0065816,80.2032283,13.0081079,80.2036735
edge-214413827-832908531-832908035,214413827,node-832908531,node-832908035,EVR Periyar Salai Flyover,primary,70.33,2,yes,4,13.0762972,80.2013825,13.0763914,80.2007413
edge-214413828-11465900505-5562486541,214413828,node-11465900505,node-5562486541,Rajiv Gandhi IT Expressway,primary,446.23,3,yes,6,13.0011876,80.2479516,13.0051386,80.2472642
edge-214413829-310102882-12625583473,214413829,node-310102882,node-12625583473,Old Mahapalipuram Road,primary,10.54,3,yes,2,12.9878116,80.2514435,12.9877203,80.2514698
edge-214413833-310102870-30268466,214413833,node-310102870,node-30268466,Sardar Patel Road,primary,38.64,2,yes,3,13.0067702,80.2472648,13.0067745,80.2476214
edge-214413836-256035580-6496965128,214413836,node-256035580,node-6496965128,Taluk Office Road,primary,142.75,4,yes,5,13.0150158,80.2260049,13.013815,80.2264693
edge-214413838-310535870-1183401849,214413838,node-310535870,node-1183401849,West Avenue Road,primary,42.33,,yes,3,12.9879188,80.2514186,12.9879862,80.251803
edge-214413840-304920850-308238065,214413840,node-304920850,node-308238065,Kathipara Interchange Flyover,primary,83.44,,yes,4,13.0074079,80.2031043,13.0073478,80.2023399
edge-214413842-832908057-832908287,214413842,node-832908057,node-832908287,EVR Periyar Salai Flyover,primary,95.97,2,yes,5,13.0763761,80.1998685,13.0764791,80.2007458
edge-214413846-2250346323-10010399219,214413846,node-2250346323,node-10010399219,Inner Ring Road,primary,226.65,,yes,8,13.0340394,80.2120523,13.0320337,80.2117894
edge-214413848-310535940-310535939,214413848,node-310535940,node-310535939,22nd Street,primary,190.9,,yes,2,12.9839318,80.2594369,12.984174,80.2576927
edge-214598727-247714030-247714177,214598727,node-247714030,node-247714177,Alandur Road,secondary,330.29,,no,4,13.009488,80.2110096,13.0118396,80.2128717
edge-214598729-1701464454-357985353,214598729,node-1701464454,node-357985353,Anna Flyover,primary,82.59,,yes,4,13.0515514,80.2502562,13.0521581,80.2506926
edge-214598730-1701464453-301947509,214598730,node-1701464453,node-301947509,Anna Flyover,primary,185.5,,yes,5,13.0515471,80.2503067,13.0499391,80.2498734
edge-214598751-11238112972-247714658,214598751,node-11238112972,node-247714658,Racecourse Road,secondary,67.43,2,yes,4,13.0068768,80.2127845,13.0062789,80.2128454
edge-214598753-2241055918-30037862,214598753,node-2241055918,node-30037862,Racecourse Road,secondary,543.64,,yes,16,13.0080425,80.2131551,13.0109201,80.2170576
edge-214599140-313444647-256039832,214599140,node-313444647,node-256039832,Unnamed Road,primary_link,62.76,,yes,5,13.0104217,80.2149936,13.0107529,80.2153943
edge-214698554-966544036-966544065,214698554,node-966544036,node-966544065,Stanley Viaduct,secondary,533.79,,yes,36,13.0772072,80.2761802,13.0814289,80.275141
edge-215569984-10010399219-2250346222,215569984,node-10010399219,node-2250346222,11th Avenue,secondary,451.28,,yes,9,13.0320337,80.2117894,13.0314435,80.2159063
edge-215762527-1723299491-250363466,215762527,node-1723299491,node-250363466,Govindan Road,secondary,430.66,,no,15,13.032232,80.2205551,13.0311889,80.2242997
edge-217674878-14136367260-254141713,217674878,node-14136367260,node-254141713,North Wall Road,secondary,387.98,,yes,10,13.1052758,80.2792397,13.1038999,80.2759489
edge-217674879-2269872900-311291036,217674879,node-2269872900,node-311291036,Old Jail Road,primary_link,233.69,,yes,8,13.105792,80.2799838,13.1054497,80.2820646
edge-217674880-2269872906-1184222573,217674880,node-2269872906,node-1184222573,Vijayaraghavelu Road,secondary,156.47,,yes,7,13.1058397,80.2798166,13.1071872,80.2802233
edge-217674887-12896051519-12896051519,217674887,node-12896051519,node-12896051519,Mint Junction,secondary,86.54,,yes,23,13.1056093,80.2798378,13.1056093,80.2798378
edge-217695321-309062020-309061767,217695321,node-309062020,node-309061767,Anna Salai,primary,706.72,,yes,15,13.0741199,80.2768684,13.0785385,80.2815328
edge-217695322-309061637-309061743,217695322,node-309061637,node-309061743,Anna Salai,primary,134.17,,yes,5,13.0735535,80.2765139,13.0727639,80.2755773
edge-217845078-2271487902-2271487875,217845078,node-2271487902,node-2271487875,Wall Tax Road,trunk,1068.34,,yes,21,13.1019385,80.2744605,13.0924682,80.2752986
edge-217845079-2271477981-13744957882,217845079,node-2271477981,node-13744957882,Wall Tax Road,trunk,2484.96,,yes,38,13.0818797,80.2761962,13.1038387,80.2735046
edge-217848741-2271543483-247438731,217848741,node-2271543483,node-247438731,Esplanade,secondary,85.47,,yes,4,13.0856838,80.2845759,13.0864305,80.2847631
edge-217848742-310505387-2271543377,217848742,node-310505387,node-2271543377,Evening Bazaar Road,secondary,175.4,,yes,7,13.0833505,80.2790026,13.0820195,80.2782268
edge-217848743-2271543383-303284180,217848743,node-2271543383,node-303284180,General Hospital Road,primary,417.83,,yes,6,13.0820917,80.2778503,13.082379,80.2816954
edge-217848745-247439426-310505822,217848745,node-247439426,node-310505822,Memorial Hall Road,secondary,110.65,2,yes,5,13.083387,80.2781193,13.0837083,80.2790854
edge-217848746-5939197605-10604028601,217848746,node-5939197605,node-10604028601,Muthuswamy Bridge,primary,158.75,,yes,5,13.0803358,80.2808888,13.0792711,80.2818635
edge-217848747-5939197622-10536336507,217848747,node-5939197622,node-10536336507,Muthuswamy Road,primary,752.91,,yes,30,13.0791132,80.2820156,13.0736986,80.2860363
edge-217848748-303284180-9913682314,217848748,node-303284180,node-9913682314,Muthuswamy Road,primary,368.85,,yes,5,13.082379,80.2816954,13.0850451,80.2836834
edge-217848749-11299713964-2271543426,217848749,node-11299713964,node-2271543426,North Fort Road,primary,372.6,,yes,7,13.0851394,80.2878603,13.0852831,80.2844352
edge-217848750-247435502-254122058,217848750,node-247435502,node-254122058,Rajaji Salai,primary,1188.25,,yes,33,13.0921803,80.2915343,13.1019151,80.2932608
edge-217848751-248332846-30237377,217848751,node-248332846,node-30237377,Rajaji Salai,primary,1089.17,,yes,31,13.0736861,80.2853397,13.0826299,80.288992
edge-217848752-10536336507-270432730,217848752,node-10536336507,node-270432730,Rajaji Salai,primary,499.04,,yes,19,13.0736986,80.2860363,13.0694322,80.2846947
edge-217848757-258987137-258987175,217848757,node-258987137,node-258987175,Unnamed Road,primary,13.7,,no,3,13.0855776,80.2890909,13.0856645,80.2890012
edge-217859486-311313186-2269872901,217859486,node-311313186,node-2269872901,Basin Bridge Road,secondary,287.21,,yes,13,13.1049883,80.2772529,13.1057872,80.2797613
edge-217878628-254497284-254497334,217878628,node-254497284,node-254497334,D'Mellows Salai,secondary,308.81,2,no,10,13.0971913,80.262432,13.0985871,80.2599941
edge-217923919-11939438383-6758966405,217923919,node-11939438383,node-6758966405,New Avadi Road,primary,466.19,,yes,2,13.0985233,80.213841,13.1003211,80.2099523
edge-217935496-276517804-2272421653,217935496,node-276517804,node-2272421653,Tank Bund Road,primary,120.26,,no,8,13.1097153,80.2441092,13.1087004,80.2442464
edge-217935500-2272421653-2272421686,217935500,node-2272421653,node-2272421686,Morasali Maran Flyover,primary,143.34,,yes,15,13.1087004,80.2442464,13.1090287,80.2436484
edge-217940515-290017682-290017434,217940515,node-290017682,node-290017434,Sathyamoorty Nagar Main Road,secondary,511.14,,yes,14,13.115294,80.2657274,13.1198805,80.2657245
edge-218212351-290018578-290017389,218212351,node-290018578,node-290017389,Meenambal Road,secondary,461.35,,no,16,13.1313808,80.2588636,13.1272383,80.2590683
edge-219516145-832908378-832908078,219516145,node-832908378,node-832908078,Unnamed Road,primary_link,209.58,2,yes,12,13.0758868,80.1976067,13.077086,80.1989372
edge-219560962-276744047-1183216807,219560962,node-276744047,node-1183216807,Unnamed Road,secondary,113.44,,no,3,13.1218746,80.1673092,13.12167,80.1662829
edge-219789894-11936637469-247439426,219789894,node-11936637469,node-247439426,South Mint Street,secondary,142.68,,yes,4,13.0821094,80.277998,13.083387,80.2781193
edge-231391866-256118948-256039867,231391866,node-256118948,node-256039867,Kathipara Interchange Flyover,primary,461.76,,yes,10,13.0081079,80.2036735,13.0122396,80.2038399
edge-237376083-1864046652-1123352263,237376083,node-1864046652,node-1123352263,Chennai Bypass,trunk_link,584.04,3,yes,17,13.1480149,80.2061903,13.1516253,80.2096825
edge-237376084-1123352254-1123352262,237376084,node-1123352254,node-1123352262,Grand Northern Trunk Road,trunk,238.26,,yes,3,13.1534491,80.208052,13.1547629,80.2063143
edge-237376085-1123352253-278753968,237376085,node-1123352253,node-278753968,Grand Northern Trunk Road,trunk,1396.64,,yes,26,13.1524806,80.2095317,13.1450313,80.2198679
edge-237621391-257936959-2168882011,237621391,node-257936959,node-2168882011,Konnur High Road,secondary,182.66,,no,7,13.1032282,80.2075541,13.1038545,80.2059999
edge-237621834-611733908-611549962,237621834,node-611733908,node-611549962,Unnamed Road,secondary,26.27,,yes,2,13.0857918,80.2503802,13.0858562,80.2501468
edge-237621835-611549962-611549961,237621835,node-611549962,node-611549961,Purasawalkam High Road,secondary,508.28,,yes,12,13.0858562,80.2501468,13.0856138,80.2454622
edge-237621836-347442182-10696401423,237621836,node-347442182,node-10696401423,EVR Periyar Salai,primary,256.05,,yes,13,13.0788244,80.254279,13.0787742,80.2519217
edge-237621837-254491131-254491132,237621837,node-254491131,node-254491132,Gangadeeshwar Koil Street,secondary,73.79,,yes,4,13.0823253,80.25447,13.081772,80.2542563
edge-237621838-12717900614-30037235,237621838,node-12717900614,node-30037235,EVR Periyar Salai,primary,909.98,,yes,22,13.0792164,80.2569471,13.0807843,80.2651669
edge-237621839-254491104-611733908,237621839,node-254491104,node-611733908,Millers Road,primary,469.3,,yes,8,13.0816366,80.2496246,13.0857918,80.2503802
edge-239287242-1121392665-13394506370,239287242,node-1121392665,node-13394506370,Grand Southern Trunk Road,trunk,684.22,,yes,30,13.0037285,80.2009986,13.0014659,80.196112
edge-240320629-2198054401-2241060226,240320629,node-2198054401,node-2241060226,Sardar Patel Road,primary,303.98,2,yes,5,13.0091482,80.2283395,13.0103276,80.2258148
edge-240321177-2271543377-9572798768,240321177,node-2271543377,node-9572798768,General Hospital Road,primary,299.44,2,yes,9,13.0820195,80.2782268,13.0816317,80.2754935
edge-240461906-243066053-243066056,240461906,node-243066053,node-243066056,Peters Road,secondary,530.96,,no,21,13.0534451,80.2689097,13.0527706,80.2737522
edge-240461907-2481982261-259509987,240461907,node-2481982261,node-259509987,Peters Road,secondary,241.94,,yes,6,13.0546718,80.2556651,13.0545149,80.2578927
edge-240461908-2481982240-259703176,240461908,node-2481982240,node-259703176,Peters Road,secondary,13.44,,yes,2,13.0537036,80.2665112,13.0536332,80.266612
edge-240461909-2481982238-12155281369,240461909,node-2481982238,node-12155281369,Peters Road,secondary,519.23,,yes,6,13.053599,80.2665014,13.0540486,80.2617309
edge-240461922-12155244487-11806699376,240461922,node-12155244487,node-11806699376,Peters Road,secondary,12.04,,yes,2,13.054263,80.2603221,13.0542582,80.2604331
edge-240461923-11877912297-2481982261,240461923,node-11877912297,node-2481982261,Peters Road,secondary,126.12,,yes,6,13.0549227,80.2546112,13.0546718,80.2556651
edge-240466543-259510091-13765846039,240466543,node-259510091,node-13765846039,Whites Road,secondary,356.77,,no,12,13.0576252,80.2616644,13.0567616,80.2584958
edge-240472103-248467445-309206666,240472103,node-248467445,node-309206666,Binny Road,secondary,290.98,1,yes,13,13.0620586,80.2629025,13.0635784,80.2608744
edge-240472104-2482057555-2482057541,240472104,node-2482057555,node-2482057541,Binny Road,secondary,297.38,,yes,9,13.0636569,80.2608989,13.062124,80.262979
edge-240472105-6776142295-2482057555,240472105,node-6776142295,node-2482057555,Commander-In-Chief Bridge,secondary,75.12,2,yes,2,13.0638541,80.2602356,13.0636569,80.2608989
edge-240472111-11617814512-6776142295,240472111,node-11617814512,node-6776142295,Unnamed Road,secondary,127.78,,yes,3,13.064341,80.2591677,13.0638541,80.2602356
edge-240473890-2482072920-2482072912,240473890,node-2482072920,node-2482072912,Wallajah Road,primary_link,61.63,,yes,4,13.068774,80.272091,13.0682205,80.2721044
edge-240473891-2482072908-2482072909,240473891,node-2482072908,node-2482072909,Unnamed Road,primary_link,44.13,,yes,4,13.0681631,80.2719978,13.0682067,80.2716063
edge-240473892-2214509441-2482072912,240473892,node-2214509441,node-2482072912,Unnamed Road,secondary,33.57,,yes,2,13.0684298,80.271881,13.0682205,80.2721044
edge-240498073-259509956-12155244488,240498073,node-259509956,node-12155244488,Peters Road,secondary,135.9,,yes,5,13.0540828,80.2615843,13.0541933,80.2603352
edge-240498074-259510042-309196383,240498074,node-259510042,node-309196383,Peters Road,secondary,156.89,,yes,6,13.054592,80.2556733,13.0546368,80.25424
edge-241003530-303284180-303283585,241003530,node-303284180,node-303283585,General Hospital Road,primary,14.9,,yes,2,13.082379,80.2816954,13.082277,80.2817846
edge-241003531-303283783-2271543377,241003531,node-303283783,node-2271543377,General Hospital Road,primary,318.28,,yes,4,13.082256,80.2811546,13.0820195,80.2782268
edge-241003533-303283792-30037398,241003533,node-303283792,node-30037398,Muthuswamy Road,primary,73.44,,yes,2,13.0817612,80.2811903,13.0822677,80.2816254
edge-241003534-10604028596-5939197606,241003534,node-10604028596,node-5939197606,Muthuswamy Bridge,primary,158.33,,yes,9,13.0792026,80.2817836,13.0802865,80.2808397
edge-241007896-246825948-310503287,241007896,node-246825948,node-310503287,Broadie's Castle Road,primary,139.34,,yes,7,13.0202472,80.2630135,13.0189973,80.2629394
edge-241009506-10945638504-2197639859,241009506,node-10945638504,node-2197639859,Pantheon Road,secondary,231.29,1,yes,12,13.0733276,80.2611871,13.07472,80.2627689
edge-241009507-2486858885-11495672499,241009507,node-2486858885,node-11495672499,Taravath Madhavan Nair Bridge Road,secondary,211.82,2,yes,15,13.0769857,80.2569785,13.0755122,80.2582111
edge-241009509-2213431528-2486858896,241009509,node-2213431528,node-2486858896,Unnamed Road,secondary_link,51.09,1,yes,8,13.0791344,80.2569891,13.0788492,80.2566562
edge-241009510-248467580-11495672408,241009510,node-248467580,node-11495672408,Taravath Madhavan Nair Bridge Road,secondary,136.41,,yes,10,13.0775263,80.2567034,13.0787472,80.2565975
edge-241009511-5460627725-11495672426,241009511,node-5460627725,node-11495672426,Taravath Madhavan Nair Bridge Road,secondary,10.18,1,yes,2,13.0791851,80.2566019,13.0790988,80.2566332
edge-241027986-13432318289-2197640097,241027986,node-13432318289,node-2197640097,Gandhi Irwin Road,secondary,249.21,,yes,11,13.0758861,80.2594329,13.0774102,80.2610651
edge-241027987-10696417353-2487062565,241027987,node-10696417353,node-2487062565,Halls Road,secondary,76.47,,yes,3,13.0747568,80.2575413,13.0752455,80.258038
edge-241027988-12740854703-10696417372,241027988,node-12740854703,node-10696417372,Unnamed Road,secondary,118.53,,no,5,13.0747456,80.2573049,13.0749095,80.2562239
edge-241027989-2487062536-10696417352,241027989,node-2487062536,node-10696417352,Halls Road,secondary,14.71,,yes,3,13.0745657,80.2575276,13.0746977,80.2575188
edge-241218777-243325391-30037904,241218777,node-243325391,node-30037904,Deputy Mayor Kabalamurthy Road,secondary,67.28,,yes,3,13.0722422,80.2739583,13.0717936,80.2743746
edge-241476216-2490994956-258987185,241476216,node-2490994956,node-258987185,Unnamed Road,primary_link,26.46,,no,2,13.0848685,80.2891089,13.084971,80.2893294
edge-241476218-258987185-258987176,241476218,node-258987185,node-258987176,Unnamed Road,primary_link,248.25,,no,8,13.084971,80.2893294,13.0827928,80.2891572
edge-244466147-978534827-6510959128,244466147,node-978534827,node-6510959128,Inner Ring Road (Southern Sector),primary,647.11,,yes,9,12.9780086,80.2041456,12.9805239,80.198769
edge-244466150-321203299-373193433,244466150,node-321203299,node-373193433,Chennai - Ennore Expressway Road,primary,2642.18,,yes,80,13.1837929,80.3165235,13.1625919,80.3065181
edge-244466151-9572383287-964671655,244466151,node-9572383287,node-964671655,Major Mukund Varadharajan Salai,primary,1463.5,,yes,19,12.9634844,80.2160258,12.9511973,80.2111883
edge-268051697-2734146679-2734146732,268051697,node-2734146679,node-2734146732,Kodambakkam – Sriperumbudur Road,primary,553.75,,yes,14,13.0306538,80.1528962,13.0346798,80.1558769
edge-268051699-313026723-338665119,268051699,node-313026723,node-338665119,Kodambakkam – Sriperumbudur Road,primary,552.28,,yes,19,13.0346256,80.1559584,13.0306463,80.1529389
edge-268051702-247683967-313026723,268051702,node-247683967,node-313026723,Kodambakkam – Sriperumbudur Road,primary,22.55,,yes,2,13.0347846,80.1560876,13.0346256,80.1559584
edge-268051703-2734146732-2734146738,268051703,node-2734146732,node-2734146738,Kodambakkam – Sriperumbudur Road,primary,21.79,,yes,2,13.0346798,80.1558769,13.0348357,80.1559987
edge-268051705-2734146681-2734146684,268051705,node-2734146681,node-2734146684,Kundrathur Road U turn,primary_link,7.28,,no,2,13.0317097,80.1536252,13.0317403,80.1535658
edge-268051706-277391907-13540623851,268051706,node-277391907,node-13540623851,Mount - Poonamallee - Avadi Road,primary,243.23,,yes,4,13.034307,80.1599293,13.0332265,80.1618814
edge-268051709-2113426699-358045064,268051709,node-2113426699,node-358045064,Mount - Poonamallee - Avadi Road,primary,2157.8,3,yes,42,13.0379507,80.1353198,13.0453177,80.1169494
edge-274724531-314643647-314643627,274724531,node-314643647,node-314643627,Nagerkoyil Sudalaimuthu Krishnan Salai,primary,439.54,,yes,6,13.0524216,80.2202026,13.0534641,80.2241162
edge-275459525-2482072915-30037903,275459525,node-2482072915,node-30037903,Anna Salai (Mount Road),primary,451.47,,yes,11,13.0685129,80.2717904,13.0716541,80.2743139
edge-275459528-11066391377-7794528405,275459528,node-11066391377,node-7794528405,Nelson Manickam Road,secondary,836.12,2,yes,29,13.0720851,80.2219006,13.0671885,80.2277555
edge-275459529-11777477470-2800814607,275459529,node-11777477470,node-2800814607,Nelson Manickam Road,secondary,206.58,2,yes,8,13.0653584,80.2344674,13.0639534,80.2355356
edge-275459530-388125877-11066391377,275459530,node-388125877,node-11066391377,Nelson Manickam Road,secondary,290.5,2,yes,11,13.0743569,80.2210341,13.0720851,80.2219006
edge-275459532-2800814655-11066391364,275459532,node-2800814655,node-11066391364,Nungambakkam Subway,secondary,83.28,2,yes,2,13.0661876,80.2325851,13.0659481,80.2333136
edge-275459533-11066391363-2800814654,275459533,node-11066391363,node-2800814654,Nungambakkam Subway,secondary,82.65,2,yes,2,13.0658819,80.2332847,13.0661194,80.2325617
edge-275459534-2800814654-11066391354,275459534,node-2800814654,node-11066391354,Nungambakkam Subway,secondary,118.89,2,yes,4,13.0661194,80.2325617,13.0664399,80.231515
edge-275459537-2800814609-248680316,275459537,node-2800814609,node-248680316,Sterling Avenue,secondary,125.91,2,yes,4,13.064057,80.2363113,13.0629321,80.2361806
edge-275459538-2800814617-9587949542,275459538,node-2800814617,node-9587949542,Sterling Road,secondary,818.84,1,yes,30,13.0642704,80.2361772,13.0659178,80.2434821
edge-275459543-264481257-9587949540,275459543,node-264481257,node-9587949540,Valluvar Kottam High Road,primary,44.08,,yes,4,13.0663355,80.243467,13.0659537,80.243561
edge-275459544-2800814599-2800814607,275459544,node-2800814599,node-2800814607,Unnamed Road,secondary,48.38,,yes,6,13.0635832,80.2353731,13.0639534,80.2355356
edge-275503102-2800814607-2800814617,275503102,node-2800814607,node-2800814617,Sterling Road,secondary,78.09,2,yes,3,13.0639534,80.2355356,13.0642704,80.2361772
edge-313423388-7820024336-3193976503,313423388,node-7820024336,node-3193976503,Pattaravakam ROB,secondary,673.16,2,no,15,13.1112281,80.1741115,13.1166862,80.1732213
edge-313802802-1937587131-2186539359,313802802,node-1937587131,node-2186539359,Major Mukund Varadharajan Salai,primary,459.24,2,yes,5,12.9226552,80.1474688,12.9227722,80.1517041
edge-314768009-3208163485-3208163484,314768009,node-3208163485,node-3208163484,Vanagaram - Ambathur - Puzhal Road,primary,52.88,,yes,2,13.1373356,80.1774536,13.13699,80.1771182
edge-314768010-12108250286-3208163485,314768010,node-12108250286,node-3208163485,Vanagaram - Ambathur - Puzhal Road,primary,2178.53,2,yes,39,13.1502019,80.1907007,13.1373356,80.1774536
edge-314768307-12127347019-276754575,314768307,node-12127347019,node-276754575,Underpass,secondary,37.41,,no,2,13.1417816,80.194738,13.1415216,80.1949572
edge-314768308-5305992167-7808716556,314768308,node-5305992167,node-7808716556,Surapet Main Road,secondary,173.33,,no,8,13.1414991,80.1949751,13.1412373,80.1965523
edge-318843774-300195062-14089244951,318843774,node-300195062,node-14089244951,Tambaram Eastern Bypass Road,primary,703.03,3,yes,16,12.912343,80.1431397,12.9179303,80.1458678
edge-318843775-14089244951-3252304956,318843775,node-14089244951,node-3252304956,Tambaram Eastern Bypass Road,primary,702.39,3,yes,18,12.9179303,80.1458678,12.9123733,80.1432748
edge-319828651-13774656784-1971877227,319828651,node-13774656784,node-1971877227,Sardar Patel Road,primary,369.05,,yes,10,13.0067862,80.2401866,13.0074713,80.2368543
edge-321738507-3285044014-3285044013,321738507,node-3285044014,node-3285044013,Tiruneermalai Main Road,secondary,32.19,,no,2,12.9585985,80.1289934,12.9584227,80.1287574
edge-331635349-1364815697-338461708,331635349,node-1364815697,node-338461708,Taramani Link Road,primary,251.66,2,yes,7,12.9815604,80.2336401,12.9812548,80.2358943
edge-331790341-301299956-30037866,331790341,node-301299956,node-30037866,Velachery Road,secondary,361.38,,yes,7,13.0125773,80.2239106,13.0154974,80.2253737
edge-333394471-268789816-268789818,333394471,node-268789816,node-268789818,Sardar Patel Road,primary,143.99,2,yes,4,13.006597,80.2426807,13.006599,80.2413518
edge-346285826-9416855155-2272421603,346285826,node-9416855155,node-2272421603,Morasali Maran Flyover,primary,245.29,,yes,25,13.1067436,80.2432881,13.1071143,80.2420436
edge-346285827-2272421624-298833298,346285827,node-2272421624,node-298833298,Morasali Maran Flyover,primary,362.05,,yes,25,13.1069965,80.2420867,13.1072533,80.2451219
edge-346285828-2272421624-9416855188,346285828,node-2272421624,node-9416855188,Morasali Maran Flyover Ramp,primary_link,223.95,,yes,26,13.1069965,80.2420867,13.106833,80.243214
edge-346285847-11054731793-11687096742,346285847,node-11054731793,node-11687096742,Stephenson Road,secondary,995.88,,no,23,13.1084501,80.2503512,13.1097561,80.2592845
edge-353683588-11782067217-243049719,353683588,node-11782067217,node-243049719,College Road,primary,415.48,,yes,17,13.0662413,80.244827,13.0679245,80.2477466
edge-353683592-248468931-6598418479,353683592,node-248468931,node-6598418479,Pantheon Road,secondary,78.92,,yes,2,13.0680302,80.2554184,13.0674794,80.2549589
edge-353683599-13848420373-1311374351,353683599,node-13848420373,node-1311374351,Unnamed Road,primary,103.23,,yes,5,13.0635178,80.2434741,13.0631833,80.2443437
edge-355461070-256035561-1183259307,355461070,node-256035561,node-1183259307,Anna Salai (Mount Road),primary,22.9,,yes,2,13.0247164,80.2289552,13.024843,80.2291219
edge-361730132-299382073-277912694,361730132,node-299382073,node-277912694,Mount - Medavakkam Road,primary,146.58,,no,7,12.9935659,80.2012362,12.9935093,80.1998886
edge-362759780-247438025-3670178099,362759780,node-247438025,node-3670178099,Elephant Gate Bridge Road,secondary,32.68,,yes,2,13.0925415,80.2744626,13.0927611,80.274262
edge-362759781-2271478447-610410593,362759781,node-2271478447,node-610410593,Elephant Gate Bridge Road,secondary,32.44,,yes,2,13.0928113,80.2743186,13.0925959,80.2745206
edge-362759783-11431663710-247438029,362759783,node-11431663710,node-247438029,Elephant Gate Bridge Road,secondary,109.87,,yes,10,13.0932389,80.2738674,13.0937439,80.2731196
edge-369656802-12706489966-310729243,369656802,node-12706489966,node-310729243,Kamarajar Salai,primary,2789.9,,yes,43,13.0434282,80.2796646,13.0681042,80.2842287
edge-369656804-3734321350-310728519,369656804,node-3734321350,node-310728519,Kamarajar Salai,primary,430.77,,yes,5,13.0432256,80.2797579,13.0394282,80.2789969
edge-370675271-3743709974-1888223345,370675271,node-3743709974,node-1888223345,Unnamed Road,primary_link,29.1,,no,5,12.9748163,80.1326386,12.9750602,80.1327019
edge-371064642-3746864618-264264341,371064642,node-3746864618,node-264264341,Indira Gandhi Road,primary,281.04,,no,5,12.9675273,80.1490703,12.9695955,80.1475796
edge-371337614-282749360-12625225700,371337614,node-282749360,node-12625225700,Poonamallee - Kundrathur - Pallavaram Road,primary,1128.9,,no,38,12.9706388,80.1450409,12.9743556,80.1354368
edge-378622071-3820326063-1129457251,378622071,node-3820326063,node-1129457251,Grand Northern Trunk Road,trunk,955.73,,yes,13,13.1445493,80.220665,13.1391984,80.2274981
edge-378622072-3820325548-3820325542,378622072,node-3820325548,node-3820325542,Grand Northern Trunk Road,trunk,79.19,,yes,4,13.1306912,80.2390614,13.1311081,80.2384689
edge-378622074-3820326087-9573106988,378622074,node-3820326087,node-9573106988,Grand Northern Trunk Road,trunk,749.34,,yes,18,13.1199382,80.2550193,13.1229493,80.2489766
edge-384610997-1184256914-288379139,384610997,node-1184256914,node-288379139,Cochrane Basin Road,secondary,423.84,,no,15,13.1102099,80.273716,13.1137668,80.275098
edge-385231082-9806597612-3885861111,385231082,node-9806597612,node-3885861111,Singaperumalkoil - Sriperumbudur - Thiruvallur - Red Hills Road,primary,9786.92,,yes,150,13.2127071,80.0860526,13.1941327,80.1740478
edge-385231083-3885861111-3885861112,385231083,node-3885861111,node-3885861112,Singaperumalkoil - Sriperumbudur - Thiruvallur - Red Hills Road,primary,34.01,,yes,2,13.1941327,80.1740478,13.1943005,80.1743105
edge-385231084-3885861112-7805429434,385231084,node-3885861112,node-7805429434,Singaperumalkoil - Sriperumbudur - Thiruvallur - Red Hills Road,primary,235.03,,yes,10,13.1943005,80.1743105,13.1949172,80.1763849
edge-385244157-276628864-276612639,385244157,node-276628864,node-276612639,Thiruverkadu - Ambattur Road,secondary,4134.56,,no,126,13.0885284,80.1229024,13.1034509,80.150256
edge-385267357-3886212457-3886211851,385267357,node-3886212457,node-3886211851,Grand Northern Trunk Road (Old NH5),primary,141.23,,yes,8,13.1862035,80.1901295,13.1873683,80.1896137
edge-386665386-4154297020-3900194887,386665386,node-4154297020,node-3900194887,Inner Ring Road,primary,896.68,,yes,29,13.1777853,80.2480977,13.179904,80.2560153
edge-386665726-3900200897-3900205540,386665726,node-3900200897,node-3900205540,Inner Ring Road,primary,2560.46,,yes,43,13.158635,80.2258892,13.1750509,80.240594
edge-386665887-3900205540-3900194873,386665887,node-3900205540,node-3900194873,Inner Ring Road,primary,449.08,,yes,3,13.1750509,80.240594,13.1765753,80.2444326
edge-386666283-3900194888-3900200909,386666283,node-3900194888,node-3900200909,Inner Ring Road,primary,596.86,,yes,8,13.1800341,80.2563688,13.1812803,80.2617086
edge-386666828-3900200909-1184473882,386666828,node-3900200909,node-1184473882,Inner Ring Road,primary,308.23,,yes,3,13.1812803,80.2617086,13.1816829,80.2645246
edge-387218004-3905370495-3905385589,387218004,node-3905370495,node-3905385589,Madhavaram - Red Hills Road,primary,2579.41,,yes,111,13.1702489,80.2213526,13.1838227,80.2029289
edge-387219218-3905379857-3905370496,387219218,node-3905379857,node-3905370496,Madhavaram - Red Hills Road,primary,1029.82,,yes,35,13.1611794,80.2251531,13.1697081,80.2217237
edge-388123339-3913259137-3900200896,388123339,node-3913259137,node-3900200896,Inner Ring Road,primary,1109.16,,yes,17,13.1491022,80.2219758,13.1583838,80.2257225
edge-389722996-10209007145-1391029194,389722996,node-10209007145,node-1391029194,Chennai - Tiruttani - Renigunta Road,primary,5502.1,2,yes,121,13.1196959,80.1033272,13.1224264,80.1471997
edge-393560273-1952450333-252299858,393560273,node-1952450333,node-252299858,Unnamed Road,secondary_link,17.12,,yes,8,13.083115,80.2301847,13.0830148,80.2301525
edge-395885006-735219973-735219201,395885006,node-735219973,node-735219201,Chennai Bangalore Highway,primary,134.15,2,yes,2,13.0612517,80.1629775,13.0612711,80.1617392
edge-395885007-11484549866-735219580,395885007,node-11484549866,node-735219580,Chennai Bangalore Highway,trunk,195.12,3,yes,4,13.0614483,80.1598407,13.0613705,80.1616394
edge-395885019-735219600-735220096,395885019,node-735219600,node-735220096,Maduravoyal Interchange,trunk,147.61,3,yes,2,13.0629218,80.1609886,13.0642492,80.1609762
edge-397330139-4001265351-4001265349,397330139,node-4001265351,node-4001265349,Unnamed Road,secondary,47.43,,no,3,13.0835159,80.2441087,13.0830962,80.2440382
edge-397330140-4001265351-257924692,397330140,node-4001265351,node-257924692,Harleys Road,secondary,21.71,,no,2,13.0835159,80.2441087,13.0836734,80.2442271
edge-397330142-12159239084-333218954,397330142,node-12159239084,node-333218954,Purasaiwalkam Flyover,secondary,101.25,,no,2,13.0864388,80.2566021,13.0867544,80.257479
edge-397330143-4001265767-12159239080,397330143,node-4001265767,node-12159239080,Purasawalkam High Road,secondary,233.19,,yes,6,13.0856939,80.2543988,13.0864155,80.2564191
edge-397330144-4001265777-4001265764,397330144,node-4001265777,node-4001265764,Purasawalkam High Road,secondary,221.03,,yes,10,13.0863544,80.2564365,13.0855399,80.2546789
edge-397331963-254491130-254491132,397331963,node-254491130,node-254491132,Dr Alagappa Road,secondary,77.03,,yes,6,13.0814755,80.2548647,13.081772,80.2542563
edge-406637594-2271543487-4086883012,406637594,node-2271543487,node-4086883012,North Fort Road,primary,32.29,,yes,2,13.0857851,80.2894266,13.0856272,80.2891764
edge-406637595-258987169-2271543487,406637595,node-258987169,node-2271543487,North Fort Road,primary,176.75,,yes,5,13.0873133,80.2898644,13.0857851,80.2894266
edge-407783416-2116367805-300134382,407783416,node-2116367805,node-300134382,Mount - Medavakkam Road,primary,296.32,,yes,9,12.9859038,80.1972377,12.988501,80.197819
edge-418880841-300216437-9189473059,418880841,node-300216437,node-9189473059,Jawaharlal Nehru Road (100 Feet Road),primary,422.09,,yes,16,13.0545307,80.2113352,13.0583251,80.2114344
edge-418882860-11687900051-6212976333,418882860,node-11687900051,node-6212976333,Jawaharlal Nehru Road (100 Feet Road),primary,214.74,,yes,4,13.054426,80.2115948,13.0525483,80.2120573
edge-422920307-251296646-338466300,422920307,node-251296646,node-338466300,Taramani Link Road,primary,239.6,2,yes,6,12.9812803,80.2401484,12.9812317,80.2379385
edge-422920308-338461708-338466259,422920308,node-338461708,node-338466259,Taramani Link Road,primary,595.55,2,yes,8,12.9812548,80.2358943,12.9814077,80.2413822
edge-422926758-4226485578-4226485581,422926758,node-4226485578,node-4226485581,Baby Nagar Cross Taramani Road,primary_link,11.06,,no,2,12.9802684,80.2284118,12.9803508,80.2283547
edge-422927231-10120161745-10120161717,422927231,node-10120161745,node-10120161717,Taramani Road,primary,53.92,2,yes,6,12.9755689,80.2207817,12.975928,80.2211155
edge-422927236-13737048895-338406860,422927236,node-13737048895,node-338406860,Taramani Link Road,primary,484.68,2,yes,13,12.978324,80.2251796,12.9759943,80.2214036
edge-422927582-338461580-4226485578,422927582,node-338461580,node-4226485578,Taramani Link Road,primary,637.32,2,yes,21,12.9814181,80.233695,12.9802684,80.2284118
edge-422927583-251172939-1364815697,422927583,node-251172939,node-1364815697,Taramani Link Road,primary,165.15,2,yes,7,12.9820681,80.2322191,12.9815604,80.2336401
edge-422927585-251172944-251172939,422927585,node-251172944,node-251172939,Taramani Link Road,primary,174.86,2,yes,7,12.9817389,80.2306639,12.9820681,80.2322191
edge-422927587-251172944-4226494690,422927587,node-251172944,node-4226494690,Unnamed Road,primary_link,8.56,,no,4,12.9817389,80.2306639,12.9816725,80.2307039
edge-426378532-298357900-277435126,426378532,node-298357900,node-277435126,Dr Ambedkar Road,secondary,185.49,,yes,6,13.0497936,80.2196641,13.0481766,80.2192443
edge-427962057-12159690680-11066391376,427962057,node-12159690680,node-11066391376,Anna Arch Flyover,secondary,429.56,2,yes,11,13.0749447,80.218734,13.0727506,80.2210953
edge-427962058-11066391376-11066391380,427962058,node-11066391376,node-11066391380,Anna Arch Flyover,secondary,97.01,2,yes,4,13.0727506,80.2210953,13.0721501,80.2217422
edge-429843118-309322652-13961973499,429843118,node-309322652,node-13961973499,McNichols Road,primary,372.52,,yes,11,13.069279,80.2423025,13.0723957,80.2410889
edge-430159576-338461524-338461488,430159576,node-338461524,node-338461488,Taramani Road,primary,11.55,2,no,2,12.9811862,80.2342088,12.9812879,80.2342304
edge-430159577-338461524-338461580,430159577,node-338461524,node-338461580,Taramani Link Road,primary,61.37,2,yes,3,12.9811862,80.2342088,12.9814181,80.233695
edge-442874739-4405245406-4405245405,442874739,node-4405245406,node-4405245405,Unnamed Road,primary_link,5.71,,no,2,12.905508,80.2283069,12.9055075,80.2282542
edge-443502557-1183259301-247074863,443502557,node-1183259301,node-247074863,Anna Salai (Mount Road),primary,241.24,,yes,11,13.025082,80.2294211,13.0260918,80.2313679
edge-443502558-303511150-1183259281,443502558,node-303511150,node-1183259281,Anna Salai (Mount Road),primary,423.43,1,yes,9,13.0264963,80.2330731,13.0249301,80.2295596
edge-443502560-269768005-303511150,443502560,node-269768005,node-303511150,CIT Nagar 3rd Main Road,secondary,21.83,,no,2,13.0266853,80.2330185,13.0264963,80.2330731
edge-444482612-339984947-339984890,444482612,node-339984947,node-339984890,Thiruvottriyur – Ponneri – Panchetty Road,primary,169.17,,yes,6,13.1767622,80.2702178,13.1782665,80.2700032
edge-445440473-4428682179-303283554,445440473,node-4428682179,node-303283554,General Hospital Road,primary,11.82,,yes,2,13.0817081,80.275054,13.0817259,80.2751616
edge-445440476-966544065-966544148,445440476,node-966544065,node-966544148,Pallavan Salai,secondary,21.44,,yes,2,13.0814289,80.275141,13.0816211,80.2751566
edge-446961639-2562531538-277391333,446961639,node-2562531538,node-277391333,Manapakkam Main Road,secondary,966.53,,no,36,13.0130231,80.168992,13.0172018,80.1753737
edge-447987614-4226490890-4450473918,447987614,node-4226490890,node-4450473918,Taramani Link Road,primary,90.09,2,yes,2,12.9765503,80.2220667,12.9769934,80.2227628
edge-449234343-2197415803-2197415794,449234343,node-2197415803,node-2197415794,Mahalingapuram Flyover,secondary,8.05,,yes,2,13.0518649,80.2340557,13.0518023,80.2340931
edge-459822120-1123352268-1123352253,459822120,node-1123352268,node-1123352253,Grand Northern Trunk Road:old NH5,trunk,198.11,2,yes,7,13.1535743,80.2080881,13.1524806,80.2095317
edge-479855406-4728962819-250365191,479855406,node-4728962819,node-250365191,Unnamed Road,secondary,40.38,,yes,3,13.0516853,80.2502068,13.0514714,80.249906
edge-479855407-247684974-4728962818,479855407,node-247684974,node-4728962818,Unnamed Road,secondary,38.53,,yes,4,13.0514975,80.2506815,13.0516646,80.2503861
edge-489987382-1701464413-4821803258,489987382,node-1701464413,node-4821803258,Gopathi Narayanaswami Flyover,secondary,187.47,,yes,2,13.0461415,80.2422426,13.0453105,80.2407368
edge-489987383-4821803259-308209403,489987383,node-4821803259,node-308209403,Gopathi Narayanaswami Flyover,secondary,186.85,,yes,2,13.04537,80.2407009,13.0461987,80.2422015
edge-489987384-2068622253-2068622278,489987384,node-2068622253,node-2068622278,Gopathi Narayanaswami Flyover,secondary,6.79,,yes,2,13.0440048,80.2384117,13.0439749,80.238357
edge-489987385-2068622267-2068622247,489987385,node-2068622267,node-2068622247,Gopathi Narayanaswami Flyover,secondary,179.84,,yes,2,13.0440819,80.2383692,13.0448741,80.2398166
edge-489987386-4821803258-4821803260,489987386,node-4821803258,node-4821803260,Gopathi Narayanaswami Flyover,secondary,110.2,,yes,3,13.0453105,80.2407368,13.0448147,80.239856
edge-489987387-2068622247-4821803259,489987387,node-2068622247,node-4821803259,Gopathi Narayanaswami Flyover,secondary,110.53,,yes,2,13.0448741,80.2398166,13.04537,80.2407009
edge-489987388-4821803260-2068622253,489987388,node-4821803260,node-2068622253,Gopathi Narayanaswami Flyover,secondary,180.52,,yes,2,13.0448147,80.239856,13.0440048,80.2384117
edge-489987389-250365152-247681418,489987389,node-250365152,node-247681418,Gopathi Narayanaswami Road,secondary,403.66,,yes,9,13.0462446,80.2422806,13.0480579,80.2455078
edge-492380309-1184473882-339985172,492380309,node-1184473882,node-339985172,Inner Ring Road,primary,596.78,,yes,7,13.1816829,80.2645246,13.1816851,80.2700358
edge-492380311-4844022027-30038680,492380311,node-4844022027,node-30038680,Inner Ring Road,primary,900.08,,yes,5,13.1815411,80.2645311,13.1799319,80.2564095
edge-492440879-4844625323-4844625322,492440879,node-4844625323,node-4844625322,Rajiv Gandhi Salai,primary,21.8,3,yes,2,12.9564715,80.2436326,12.9562914,80.243553
edge-496845708-5460758451-251299071,496845708,node-5460758451,node-251299071,Unnamed Road,trunk_link,50.59,,yes,3,12.9818162,80.1666464,12.9815242,80.1670044
edge-535357226-5189436423-256025120,535357226,node-5189436423,node-256025120,Poonamallee - Kundrathur - Pallavaram Road,primary,39.4,,no,4,12.9852216,80.1211104,12.9854089,80.1208017
edge-549373929-5306758372-6585631659,549373929,node-5306758372,node-6585631659,"2nd Avenue, Anna Nagar West",secondary,1548.07,2,yes,11,13.0854392,80.1986541,13.0848525,80.2129314
edge-549383715-12164853345-5445207913,549383715,node-12164853345,node-5445207913,Thirumangalam Flyover,primary,225.16,2,yes,3,13.0825927,80.1985024,13.0846173,80.1985389
edge-549383716-12164853343-5445207910,549383716,node-12164853343,node-5445207910,Thirumangalam Flyover,primary,142.53,,yes,2,13.0899825,80.1986428,13.0887007,80.198633
edge-549554053-5308406682-5306843086,549554053,node-5308406682,node-5306843086,2nd Avenue Anna Nagar,secondary,19.16,2,yes,3,13.0853351,80.1986534,13.0853737,80.198481
edge-550612245-13903524802-342790391,550612245,node-13903524802,node-342790391,Arcot Road,primary,1759.52,,yes,59,13.042937,80.1821052,13.0384498,80.166797
edge-550612246-247684076-247684068,550612246,node-247684076,node-247684068,Arcot Road,primary,1037.27,1,yes,46,13.0449255,80.1859977,13.047404,80.194954
edge-560148017-247974345-243323035,560148017,node-247974345,node-243323035,CP Ramaswamy Road,secondary,205.82,,yes,6,13.0289174,80.2564883,13.0270995,80.2565744
edge-560157891-247974356-30051696,560157891,node-247974356,node-30051696,T T Krishnamachari Road,secondary,786.88,2,yes,18,13.0293291,80.2501638,13.0350631,80.254416
edge-560157895-249797804-30051249,560157895,node-249797804,node-30051249,Pasumpon Muthuramalingar Thevar Salai,secondary,130.99,,yes,3,13.0291167,80.2486157,13.0287832,80.2497725
edge-560157899-247974345-247974350,560157899,node-247974345,node-247974350,St. Mary's Road,secondary,272.93,,no,6,13.0289174,80.2564883,13.0291172,80.2539777
edge-560157905-249797560-243061448,560157905,node-249797560,node-243061448,Luz Church Road,secondary,384.19,,yes,13,13.037609,80.2639776,13.0377933,80.2605347
edge-565376890-5306843098-315264857,565376890,node-5306843098,node-315264857,Jawaharlal Nehru Road (100 Feet Road),primary,464.07,3,yes,5,13.0824692,80.198596,13.0783154,80.1989207
edge-565376891-315264861-5306843094,565376891,node-315264861,node-5306843094,Jawaharlal Nehru Road (100 Feet Road),primary,461.63,3,yes,7,13.0783035,80.1988056,13.0824362,80.1984989
edge-565376892-5445207910-5445207912,565376892,node-5445207910,node-5445207912,Thirumangalam Flyover,primary,454.09,,yes,2,13.0887007,80.198633,13.0846172,80.198588
edge-565376893-5445207913-5445207911,565376893,node-5445207913,node-5445207911,Thirumangalam Flyover,primary,454.63,,yes,2,13.0846173,80.1985389,13.0887059,80.1985475
edge-565376895-5306843095-252299795,565376895,node-5306843095,node-252299795,Jawaharlal Nehru Road (100 Feet Road),primary,318.69,,yes,5,13.090183,80.1985064,13.0930485,80.1985128
edge-565376896-5445207912-12164853347,565376896,node-5445207912,node-12164853347,Thirumangalam Flyover,primary,222.15,2,yes,3,13.0846172,80.198588,13.0826194,80.1985946
edge-565376897-5445207911-12164853346,565376897,node-5445207911,node-12164853346,Thirumangalam Flyover,primary,142.81,,yes,2,13.0887059,80.1985475,13.0899902,80.1985582
edge-566535353-2214510385-11292824785,566535353,node-2214510385,node-11292824785,Raja Muthiah Road,secondary,486.7,,yes,16,13.0885645,80.2698748,13.0842968,80.270516
edge-566536244-5455784934-308313485,566536244,node-5455784934,node-308313485,SIDCO Industrial Estate South Phase Road,secondary,16.71,,yes,2,13.0137705,80.2042473,13.0137243,80.2043941
edge-566538373-309322652-5455799476,566538373,node-309322652,node-5455799476,Unnamed Road,secondary,10.58,,yes,2,13.069279,80.2423025,13.0692845,80.2424
edge-566547063-5455846936-9189427499,566547063,node-5455846936,node-9189427499,Kilpauk Garden Road,secondary,474.68,,yes,10,13.0836404,80.2339276,13.0834953,80.2382988
edge-566547069-5455846937-252299877,566547069,node-5455846937,node-252299877,New Avadi Road,secondary,162.6,,yes,6,13.0833882,80.2338602,13.0819456,80.2336168
edge-566547073-5455846938-5455846938,566547073,node-5455846938,node-5455846938,Kilpauk Garden Road,secondary,48.26,,yes,19,13.083546,80.2338912,13.083546,80.2338912
edge-566547076-5455846937-5455846948,566547076,node-5455846937,node-5455846948,New Avadi Road,secondary,18.72,,yes,3,13.0833882,80.2338602,13.0835518,80.2338247
edge-566562032-249075184-254491074,566562032,node-249075184,node-254491074,Barnaby Road,primary,463.19,,yes,13,13.0794832,80.245762,13.0813548,80.2495103
edge-566565275-10285915624-10285915633,566565275,node-10285915624,node-10285915633,Semmozhi Salai,primary,2804.46,2,yes,52,12.9034462,80.2129143,12.9169738,80.1941316
edge-566573623-11672323183-1177973968,566573623,node-11672323183,node-1177973968,Gengu Reddy Subway,secondary,162.72,,no,4,13.0783113,80.251737,13.0768725,80.252011
edge-566581213-4226485581-251172944,566581213,node-4226485581,node-251172944,Taramani Link Road,primary,294.02,2,yes,11,12.9803508,80.2283547,12.9817389,80.2306639
edge-566596637-5456147874-5456147875,566596637,node-5456147874,node-5456147875,Taramani Link Road,primary_link,69.77,,yes,8,12.9795568,80.2525381,12.9799944,80.2521698
edge-566607593-2197639859-2197640015,566607593,node-2197639859,node-2197640015,Pantheon Road,secondary,199.29,1,yes,4,13.07472,80.2627689,13.0757868,80.2642474
edge-566607595-2197640052-13432318288,566607595,node-2197640052,node-13432318288,Gandhi Irwin Road,secondary,96.91,,yes,5,13.0764883,80.2600535,13.0758218,80.2594808
edge-566609207-2407556311-304921588,566609207,node-2407556311,node-304921588,Service Road,trunk,663.07,,yes,8,12.9816786,80.1668099,12.9847254,80.1720665
edge-566841809-5458023327-5225935887,566841809,node-5458023327,node-5225935887,West Avenue Road,primary,243.76,,yes,7,12.9879629,80.2533327,12.9877251,80.2555688
edge-566849738-30268463-7433365963,566849738,node-30268463,node-7433365963,Sardar Patel Road,primary,140.34,,yes,9,13.0114299,80.2231983,13.011873,80.2219855
edge-566850273-5458075965-5458075966,566850273,node-5458075965,node-5458075966,Unnamed Road,primary_link,36.65,,no,2,13.0094243,80.2038422,13.0093775,80.2035073
edge-566855322-11740393948-11740393958,566855322,node-11740393948,node-11740393958,Haddows Road,primary,263.9,,yes,16,13.0618088,80.2465261,13.0630842,80.2446354
edge-566857134-2168628929-30268464,566857134,node-2168628929,node-30268464,Taluk Office Road,primary,463.95,4,yes,11,13.0129116,80.2268495,13.0091943,80.2286092
edge-566878724-300309927-13394506369,566878724,node-300309927,node-13394506369,Grand Southern Trunk Road,trunk,27.82,,yes,4,13.0014259,80.1958141,13.0015756,80.1960198
edge-566881431-996565654-6799048018,566881431,node-996565654,node-6799048018,Unnamed Road,secondary,31.11,,yes,2,13.0309119,80.2401197,13.0310314,80.23986
edge-566881432-5458323300-303510937,566881432,node-5458323300,node-303510937,Unnamed Road,secondary,25.36,,yes,2,13.0311984,80.2397529,13.03109,80.2399589
edge-566950771-5458687168-310535940,566950771,node-5458687168,node-310535940,Thiruvalluvar Road,primary,21.01,,yes,2,12.9841207,80.2594411,12.9839318,80.2594369
edge-567205822-2482057541-5460685936,567205822,node-2482057541,node-5460685936,Anna Salai (Mount Road),primary,396.3,,yes,9,13.062124,80.262979,13.0644254,80.2657723
edge-567205827-5460685936-5460685946,567205827,node-5460685936,node-5460685946,Anna Salai (Mount Road),primary,225.51,,yes,6,13.0644254,80.2657723,13.0657047,80.2673868
edge-567240952-5458687167-5460910299,567240952,node-5458687167,node-5460910299,Unnamed Road,primary_link,9.7,,no,2,12.984273,80.2595336,12.9842823,80.2594446
edge-567269534-11930865101-7723872178,567269534,node-11930865101,node-7723872178,Madhavaram - Red Hills Road,primary,1130.38,,no,47,13.1865754,80.1929749,13.185514,80.2030847
edge-567269877-1184362207-3905379857,567269877,node-1184362207,node-3905379857,Madhavaram - Red Hills Road,primary,1034.66,,yes,29,13.1697424,80.2217745,13.1611794,80.2251531
edge-567604188-10536397446-243065936,567604188,node-10536397446,node-243065936,Whites Road,secondary,140.23,,yes,6,13.0578594,80.2635995,13.0580802,80.2648695
edge-567637208-7809302622-3029329417,567637208,node-7809302622,node-3029329417,Grand Southern Trunk Road,trunk,940.2,2,yes,11,12.9637538,80.1472844,12.9562425,80.1433048
edge-568438821-2216189416-5468773053,568438821,node-2216189416,node-5468773053,Pasumpon Muthuramalingar Thevar Salai,secondary,14.05,,yes,3,13.0288813,80.2496656,13.0289,80.2497931
edge-568438822-5468773053-5468773055,568438822,node-5468773053,node-5468773055,Pasumpon Muthuramalingar Thevar Salai,secondary,13.69,,yes,2,13.0289,80.2497931,13.0289857,80.2498838
edge-576410437-5528559497-5528559495,576410437,node-5528559497,node-5528559495,Anna Salai (Mount Road),primary,26.86,,yes,3,13.012364,80.2212602,13.0124371,80.2214953
edge-576410438-5528559495-9885596554,576410438,node-5528559495,node-9885596554,Anna Salai (Mount Road),primary,255.39,1,yes,13,13.0124371,80.2214953,13.0139131,80.2232656
edge-581313381-5562445714-5562445713,581313381,node-5562445714,node-5562445713,Unnamed Road,secondary_link,9.72,,no,2,13.0845727,80.2793323,13.0845852,80.2792435
edge-581319733-11465900503-5562486548,581319733,node-11465900503,node-5562486548,Unnamed Road,primary_link,43.61,,yes,5,12.9944672,80.2501241,12.9942293,80.2498244
edge-581831751-344909932-3886212457,581831751,node-344909932,node-3886212457,Grand Northern Trunk Road (Old NH5),primary,283.44,,yes,6,13.1841975,80.1917236,13.1862035,80.1901295
edge-588357066-5619443117-30038738,588357066,node-5619443117,node-30038738,Arcot Road,primary,44.47,,yes,2,13.0498745,80.2114763,13.0499473,80.21188
edge-588367501-314643669-314643647,588367501,node-314643669,node-314643647,NSK Salai,primary,399.09,,yes,11,13.0513071,80.2167055,13.0524216,80.2202026
edge-588368265-8528955102-300216379,588368265,node-8528955102,node-300216379,Nagerkoyil Sudalaimuthu Krishnan (NSK) Salai,primary,137.67,,yes,5,13.0500979,80.2134474,13.0505084,80.214642
edge-588981083-5624500627-5624500628,588981083,node-5624500627,node-5624500628,Canal Bridge,secondary,72.18,,yes,2,13.1333306,80.1916146,13.133931,80.1913612
edge-605871914-247437529-309062020,605871914,node-247437529,node-309062020,Anna Salai,primary,54.97,,yes,2,13.0737818,80.2764982,13.0741199,80.2768684
edge-611986876-5793660970-30142990,611986876,node-5793660970,node-30142990,Unnamed Road,primary,5.49,,no,2,12.9099984,80.2500057,12.9099942,80.2500562
edge-611986879-12953123849-5793660728,611986879,node-12953123849,node-5793660728,East Coast Road,primary,3186.87,2,yes,90,12.9199943,80.2511572,12.9483314,80.2544571
edge-629998502-270432724-247691972,629998502,node-270432724,node-247691972,Wallajah Road,secondary,285.53,,yes,12,13.0641519,80.283516,13.064248,80.2809677
edge-663777602-6212976330-12717819835,663777602,node-6212976330,node-12717819835,Jawaharlal Nehru Road (100 Feet Road),primary,186.63,,yes,3,13.0525097,80.2118795,13.0541332,80.2114423
edge-663777603-12155078079-6212976331,663777603,node-12155078079,node-6212976331,Vadapalani Flyover,primary,55.37,,yes,4,13.0524205,80.2120697,13.0519341,80.2121734
edge-663777604-6212976328-12155078078,663777604,node-6212976328,node-12155078078,Vadapalani Flyover,primary,51.27,,yes,3,13.0519173,80.2120249,13.0523682,80.2119276
edge-663777605-6212976331-6212976338,663777605,node-6212976331,node-6212976338,Vadapalani Flyover,primary,406.37,,yes,7,13.0519341,80.2121734,13.0482862,80.2122002
edge-663777606-1168642589-11041692606,663777606,node-1168642589,node-11041692606,Jawaharlal Nehru Road,primary,319.57,,yes,4,13.0475223,80.2122822,13.0446545,80.2124375
edge-663777608-6212976338-12155078076,663777608,node-6212976338,node-12155078076,Vadapalani Flyover,primary,73.01,,yes,2,13.0482862,80.2122002,13.0476326,80.2122641
edge-667059397-6245793330-6245793329,667059397,node-6245793330,node-6245793329,Unnamed Road,primary_link,29.11,,no,2,13.0244507,80.2284818,13.0242288,80.2286243
edge-667064407-14109353040-14109353041,667064407,node-14109353040,node-14109353041,Unnamed Road,primary_link,7.94,,no,2,12.9124337,80.1952385,12.9124737,80.1952992
edge-667067636-1682708500-1879071610,667067636,node-1682708500,node-1879071610,Unnamed Road,primary_link,30.51,,yes,2,13.0523801,80.2513174,13.0526044,80.2511552
edge-667073822-6245941237-6245941236,667073822,node-6245941237,node-6245941236,Unnamed Road,primary_link,15.02,,no,2,12.9761665,80.2066346,12.976276,80.2067157
edge-667076807-332090001-6245967650,667076807,node-332090001,node-6245967650,Unnamed Road,primary_link,21.43,,no,2,13.0396998,80.1308831,13.0398782,80.130958
edge-669057795-252299795-340003553,669057795,node-252299795,node-340003553,Jawaharlal Nehru Road (100 Feet Road),primary,869.16,,yes,18,13.0930485,80.1985128,13.0991315,80.1956193
edge-669057796-340003311-5306843096,669057796,node-340003311,node-5306843096,Jawaharlal Nehru Road (100 Feet Road),primary,313.29,,yes,5,13.0930149,80.1987468,13.0901979,80.1986955
edge-669927675-1986577994-259510091,669927675,node-1986577994,node-259510091,Whites Road,secondary,118.66,,no,5,13.0577758,80.2627486,13.0576252,80.2616644
edge-669970034-2269872884-247438103,669970034,node-2269872884,node-247438103,Unnamed Road,primary_link,36.95,,yes,5,13.1054795,80.2802805,13.1053435,80.2799787
edge-669970036-311291036-311311547,669970036,node-311291036,node-311311547,Old Jail Road,primary,219.06,,yes,6,13.1054497,80.2820646,13.1050917,80.2840465
edge-669970039-12157558039-6274342365,669970039,node-12157558039,node-6274342365,Mint Flyover,primary,8.43,,yes,2,13.105382,80.2820369,13.1053922,80.2819598
edge-669970040-6274342361-311291036,669970040,node-6274342361,node-311291036,Mint Flyover,primary,10.53,,yes,2,13.1054576,80.2819677,13.1054497,80.2820646
edge-669970041-12157558036-6274342373,669970041,node-12157558036,node-6274342373,Basin Bridge Road,primary,63.15,,yes,3,13.1049876,80.2774403,13.1047974,80.2768912
edge-669970042-311313186-6274342356,669970042,node-311313186,node-6274342356,Mint Flyover,primary,31.52,,yes,3,13.1049883,80.2772529,13.1050713,80.2775312
edge-669970044-6274342373-6274883986,669970044,node-6274342373,node-6274883986,Basin Bridge Road,primary,376.9,,yes,7,13.1047974,80.2768912,13.103905,80.2735549
edge-669970046-6274342356-6274342361,669970046,node-6274342356,node-6274342361,Mint Flyover,primary,489.95,,yes,16,13.1050713,80.2775312,13.1054576,80.2819677
edge-669970047-6274342365-6274342371,669970047,node-6274342365,node-6274342371,Mint Flyover,primary,486.42,,yes,15,13.1053922,80.2819598,13.1050174,80.2775477
edge-670042884-1583665016-254143153,670042884,node-1583665016,node-254143153,Vyasarpadi Flyover,trunk,49.48,,yes,2,13.1130749,80.2639487,13.1134464,80.2636972
edge-670042885-1583664982-12157559624,670042885,node-1583664982,node-12157559624,Vyasarpadi Flyover,trunk,89.97,,yes,2,13.1079879,80.2684511,13.1074276,80.2690504
edge-670042886-11735797677-6274884028,670042886,node-11735797677,node-6274884028,Vyasarpadi Flyover,trunk,99.48,,yes,2,13.1073012,80.2690288,13.1079367,80.2683823
edge-670042887-6274883992-6274883877,670042887,node-6274883992,node-6274883877,Basin Bridge,trunk,82.4,,yes,5,13.1050779,80.2710929,13.104467,80.2714728
edge-670042888-6274883876-254143117,670042888,node-6274883876,node-254143117,Basin Bridge,trunk,31.0,,yes,2,13.1050415,80.2710271,13.1052961,80.2709105
edge-670042889-6274883877-413576663,670042889,node-6274883877,node-413576663,Basin Bridge,trunk,27.11,,yes,2,13.104467,80.2714728,13.1044139,80.2717171
edge-670042890-610889134-610889140,670042890,node-610889134,node-610889140,Unnamed Road,primary,33.93,,yes,2,13.1043437,80.2708505,13.1044426,80.2711469
edge-670042891-254122170-254122171,670042891,node-254122170,node-254122171,Unnamed Road,primary,34.48,,yes,2,13.1043659,80.2711924,13.1042712,80.2708892
edge-670042892-254122169-254122170,670042892,node-254122169,node-254122170,Unnamed Road,primary,23.67,,yes,3,13.1044141,80.2714042,13.1043659,80.2711924
edge-670042893-610889140-254143115,670042893,node-610889140,node-254143115,Unnamed Road,primary,13.91,,yes,3,13.1044426,80.2711469,13.1045201,80.2712443
edge-670042894-254122166-6274883879,670042894,node-254122166,node-6274883879,Basin Bridge,trunk,27.86,,yes,2,13.1043329,80.2717072,13.1043979,80.2714588
edge-670042896-413576835-6274883992,670042896,node-413576835,node-6274883992,Basin Bridge,trunk,30.54,,yes,2,13.1053305,80.2709821,13.1050779,80.2710929
edge-670042897-254143115-6274883876,670042897,node-254143115,node-6274883876,Basin Bridge,trunk,62.59,,yes,3,13.1045201,80.2712443,13.1050415,80.2710271
edge-670042898-258976009-254122156,670042898,node-258976009,node-254122156,Basin Bridge,trunk,56.13,,yes,2,13.1038618,80.2731425,13.1037814,80.2726308
edge-670042899-413576667-413576668,670042899,node-413576667,node-413576668,Basin Bridge,trunk,60.62,,yes,2,13.1038517,80.2726184,13.1039429,80.2731703
edge-670042902-2271478714-258976009,670042902,node-2271478714,node-258976009,Basin Bridge Road,trunk,37.55,,yes,3,13.1038925,80.2734878,13.1038618,80.2731425
edge-670042910-12157559625-2272469508,670042910,node-12157559625,node-2272469508,Vyasarpadi Flyover,trunk,42.82,,yes,2,13.113977,80.2656725,13.1135919,80.2656721
edge-670042912-9573106961-290017668,670042912,node-9573106961,node-290017668,Grand Northern Trunk Road,trunk,63.5,,yes,3,13.1135249,80.2636549,13.1140846,80.2635443
edge-670050713-6274949850-9572798794,670050713,node-6274949850,node-9572798794,Anna Arch Road,secondary_link,267.9,1,yes,7,13.0750052,80.2185537,13.0746183,80.2209815
edge-670050714-4271212087-1165550752,670050714,node-4271212087,node-1165550752,Anna Arch Flyover,secondary,13.6,,yes,2,13.0748996,80.2185394,13.0749552,80.2186512
edge-670050717-6274949872-12159701587,670050717,node-6274949872,node-12159701587,Anna Arch Flyover,secondary,64.33,,yes,3,13.0775983,80.2178838,13.0781635,80.2177582
edge-670050719-6274949868-6274949857,670050719,node-6274949868,node-6274949857,Anna Arch Flyover Ramp,secondary_link,247.25,2,yes,22,13.0758599,80.2179621,13.0752563,80.2169859
edge-670053472-6274979408-6274979410,670053472,node-6274979408,node-6274979410,MGR FLyover,primary,121.57,2,yes,2,13.0352755,80.1548485,13.0357768,80.1538512
edge-670053473-12159151098-6274979409,670053473,node-12159151098,node-6274979409,MGR FLyover,primary,120.9,2,yes,2,13.0358441,80.1539071,13.0353351,80.1548933
edge-670053474-9580401347-6274979408,670053474,node-9580401347,node-6274979408,MGR FLyover,primary,391.59,2,yes,9,13.034353,80.1582108,13.0352755,80.1548485
edge-670053475-6274979409-338665605,670053475,node-6274979409,node-338665605,MGR FLyover,primary,391.74,2,yes,8,13.0353351,80.1548933,13.0344244,80.158272
edge-670384691-309061750-2214509441,670384691,node-309061750,node-2214509441,Anna Salai (Mount Road),primary,506.93,,yes,19,13.0719588,80.2747056,13.0684298,80.271881
edge-673263757-6304923725-6304923724,673263757,node-6304923725,node-6304923724,Unnamed Road,trunk_link,8.55,,no,2,13.1342746,80.2340277,13.1343401,80.234069
edge-673281178-2465833474-6305149513,673281178,node-2465833474,node-6305149513,Unnamed Road,primary_link,15.7,,yes,4,13.1312594,80.1272206,13.1313687,80.127152
edge-673281180-6305149515-3923258011,673281180,node-6305149515,node-3923258011,Unnamed Road,primary_link,12.5,,yes,3,13.131476,80.1279283,13.1313641,80.1279172
edge-673513287-6307286848-6307286847,673513287,node-6307286848,node-6307286847,Unnamed Road,primary_link,12.85,,no,2,12.9947652,80.193305,12.9947641,80.1934236
edge-673516736-6307311241-6307311240,673516736,node-6307311241,node-6307311240,Unnamed Road,primary_link,9.11,,no,2,12.9486187,80.1936376,12.9485371,80.1936306
edge-673519963-964603998-257439085,673519963,node-964603998,node-257439085,Semmozhi Salai,primary,39.16,,yes,2,12.9173229,80.1941101,12.9169937,80.1942384
edge-673520302-2049352391-2049352386,673520302,node-2049352391,node-2049352386,Unnamed Road,primary_link,7.33,,no,2,12.91108,80.1918002,12.9110885,80.1917331
edge-676026672-1183259312-6331062300,676026672,node-1183259312,node-6331062300,Gopathi Narayanaswami Road,secondary,23.76,,yes,2,13.0491993,80.2469772,13.0493144,80.247162
edge-682060914-6387287250-6387287249,682060914,node-6387287250,node-6387287249,Unnamed Road,trunk_link,16.36,,no,2,12.9462996,80.1364372,12.9462125,80.1365589
edge-687501744-1975496558-245579193,687501744,node-1975496558,node-245579193,Mahalingapuram Main Road,secondary,13.18,,yes,3,13.0581145,80.2372093,13.0580858,80.2373271
edge-687502637-6444634790-6444634789,687502637,node-6444634790,node-6444634789,Unnamed Road,secondary_link,14.53,,no,2,13.0091239,80.221904,13.0090503,80.2220148
edge-690536285-9865114822-6478695206,690536285,node-9865114822,node-6478695206,Outer Ring Road,motorway,943.21,3,yes,12,13.1813674,80.1208312,13.1798621,80.1293998
edge-692103921-315260922-277434297,692103921,node-315260922,node-277434297,2nd Avenue,secondary,21.27,,yes,2,13.0443017,80.2124429,13.0442799,80.2122478
edge-692105687-6496587062-6496587061,692105687,node-6496587062,node-6496587061,Unnamed Road,secondary_link,11.95,,no,2,13.0352977,80.2091986,13.0351921,80.2091783
edge-692116776-6496684271-6496684270,692116776,node-6496684271,node-6496684270,Unnamed Road,secondary_link,13.03,,no,2,13.0486304,80.2462767,13.0485432,80.246357
edge-692208071-247074857-247675520,692208071,node-247074857,node-247675520,Burkit Road,secondary,35.62,,yes,2,13.0350262,80.2304109,13.0349762,80.2307357
edge-692240020-6497877504-6497877508,692240020,node-6497877504,node-6497877508,Unnamed Road,primary_link,37.13,,yes,4,13.0719181,80.2023768,13.0719253,80.2020481
edge-692265152-6498179356-6498179355,692265152,node-6498179356,node-6498179355,Unnamed Road,secondary_link,19.12,,no,2,13.0760246,80.2180554,13.0760442,80.21788
edge-692670681-6502990194-6502990193,692670681,node-6502990194,node-6502990193,Unnamed Road,primary_link,14.47,,no,2,12.9785453,80.2034662,12.9784366,80.2033927
edge-692677120-3030620399-6503071219,692677120,node-3030620399,node-6503071219,Unnamed Road,secondary_link,18.16,,no,2,13.0740453,80.2208523,13.0740465,80.22102
edge-692686555-2800814692-6503162885,692686555,node-2800814692,node-6503162885,Unnamed Road,secondary_link,7.76,,no,2,13.0711607,80.2229797,13.0711057,80.2229356
edge-693132614-300195704-366081876,693132614,node-300195704,node-366081876,Unnamed Road,secondary_link,8.42,,no,2,13.0015861,80.2185305,13.0015381,80.2185906
edge-693509698-2407561505-6510959128,693509698,node-2407561505,node-6510959128,Unnamed Road,primary_link,19.49,,no,2,12.9806949,80.1988083,12.9805239,80.198769
edge-696377456-5460705612-6968051463,696377456,node-5460705612,node-6968051463,Anna Salai (Mount Road),primary,12.57,3,yes,2,13.0657269,80.267641,13.0656647,80.2675441
edge-696377459-248468887-13754470059,696377459,node-248468887,node-13754470059,Montieth Road,secondary,31.65,,yes,7,13.0665507,80.2604205,13.0664481,80.2606304
edge-696854456-6544358299-6544358286,696854456,node-6544358299,node-6544358286,Gandhi Road,secondary,723.0,,yes,23,12.9303479,80.1150097,12.9304169,80.12146
edge-696854457-30037939-331885587,696854457,node-30037939,node-331885587,Unnamed Road,secondary,17.45,,yes,2,12.9299684,80.1212568,12.9300665,80.1211311
edge-701285517-6586196582-6586196581,701285517,node-6586196582,node-6586196581,Unnamed Road,primary_link,23.83,,no,2,13.0741075,80.1916378,13.074319,80.1916734
edge-701297959-6328430470-5456215976,701297959,node-6328430470,node-5456215976,Unnamed Road,trunk_link,46.51,,yes,4,12.9814302,80.1668305,12.9817176,80.1665192
edge-701740776-6598228336-6590298838,701740776,node-6598228336,node-6590298838,Unnamed Road,secondary,101.26,,yes,6,13.072717,80.181271,13.0725217,80.1821376
edge-701740777-6590298838-6590298837,701740777,node-6590298838,node-6590298837,Unnamed Road,secondary,110.45,,yes,2,13.0725217,80.1821376,13.0715332,80.1822379
edge-701740778-277393496-7823176107,701740778,node-277393496,node-7823176107,Thiruvalluvar Saalai,secondary,84.54,,yes,5,13.0725054,80.182035,13.0726175,80.181266
edge-701740779-6590298837-13957468364,701740779,node-6590298837,node-13957468364,Unnamed Road,secondary,133.35,,yes,11,13.0715332,80.1822379,13.070535,80.1826057
edge-701779246-243049866-6590644177,701779246,node-243049866,node-6590644177,Unnamed Road,secondary_link,29.28,,yes,5,13.067412,80.2520847,13.0671854,80.2519554
edge-701779249-243049719-2197496980,701779249,node-243049719,node-2197496980,College Road,secondary,447.21,,yes,9,13.0679245,80.2477466,13.0673807,80.2518318
edge-701779250-11302101383-309323284,701779250,node-11302101383,node-309323284,College Road,secondary,395.74,,yes,12,13.0673215,80.2514749,13.0676518,80.2479671
edge-701779251-6590644591-6590644591,701779251,node-6590644591,node-6590644591,Unnamed Road,secondary,35.94,,no,18,13.0673653,80.2518279,13.0673653,80.2518279
edge-702576058-6597724339-276611157,702576058,node-6597724339,node-276611157,Unnamed Road,secondary,14.8,,no,2,13.0879069,80.1880825,13.0877739,80.1880767
edge-702633913-6598418479-13880733725,702633913,node-6598418479,node-13880733725,Unnamed Road,secondary_link,23.39,,yes,6,13.0674794,80.2549589,13.0672744,80.2549581
edge-702981250-2197640122-248467911,702981250,node-2197640122,node-248467911,Gandhi Irwin Road,secondary,117.17,,yes,5,13.0781006,80.2633186,13.0777391,80.2623028
edge-702993242-251299059-4885083062,702993242,node-251299059,node-4885083062,Unnamed Road,trunk_link,22.52,,no,2,12.980061,80.1628777,12.9798702,80.1629475
edge-718775542-276740916-276744047,718775542,node-276740916,node-276744047,Unnamed Road,secondary,525.94,,no,22,13.1178731,80.1693156,13.1218746,80.1673092
edge-718775543-7820024337-7171991225,718775543,node-7820024337,node-7171991225,Unnamed Road,secondary,216.33,,yes,3,13.1109232,80.1741084,13.1089837,80.1739511
edge-721545666-6768828546-6768828548,721545666,node-6768828546,node-6768828548,Unnamed Road,primary_link,27.54,,yes,4,13.0526973,80.2420139,13.0528894,80.241857
edge-721611543-6769337700-6769337699,721611543,node-6769337700,node-6769337699,Unnamed Road,primary,11.49,,no,2,12.9171515,80.2298244,12.9171636,80.2297191
edge-721699138-276611993-276608584,721699138,node-276611993,node-276608584,Chennai - Tiruttani - Renigunta Road,primary,594.94,2,yes,15,13.0981286,80.1753305,13.0997695,80.170132
edge-721883786-6771686342-6771686341,721883786,node-6771686342,node-6771686341,Unnamed Road,primary_link,10.67,,no,2,12.9387394,80.2526999,12.9387299,80.2527979
edge-721922453-325207488-4265654365,721922453,node-325207488,node-4265654365,Velachery Bypass Road,primary,16.01,2,yes,2,12.9874273,80.2183524,12.9872854,80.2183271
edge-721922454-4265654365-10120160572,721922454,node-4265654365,node-10120160572,Velachery Bypass Road,primary,1004.36,2,yes,23,12.9872854,80.2183271,12.9784912,80.2191661
edge-722120356-6773718418-6773718417,722120356,node-6773718418,node-6773718417,Unnamed Road,secondary_link,45.81,,yes,5,13.0011421,80.2568352,13.0009168,80.2565019
edge-722120357-6773718422-6773718418,722120357,node-6773718422,node-6773718418,Unnamed Road,secondary,54.86,,yes,5,13.001551,80.2565871,13.0011421,80.2568352
edge-722136492-6773827234-6773827233,722136492,node-6773827234,node-6773827233,Unnamed Road,primary_link,18.46,,no,2,13.0625247,80.1662187,13.0623987,80.1663296
edge-722197014-250363499-250363488,722197014,node-250363499,node-250363488,70 Feet Road,secondary,146.2,,yes,9,13.0284037,80.2271665,13.0280355,80.2261679
edge-722197015-250737683-10734648879,722197015,node-250737683,node-10734648879,Reddy Kuppam Road,secondary,38.02,,yes,2,13.0284035,80.2243631,13.0284845,80.2240221
edge-722394187-309206657-248467465,722394187,node-309206657,node-248467465,Ethiraj Salai,secondary,90.58,,yes,4,13.0637768,80.2602115,13.0641216,80.2594541
edge-722405205-276739204-6801311085,722405205,node-276739204,node-6801311085,Chennai - Tiruttani - Renigunta Road,primary,676.84,2,yes,29,13.1133093,80.1490963,13.1088313,80.1522891
edge-722405206-276739204-276739206,722405206,node-276739204,node-276739206,Chennai - Tiruttani - Renigunta Road,primary,128.66,2,no,6,13.1133093,80.1490963,13.114053,80.1482589
edge-722405207-6801311087-276739204,722405207,node-6801311087,node-276739204,Chennai - Tiruttani - Renigunta Road,primary,664.42,2,yes,27,13.1088117,80.152216,13.1133093,80.1490963
edge-722409742-6776288682-6776289985,722409742,node-6776288682,node-6776289985,Unnamed Road,secondary,38.08,,yes,3,13.1037999,80.2036461,13.1035786,80.2033777
edge-722484148-6776970388-6776946681,722484148,node-6776970388,node-6776946681,1st Avenue,secondary,368.86,2,yes,8,13.085459,80.1698169,13.0887125,80.1695265
edge-722491567-12585194416-2197121340,722491567,node-12585194416,node-2197121340,Sullivan Garden Road,secondary,482.84,,yes,12,13.0368163,80.2676365,13.0410763,80.2681873
edge-723314700-4001265763-2174581384,723314700,node-4001265763,node-2174581384,Medavakkam Tank Road,secondary,77.44,,yes,4,13.0856484,80.2451619,13.0861936,80.2447212
edge-723314701-2174581384-6784441686,723314701,node-2174581384,node-6784441686,Medavakkam Tank Road,secondary,47.35,,yes,2,13.0861936,80.2447212,13.0865388,80.2444652
edge-724220826-310504053-2188756981,724220826,node-310504053,node-2188756981,Santhome High Road,primary,190.15,,yes,2,13.0237866,80.2736556,13.0227555,80.2722554
edge-724220827-30237413-310504053,724220827,node-30237413,node-310504053,Santhome High Road,primary,43.87,,yes,3,13.0240343,80.2739707,13.0237866,80.2736556
edge-724220828-5406601848-7050844239,724220828,node-5406601848,node-7050844239,Santhome High Road,primary,43.87,,yes,5,13.0238233,80.2735553,13.0240671,80.2738735
edge-724220829-2188756983-5406601848,724220829,node-2188756983,node-5406601848,Santhome High Road,primary,183.18,,yes,2,13.022825,80.2722103,13.0238233,80.2735553
edge-725071412-6799326136-268789823,725071412,node-6799326136,node-268789823,Gandhi Mandapam Flyover,primary,18.28,1,yes,2,13.0066016,80.2428757,13.0066507,80.2427147
edge-725256819-6776243014-9929183741,725256819,node-6776243014,node-9929183741,Chennai - Tiruttani - Renigunta Road,primary,1399.63,2,yes,37,13.1075582,80.1523468,13.1014995,80.1619355
edge-725256820-6801311085-6776243042,725256820,node-6801311085,node-6776243042,Chennai - Tiruttani - Renigunta Road,primary,18.88,2,yes,2,13.1088313,80.1522891,13.1086616,80.1522837
edge-725256822-6801311086-6801311087,725256822,node-6801311086,node-6801311087,Chennai - Tiruttani - Renigunta Road,primary,17.22,2,yes,2,13.1086569,80.1522206,13.1088117,80.152216
edge-725264957-6801367435-277391470,725264957,node-6801367435,node-277391470,Valluvar Road,secondary,42.19,,no,2,13.0241328,80.1830844,13.0245122,80.1830853
edge-725264958-12701705712-6801367435,725264958,node-12701705712,node-6801367435,Valluvar Road,secondary,355.37,,no,13,13.0216876,80.1834525,13.0241328,80.1830844
edge-726099241-7027588123-13991726717,726099241,node-7027588123,node-13991726717,Dr Ambedkar Road,secondary,364.11,,yes,7,13.0467597,80.2187458,13.0438214,80.2173705
edge-726604160-300195061-300195062,726604160,node-300195061,node-300195062,Tambaram Eastern Bypass Road,primary,2391.59,3,yes,49,12.8909567,80.1408201,12.912343,80.1431397
edge-726604161-3252304956-2185139167,726604161,node-3252304956,node-2185139167,Tambaram Eastern Bypass Road,primary,1858.89,3,yes,37,12.9123733,80.1432748,12.8957484,80.1415013
edge-727349006-6816373603-6816373602,727349006,node-6816373603,node-6816373602,Unnamed Road,primary_link,11.11,,no,2,12.9496391,80.2363159,12.9497375,80.2363336
edge-727357503-6816422674-6776288682,727357503,node-6816422674,node-6776288682,Konnur High Road,secondary,63.65,,yes,2,13.1037051,80.2030665,13.1037999,80.2036461
edge-727390155-6816790401-11773348037,727390155,node-6816790401,node-11773348037,Unnamed Road,primary_link,49.27,,yes,6,13.0066597,80.2476619,13.0063126,80.2473915
edge-727734261-30037904-2489157876,727734261,node-30037904,node-2489157876,Swami Sivananda Salai,secondary,21.0,,yes,2,13.0717936,80.2743746,13.0716919,80.274538
edge-727734262-243325391-309061751,727734262,node-243325391,node-309061751,Unnamed Road,primary_link,83.99,,yes,8,13.0722422,80.2739583,13.0720436,80.274623
edge-727734263-2489157872-30037903,727734263,node-2489157872,node-30037903,Deputy Mayor Kabalamurthy Road,secondary,21.89,,yes,2,13.0715696,80.2744964,13.0716541,80.2743139
edge-744238791-14107300740-280086989,744238791,node-14107300740,node-280086989,Station Road,primary,437.83,,yes,11,13.0014719,80.2005047,12.9975496,80.2006619
edge-744242550-6965532360-6965532354,744242550,node-6965532360,node-6965532354,Unnamed Road,primary_link,81.96,,yes,7,13.0624721,80.2626935,13.0624886,80.2634065
edge-744524364-6968051461-6968051463,744524364,node-6968051461,node-6968051463,General Patters Road,secondary,21.77,,yes,3,13.0654903,80.2676323,13.0656647,80.2675441
edge-750329223-416838241-1183430695,750329223,node-416838241,node-1183430695,Unnamed Road,secondary,58.56,,yes,4,12.9818778,80.2527726,12.9813518,80.2527919
edge-750615117-7018332109-7018332108,750615117,node-7018332109,node-7018332108,Unnamed Road,primary_link,8.09,,no,2,12.9297803,80.2315759,12.9297592,80.2316473
edge-751462335-11041646169-7025092841,751462335,node-11041646169,node-7025092841,Vanagaram - Ambathur - Puzhal Road,primary,701.04,2,yes,20,13.1316785,80.1628048,13.1321445,80.1692411
edge-751462336-2246483695-402578213,751462336,node-2246483695,node-402578213,Vanagaram - Ambathur - Puzhal Road,primary,690.76,2,yes,20,13.1320547,80.1692364,13.1315989,80.1628935
edge-751462337-402352504-276746153,751462337,node-402352504,node-276746153,Vanagaram - Ambathur - Puzhal Road,primary,440.99,3,yes,20,13.1329412,80.17363,13.1320551,80.1698905
edge-752130032-925215921-7030633180,752130032,node-925215921,node-7030633180,Nolambur Main road,secondary,74.4,1,yes,4,13.0816033,80.1668227,13.0813892,80.1661721
edge-752130033-12704032779-7823213699,752130033,node-12704032779,node-7823213699,Unnamed Road,secondary,771.42,,yes,13,13.0814722,80.1661985,13.0834945,80.1730105
edge-752130034-276612093-925215921,752130034,node-276612093,node-925215921,Ramalingam saalai,secondary,441.5,1,yes,7,13.0827407,80.1707278,13.0816033,80.1668227
edge-752178025-11495672532-10696417358,752178025,node-11495672532,node-10696417358,Halls Road,secondary,76.12,,yes,2,13.0752085,80.2580748,13.0747226,80.2575798
edge-753184067-7803206459-7037576145,753184067,node-7803206459,node-7037576145,East avenue Road,secondary,7.66,2,yes,2,13.0997126,80.186602,13.0997802,80.1865885
edge-753876837-12121986608-13855405773,753876837,node-12121986608,node-13855405773,Unnamed Road,primary,4.14,,no,2,13.1085876,80.2441126,13.108612,80.2441415
edge-753876838-2272421683-7018453427,753876838,node-2272421683,node-7018453427,Unnamed Road,primary,198.46,,yes,6,13.1086934,80.2423005,13.1086054,80.244046
edge-754126013-7045299708-7045299707,754126013,node-7045299708,node-7045299707,Unnamed Road,primary_link,10.85,,no,2,12.8988985,80.2412538,12.8988024,80.2412366
edge-754131103-7045350481-7045350480,754131103,node-7045350481,node-7045350480,Unnamed Road,primary_link,26.4,,yes,2,13.1311238,80.2144,13.1309105,80.214507
edge-754186157-7045917745-12759223284,754186157,node-7045917745,node-12759223284,Unnamed Road,trunk_link,99.51,,yes,2,13.1111586,80.1637569,13.11027,80.1636482
edge-754186158-12759223285-276608314,754186158,node-12759223285,node-276608314,Unnamed Road,trunk_link,98.37,,yes,2,13.1102872,80.1635613,13.1111659,80.1636667
edge-754775542-7050844239-9503893542,754775542,node-7050844239,node-9503893542,Santhome High Road,primary,246.54,,yes,8,13.0240671,80.2738735,13.0258793,80.275088
edge-754775543-30237410-30237413,754775543,node-30237410,node-30237413,Santhome High Road,primary,246.76,,yes,7,13.0258557,80.2752027,13.0240343,80.2739707
edge-754823334-254497987-254491199,754823334,node-254497987,node-254491199,Strahans Road,secondary,138.35,,yes,5,13.0971437,80.2605066,13.0973747,80.2592517
edge-754823335-254497987-254497284,754823335,node-254497987,node-254497284,Strahans Road,secondary,255.95,,no,12,13.0971437,80.2605066,13.0971913,80.262432
edge-754823336-11026309688-11026309697,754823336,node-11026309688,node-11026309697,Ambedkar Kalloori Salai,secondary,471.91,2,yes,18,13.1063601,80.2607865,13.1022184,80.2604452
edge-755813093-1391029243-7059352508,755813093,node-1391029243,node-7059352508,Vanagaram - Ambathur - Puzhal Road,primary,1041.79,2,yes,33,13.122705,80.1484356,13.1286369,80.1555618
edge-755813094-402578213-11778006140,755813094,node-402578213,node-11778006140,Vanagaram - Ambathur - Puzhal Road,primary,480.45,2,yes,10,13.1315989,80.1628935,13.1304434,80.1586451
edge-760156883-7101220995-1676204899,760156883,node-7101220995,node-1676204899,Unnamed Road,primary_link,55.66,,yes,6,12.9883249,80.251317,12.9879526,80.2516363
edge-760161371-247688167-247688147,760161371,node-247688167,node-247688147,Unnamed Road,secondary_link,22.05,,yes,3,13.0389562,80.2574399,13.038823,80.2575875
edge-760457094-13805464014-1470541329,760457094,node-13805464014,node-1470541329,Major Mukund Varadharajan Salai,primary,3036.09,2,yes,54,12.9225494,80.1473002,12.9233757,80.1193194
edge-760457096-1937587122-1937587128,760457096,node-1937587122,node-1937587128,Major Mukund Varadharajan Salai,primary,1582.97,2,yes,27,12.9229768,80.1278462,12.9225079,80.1424396
edge-760471615-10697629276-2197215572,760471615,node-10697629276,node-2197215572,Unnamed Road,secondary,35.08,,yes,3,13.0407248,80.2318586,13.0410175,80.231975
edge-760471616-250363934-5733272648,760471616,node-250363934,node-5733272648,Doraiswamy Road,secondary,83.0,,yes,4,13.0407379,80.2310377,13.0408825,80.2302861
edge-760486049-2214509243-247691288,760486049,node-2214509243,node-247691288,Wallajah Road,secondary,12.39,,yes,2,13.0647211,80.2783934,13.0647735,80.2782924
edge-760727527-2001025757-2197202984,760727527,node-2001025757,node-2197202984,Sir Thyagaraya Road,secondary,25.61,3,yes,3,13.0403971,80.240288,13.0404293,80.2405137
edge-761019898-311311547-12157558039,761019898,node-311311547,node-12157558039,Old Jail Road,primary,220.95,,yes,6,13.1050917,80.2840465,13.105382,80.2820369
edge-761019899-10703708814-311311547,761019899,node-10703708814,node-311311547,Old Jail Road,primary,248.02,,no,7,13.104569,80.2862631,13.1050917,80.2840465
edge-761161026-978534779-978534822,761161026,node-978534779,node-978534822,Unnamed Road,primary_link,21.01,,no,2,12.9866238,80.1957262,12.9866859,80.1959093
edge-761177260-12696823689-313026024,761177260,node-12696823689,node-313026024,Mount - Poonamallee - Avadi Road,primary,1062.8,,yes,19,13.0245148,80.1773214,13.0292446,80.1687968
edge-761215822-7111954112-9368672356,761215822,node-7111954112,node-9368672356,Velachery Main Road,secondary,65.99,,yes,3,12.9914896,80.2196713,12.9910125,80.2200334
edge-761215824-7111954112-249112798,761215824,node-7111954112,node-249112798,Velachery Bypass Road,primary,7.42,,yes,2,12.9914896,80.2196713,12.9914386,80.2196271
edge-761221669-7112006163-7112006162,761221669,node-7112006163,node-7112006162,Unnamed Road,primary_link,70.63,,yes,6,13.0657719,80.2432111,13.0662234,80.2436145
edge-767936890-7170102963-7170102957,767936890,node-7170102963,node-7170102957,East Coast Road,primary,1056.21,2,yes,26,12.8971781,80.2473747,12.8879243,80.245538
edge-768139894-7171991224-276609002,768139894,node-7171991224,node-276609002,Unnamed Road,secondary,1149.79,,yes,22,13.1084519,80.1796643,13.1094113,80.1690944
edge-768139895-7171991223-7171991224,768139895,node-7171991223,node-7171991224,Unnamed Road,secondary,25.11,,yes,2,13.108429,80.179895,13.1084519,80.1796643
edge-768139896-276609003-331293033,768139896,node-276609003,node-331293033,Unnamed Road,secondary,979.74,,yes,18,13.1093558,80.1675944,13.1087688,80.176581
edge-771562013-7202730346-7202730347,771562013,node-7202730346,node-7202730347,Unnamed Road,secondary_link,6.95,2,no,2,13.0819376,80.1677799,13.0818793,80.167803
edge-793704827-7412932325-247438770,793704827,node-7412932325,node-247438770,Netaji Subhash Chandra Bose Road,secondary,31.01,,yes,2,13.0883365,80.2838631,13.0883156,80.2835776
edge-793704828-966544148-4428682178,793704828,node-966544148,node-4428682178,General Hospital Road,primary,10.23,,yes,2,13.0816211,80.2751566,13.081602,80.2750642
edge-793704829-259686145-2216437902,793704829,node-259686145,node-2216437902,Royapettah High Road,secondary,431.01,1,yes,16,13.0523599,80.2638228,13.0489866,80.2649266
edge-793704830-384600347-247687820,793704830,node-384600347,node-247687820,Alwarpet Flyover,secondary,289.81,,yes,9,13.0380885,80.2567322,13.0355274,80.2569984
edge-793704831-2212827519-268789820,793704831,node-2212827519,node-268789820,Gandhi Mandapam Road,secondary,16.38,,yes,2,13.0069116,80.2403241,13.0067658,80.2403023
edge-793704832-2212827519-671200715,793704832,node-2212827519,node-671200715,Sardar Patel Road,primary,34.03,2,yes,2,13.0069116,80.2403241,13.0068528,80.2406323
edge-793704833-11041723930-6074258026,793704833,node-11041723930,node-6074258026,Rajiv Gandhi Salai,primary,1197.02,3,yes,28,12.9736507,80.2504409,12.9635279,80.2467479
edge-795471462-257532684-310102870,795471462,node-257532684,node-310102870,Sardar Patel Road,primary,477.12,2,yes,6,13.0067102,80.2428614,13.0067702,80.2472648
edge-795471463-246823992-996580354,795471463,node-246823992,node-996580354,Pasumpon Muthuramalingar Thevar Salai,secondary,11.97,,yes,2,13.0295538,80.2457626,13.0295607,80.2456523
edge-812589575-278751951-12157435011,812589575,node-278751951,node-12157435011,Madhavaram Flyover,primary,446.15,,yes,4,13.1451544,80.2203354,13.148861,80.2219122
edge-812678993-735219363-7590634897,812678993,node-735219363,node-7590634897,Ambattur Ramp,trunk_link,122.34,2,yes,8,13.0613034,80.160504,13.0604926,80.160104
edge-812678994-7590634899-735219201,812678994,node-7590634899,node-735219201,Poonamallee Exit,trunk_link,102.19,2,yes,10,13.060624,80.1621665,13.0612711,80.1617392
edge-812679965-304920837-304920838,812679965,node-304920837,node-304920838,Kathipara Interchange Flyover,trunk,17.39,,yes,2,13.0051056,80.2014951,13.0049681,80.2014186
edge-812679966-256124455-256039892,812679966,node-256124455,node-256039892,Kathipara Interchange Flyover,primary,442.77,,yes,10,13.0122444,80.20395,13.008284,80.2038377
edge-812679967-256039892-256039877,812679967,node-256039892,node-256039877,Kathipara Interchange Flyover,primary,132.82,,yes,6,13.008284,80.2038377,13.007102,80.2037145
edge-817536016-7822510374-7812194726,817536016,node-7822510374,node-7812194726,Chennai - Tiruttani - Renigunta Road,primary,2260.66,2,yes,59,13.1304851,80.136236,13.1251941,80.1174762
edge-822593939-7837970210-259183482,822593939,node-7837970210,node-259183482,General Hospital Road,primary,154.25,3,yes,4,13.0815952,80.2747988,13.0814038,80.2733909
edge-822593941-7680692821-4428682179,822593941,node-7680692821,node-4428682179,General Hospital Road,primary,28.74,,yes,2,13.0816988,80.2747888,13.0817081,80.275054
edge-822593942-4428682178-7837970210,822593942,node-4428682178,node-7837970210,General Hospital Road,primary,28.76,,yes,2,13.081602,80.2750642,13.0815952,80.2747988
edge-827245019-7723112868-1184327448,827245019,node-7723112868,node-1184327448,Grand Northern Trunk Road (Old NH5),primary,312.1,,yes,11,13.1862492,80.1902142,13.1842363,80.1920561
edge-827246822-7805429421-7805429422,827246822,node-7805429421,node-7805429422,Grand Northern Trunk Road (Old NH5),primary,13.64,,yes,2,13.1968328,80.1813745,13.1967233,80.1813177
edge-827246823-7723151041-7723112866,827246823,node-7723151041,node-7723112866,Grand Northern Trunk Road (Old NH5),primary,1021.73,,yes,31,13.1941742,80.1833606,13.1873919,80.1897007
edge-828120787-7731022470-12126280748,828120787,node-7731022470,node-12126280748,Chennai - Ennore Expressway Road,primary,2671.64,,yes,80,13.1626059,80.3064479,13.1840619,80.3165258
edge-828411838-7733494763-277583521,828411838,node-7733494763,node-277583521,Unnamed Road,secondary,1249.6,,no,31,13.1547182,80.1335531,13.1623617,80.1296044
edge-828411839-7733494764-7733494763,828411839,node-7733494764,node-7733494763,Unnamed Road,secondary,32.76,,no,2,13.1544492,80.1334298,13.1547182,80.1335531
edge-830789702-282004004-7757024554,830789702,node-282004004,node-7757024554,Thiruvottriyur – Ponneri – Panchetty Road,primary,411.29,,yes,7,13.1539415,80.282927,13.1537719,80.2791751
edge-830789703-7757024513-7757004471,830789703,node-7757024513,node-7757004471,Unnamed Road,primary_link,8.22,,no,2,13.1643173,80.2698933,13.1643626,80.2698333
edge-830789704-7757004473-7757004472,830789704,node-7757004473,node-7757004472,Unnamed Road,primary_link,7.0,,no,2,13.1537896,80.2774537,13.1538524,80.2774577
edge-830789705-339986190-7757024546,830789705,node-339986190,node-7757024546,Thiruvottriyur – Ponneri – Panchetty Road,primary,2956.28,,yes,61,13.1769523,80.2703039,13.1540604,80.2750768
edge-833439136-9748317762-1184362594,833439136,node-9748317762,node-1184362594,Thiruvottriyur – Ponneri – Panchetty Road,primary,3140.12,,yes,60,13.2088899,80.2709992,13.1807736,80.2700652
edge-833480713-7780604137-7780604136,833480713,node-7780604137,node-7780604136,Unnamed Road,primary_link,8.07,,no,2,12.8842757,80.2453386,12.8842625,80.2454118
edge-833828139-30142992-5793660975,833828139,node-30142992,node-5793660975,Unnamed Road,primary_link,6.45,,no,2,12.9145818,80.2504002,12.9145879,80.250341
edge-834623262-7791116277-7791116212,834623262,node-7791116277,node-7791116212,Kodambakkam – Sriperumbudur Road,primary,2937.77,,yes,93,13.0049638,80.1046621,13.0115742,80.1272807
edge-834623263-3926714847-3870703177,834623263,node-3926714847,node-3870703177,Kodambakkam – Sriperumbudur Road,primary,2935.37,,yes,101,13.01151,80.1272746,13.0048954,80.1046831
edge-834887215-7793322262-7793322259,834887215,node-7793322262,node-7793322259,Unnamed Road,primary_link,37.74,,yes,5,13.1744989,80.2384729,13.1743864,80.2387913
edge-834887216-7793322267-7793322263,834887216,node-7793322267,node-7793322263,Unnamed Road,primary_link,30.96,,yes,5,13.1742007,80.2383242,13.1744231,80.2384873
edge-834887220-7793322268-7793322269,834887220,node-7793322268,node-7793322269,Unnamed Road,primary_link,24.41,,yes,2,13.1739968,80.2386229,13.1740963,80.2384219
edge-834887221-7793322270-7793322271,834887221,node-7793322270,node-7793322271,Unnamed Road,primary_link,35.65,,yes,2,13.1742086,80.2386625,13.1738883,80.238677
edge-834912604-3905370496-3905370495,834912604,node-3905370496,node-3905370495,Madhavaram - Red Hills Road,primary,72.32,,yes,2,13.1697081,80.2217237,13.1702489,80.2213526
edge-835005958-7794274407-7045917741,835005958,node-7794274407,node-7045917741,Unnamed Road,trunk_link,78.37,,yes,3,13.1150883,80.1640904,13.1157827,80.1640766
edge-835005959-402304008-7794274407,835005959,node-402304008,node-7794274407,Unnamed Road,trunk_link,326.91,,yes,3,13.1121645,80.1637774,13.1150883,80.1640904
edge-835007221-11303696504-7045917745,835007221,node-11303696504,node-7045917745,Unnamed Road,trunk_link,111.37,,yes,3,13.1121555,80.1638553,13.1111586,80.1637569
edge-835007223-7794274660-11303696504,835007223,node-7794274660,node-11303696504,Unnamed Road,trunk_link,328.15,,yes,3,13.115092,80.1641546,13.1121555,80.1638553
edge-835015373-7794392128-347342993,835015373,node-7794392128,node-347342993,Chennai Bypass Expressway,trunk,1479.76,3,yes,7,12.985128,80.1210481,12.9720695,80.1187489
edge-835015374-7794392129-7794392128,835015374,node-7794392129,node-7794392128,Chennai Bypass Expressway,trunk,206.16,3,yes,2,12.9869788,80.1211599,12.985128,80.1210481
edge-835015375-347353687-11668317992,835015375,node-347353687,node-11668317992,Chennai Bypass Expressway,trunk,1086.67,3,yes,6,12.9970676,80.1235367,13.0059067,80.1272489
edge-835015376-7794392131-7794392130,835015376,node-7794392131,node-7794392130,Chennai Bypass Expressway,trunk,206.04,3,yes,2,12.985136,80.1208968,12.9869859,80.1210059
edge-835030600-7794528402-2800814703,835030600,node-7794528402,node-2800814703,Nelson Manickam Road,secondary,915.22,2,yes,37,13.0671494,80.2276678,13.072479,80.2212346
edge-835030601-7794528403-7794528402,835030601,node-7794528403,node-7794528402,Nelson Manickam Road,secondary,67.77,2,yes,2,13.0668892,80.2282336,13.0671494,80.2276678
edge-835030602-7794528404-3672851071,835030602,node-7794528404,node-3672851071,Nelson Manickam Road,secondary,339.49,2,yes,11,13.0669739,80.2282371,13.0665673,80.2312946
edge-835030603-7794528405-7794528404,835030603,node-7794528405,node-7794528404,Nelson Manickam Road,secondary,57.36,2,yes,2,13.0671885,80.2277555,13.0669739,80.2282371
edge-835031834-2800814599-7794528406,835031834,node-2800814599,node-7794528406,Nelson Manickam Road,secondary,136.4,2,yes,5,13.0635832,80.2353731,13.0646628,80.2347752
edge-835674076-3900194887-3900194888,835674076,node-3900194887,node-3900194888,Inner Ring Road,primary,40.91,,yes,2,13.179904,80.2560153,13.1800341,80.2563688
edge-835701993-6305269181-744509864,835701993,node-6305269181,node-744509864,Mount - Medavakkam Road,primary,78.61,,no,3,12.9822928,80.1960645,12.9829362,80.1963649
edge-835701994-251298250-251298251,835701994,node-251298250,node-251298251,Mount - Medavakkam Road,primary,17.08,,no,2,12.9811124,80.1954404,12.981246,80.1955182
edge-836022173-7803206459-7803206458,836022173,node-7803206459,node-7803206458,Chennai - Tiruttani - Renigunta Road,primary,7.22,2,yes,3,13.0997126,80.186602,13.0996963,80.1865375
edge-836079019-10270867536-2186684698,836079019,node-10270867536,node-2186684698,Tambaram Eastern Bypass Road,primary,196.21,,yes,3,12.8899808,80.1372476,12.8897679,80.1390441
edge-836277451-13765800354-7805429419,836277451,node-13765800354,node-7805429419,Grand Northern Trunk Road (Old NH5),primary,23.93,,yes,3,13.1965551,80.1811692,13.1967563,80.1812175
edge-836277452-7805429434-7723151018,836277452,node-7805429434,node-7723151018,Singaperumalkoil - Sriperumbudur - Thiruvallur - Red Hills Road,primary,522.74,,yes,8,13.1949172,80.1763849,13.1963209,80.1809896
edge-836277453-276771390-1184327475,836277453,node-276771390,node-1184327475,Singaperumalkoil - Sriperumbudur - Thiruvallur - Red Hills Road,primary,115.52,,yes,3,13.1945092,80.1754433,13.1940821,80.1744725
edge-836295017-7723112866-7723112868,836295017,node-7723112866,node-7723112868,Grand Northern Trunk Road (Old NH5),primary,138.85,,yes,6,13.1873919,80.1897007,13.1862492,80.1902142
edge-836308312-10285915521-310362437,836308312,node-10285915521,node-310362437,Pallavaram - Thoraipakkam Road,primary,124.72,,yes,3,12.9493795,80.222387,12.9493002,80.221239
edge-836308313-978588671-7805766917,836308313,node-978588671,node-7805766917,Pallavaram - Thoraipakkam Road,primary,257.91,,yes,2,12.9495618,80.2258445,12.9494457,80.2234675
edge-836308314-7805766920-7805766919,836308314,node-7805766920,node-7805766919,Pallavaram - Thoraipakkam Road,primary,18.2,,yes,2,12.9495281,80.2232985,12.9495366,80.2234662
edge-836308315-7805766919-978589231,836308315,node-7805766919,node-978589231,Pallavaram - Thoraipakkam Road,primary,257.12,,yes,2,12.9495366,80.2234662,12.9496899,80.2258337
edge-836316687-7805837540-7805837536,836316687,node-7805837540,node-7805837536,Unnamed Road,primary_link,23.14,,no,5,13.1029574,80.1503535,13.1029062,80.1501535
edge-836665580-7808716557-276517784,836665580,node-7808716557,node-276517784,Surapet Main Road,secondary,1145.22,,no,34,13.1411836,80.1968908,13.1383664,80.2069987
edge-836665581-7808716556-7808716557,836665581,node-7808716556,node-7808716557,Surapet Main Road,secondary,37.14,,no,2,13.1412373,80.1965523,13.1411836,80.1968908
edge-836742075-301732801-300309927,836742075,node-301732801,node-300309927,Grand Southern Trunk Road,trunk,904.4,,yes,8,12.9962216,80.1894026,13.0014259,80.1958141
edge-836801854-11032124253-1109183266,836801854,node-11032124253,node-1109183266,Jawaharlal Nehru Road (100 Feet Road),primary,347.68,,yes,8,13.1290348,80.2117717,13.1310075,80.2141626
edge-837050013-3193976503-276744039,837050013,node-3193976503,node-276744039,Pattaravakam ROB,secondary,236.61,2,no,8,13.1166862,80.1732213,13.117077,80.1710748
edge-837051907-10285915511-10285915508,837051907,node-10285915511,node-10285915508,Pallavaram - Thoraipakkam Road,primary,89.35,,yes,3,12.9489103,80.2174218,12.9488301,80.2166014
edge-837051908-7812228087-7812228088,837051908,node-7812228087,node-7812228088,Pallavaram - Thoraipakkam Road,primary,18.0,,yes,2,12.9489668,80.2179771,12.9489485,80.2178121
edge-837051909-10285915514-10285915520,837051909,node-10285915514,node-10285915520,Pallavaram - Thoraipakkam Road,primary,138.0,,yes,2,12.9491614,80.218886,12.9492867,80.2201529
edge-837051910-7812228089-7812228086,837051910,node-7812228089,node-7812228086,Pallavaram - Thoraipakkam Road,primary,17.4,,yes,2,12.9490504,80.2178047,12.9490675,80.2179643
edge-837051911-978589668-10285915493,837051911,node-978589668,node-10285915493,Pallavaram - Thoraipakkam Road,primary,186.82,2,yes,2,12.948505,80.213282,12.9483871,80.2115623
edge-837051912-257439105-978589668,837051912,node-257439105,node-978589668,Pallavaram - Thoraipakkam Road,primary,12.29,,yes,2,12.9485172,80.2133947,12.948505,80.213282
edge-837051913-964603993-978588759,837051913,node-964603993,node-978588759,Pallavaram - Thoraipakkam Road,primary,124.04,,yes,2,12.9486162,80.2133734,12.9487126,80.2145137
edge-837051914-978589449-964603993,837051914,node-978589449,node-964603993,Pallavaram - Thoraipakkam Road,primary,10.62,,yes,2,12.9486079,80.2132758,12.9486162,80.2133734
edge-837078805-7812473162-247683994,837078805,node-7812473162,node-247683994,Kodambakkam – Sriperumbudur Road,primary,384.75,,no,16,13.0150542,80.1357251,13.0129221,80.1330404
edge-837078806-7812490593-2734146679,837078806,node-7812490593,node-2734146679,Kodambakkam – Sriperumbudur Road,primary,1609.85,,yes,50,13.019787,80.1431668,13.0306538,80.1528962
edge-837321907-2086711946-2517035823,837321907,node-2086711946,node-2517035823,Mount - Medavakkam Road,primary,1066.24,2,yes,36,12.9571766,80.1869442,12.9665183,80.1887888
edge-837335632-2407552342-7814859420,837335632,node-2407552342,node-7814859420,Mount - Medavakkam Road,primary,520.5,2,yes,13,12.9646415,80.1881164,12.9600622,80.1871625
edge-837335633-251297461-300460343,837335633,node-251297461,node-300460343,Mount - Medavakkam Road,primary,144.79,,yes,5,12.9659534,80.1886178,12.9647374,80.1881428
edge-837335634-7802828822-7806018166,837335634,node-7802828822,node-7806018166,Mount - Medavakkam Road,primary,1048.42,2,yes,46,12.9775967,80.1938044,12.9690131,80.1899181
edge-837608991-7817675816-7817675815,837608991,node-7817675816,node-7817675815,Major Mukund Varadharajan Salai,primary,43.01,,yes,2,12.9639803,80.2162355,12.963621,80.2160884
edge-837608992-7817675817-7817675818,837608992,node-7817675817,node-7817675818,Major Mukund Varadharajan Salai,primary,46.28,,yes,4,12.9636715,80.215942,12.9640611,80.2160923
edge-837608993-7817675818-1317353299,837608993,node-7817675818,node-1317353299,Major Mukund Varadharajan Salai,primary,20.21,,yes,2,12.9640611,80.2160923,12.9642301,80.2161609
edge-837608994-1355465108-7817675816,837608994,node-1355465108,node-7817675816,Major Mukund Varadharajan Salai,primary,22.29,,yes,2,12.9641632,80.2163197,12.9639803,80.2162355
edge-837697952-306079372-306079434,837697952,node-306079372,node-306079434,2nd Main Road,secondary,346.69,1,yes,6,13.094809,80.1699002,13.0979219,80.1700792
edge-837697953-7818369168-276612091,837697953,node-7818369168,node-276612091,2nd Main Road,secondary,331.69,2,no,4,13.094518,80.1699159,13.0915418,80.1697124
edge-837842777-7820024336-7820024337,837842777,node-7820024336,node-7820024337,Pattaravakam ROB,secondary,33.9,2,yes,2,13.1112281,80.1741115,13.1109232,80.1741084
edge-837842778-7820024332-7820024336,837842778,node-7820024332,node-7820024336,Pattaravakam ROB,secondary,33.43,2,yes,2,13.1109326,80.1740547,13.1112281,80.1741115
edge-837847790-9910462863-290018969,837847790,node-9910462863,node-290018969,Ethiraj Samy Salai,secondary,63.53,,yes,5,13.1299869,80.249851,13.1294301,80.2499327
edge-837847791-290018969-7820074208,837847791,node-290018969,node-7820074208,Ethiraj Samy Salai,secondary,64.17,,yes,4,13.1294301,80.2499327,13.1299869,80.24979
edge-837847792-7820074221-7820074227,837847792,node-7820074221,node-7820074227,SIDCO Main Road,secondary,41.48,,yes,5,13.1316583,80.252541,13.1315238,80.2528967
edge-837847793-7820074227-7820074226,837847793,node-7820074227,node-7820074226,SIDCO Main Road,secondary,47.81,,yes,5,13.1315238,80.2528967,13.1316216,80.252481
edge-837847794-7820074208-7820074238,837847794,node-7820074208,node-7820074238,Tondiarpet High Road,secondary,429.31,,yes,13,13.1299869,80.24979,13.132053,80.2531197
edge-837847795-7820074238-9910462863,837847795,node-7820074238,node-9910462863,Tondiarpet High Road,secondary,424.14,,yes,13,13.132053,80.2531197,13.1299869,80.249851
edge-837847798-290018717-7820074263,837847798,node-290018717,node-7820074263,Tondiarpet High Road,secondary,1042.21,,yes,20,13.1361009,80.2586686,13.1306275,80.2664063
edge-837847799-290017380-7820074263,837847799,node-290017380,node-7820074263,Tondiarpet High Road,secondary,58.05,,no,2,13.1303038,80.2668269,13.1306275,80.2664063
edge-837847800-7820074263-290018717,837847800,node-7820074263,node-290018717,Tondiarpet High Road,secondary,1039.5,,yes,16,13.1306275,80.2664063,13.1361009,80.2586686
edge-837855378-12157440083-3820325548,837855378,node-12157440083,node-3820325548,Unnamed Road,trunk_link,672.42,,yes,18,13.1271428,80.2439942,13.1306912,80.2390614
edge-838047458-7819394849-276517443,838047458,node-7819394849,node-276517443,Grand Northern Trunk Road,trunk,334.23,,yes,4,13.1272334,80.2439902,13.1253451,80.2463861
edge-838047459-9910462862-9910462861,838047459,node-9910462862,node-9910462861,Moolakadai Flyover,trunk,403.63,,yes,8,13.1278516,80.2430437,13.1299914,80.2400332
edge-838047460-1184327309-7821736144,838047460,node-1184327309,node-7821736144,Grand Northern Trunk Road,trunk,74.41,,yes,2,13.1311728,80.2385344,13.1307685,80.239082
edge-838047465-7821736144-7821736171,838047465,node-7821736144,node-7821736171,Unnamed Road,trunk_link,325.81,,yes,9,13.1307685,80.239082,13.1291174,80.241539
edge-838047467-2166748898-290647748,838047467,node-2166748898,node-290647748,Perambur Cross Road,primary,156.22,,yes,4,13.1269324,80.2414647,13.128337,80.2414383
edge-838047468-3820326115-10682649098,838047468,node-3820326115,node-10682649098,Perambur Cross Road,primary,33.52,,yes,3,13.1287581,80.2416056,13.1284702,80.2415267
edge-838047469-11454997988-9910462859,838047469,node-11454997988,node-9910462859,Madhavaram - Red Hills Road,primary,763.72,2,yes,30,13.1366224,80.2381523,13.1305702,80.2409738
edge-838047473-277587996-7819394849,838047473,node-277587996,node-7819394849,Unnamed Road,trunk_link,179.83,,yes,5,13.1282579,80.2427477,13.1272334,80.2439902
edge-838052922-3820325542-7821813836,838052922,node-3820325542,node-7821813836,Grand Northern Trunk Road,trunk,42.99,,yes,2,13.1311081,80.2384689,13.1313392,80.2381506
edge-838052923-7821813836-3820325545,838052923,node-7821813836,node-3820325545,Grand Northern Trunk Road,trunk,1443.18,,yes,13,13.1313392,80.2381506,13.1391085,80.227476
edge-838054060-4087063895-3900200897,838054060,node-4087063895,node-3900200897,Madhavaram - Red Hills Road,primary,46.77,,yes,5,13.1589943,80.2256704,13.158635,80.2258892
edge-838054061-7821822098-4087063895,838054061,node-7821822098,node-4087063895,Madhavaram - Red Hills Road,primary,48.25,,yes,5,13.1585702,80.2257465,13.1589943,80.2256704
edge-838054062-3905379857-4087063895,838054062,node-3905379857,node-4087063895,Madhavaram - Red Hills Road,primary,253.43,,no,8,13.1611794,80.2251531,13.1589943,80.2256704
edge-838054063-7821822114-3913258529,838054063,node-7821822114,node-3913258529,Inner Ring Road,primary,1113.89,,yes,14,13.1582818,80.2258847,13.1489779,80.2220731
edge-838054064-7821822113-7821822113,838054064,node-7821822113,node-7821822113,Inner Ring Road,primary,123.14,,no,28,13.1583002,80.2258062,13.1583002,80.2258062
edge-838057543-7821851859-1129457258,838057543,node-7821851859,node-1129457258,Balaji Nagar Main Road,secondary,0.83,,no,2,13.1294103,80.2246952,13.1294177,80.2246946
edge-838057544-7821851858-7821851859,838057544,node-7821851858,node-7821851859,Balaji Nagar Main Road,secondary,7.8,,no,2,13.1293402,80.2246982,13.1294103,80.2246952
edge-838082670-7822087530-7822087536,838082670,node-7822087530,node-7822087536,Water Canal Road,secondary,176.8,2,yes,10,13.1354635,80.1909202,13.1339567,80.1914301
edge-838082671-7822087536-7822087537,838082671,node-7822087536,node-7822087537,Canal Bridge,secondary,70.55,,yes,2,13.1339567,80.1914301,13.1333697,80.1916773
edge-838082674-5624500628-7822087529,838082674,node-5624500628,node-7822087529,Water Canal Road,secondary,186.04,2,yes,9,13.133931,80.1913612,13.1354964,80.1907707
edge-838091911-7822169854-7822169828,838091911,node-7822169854,node-7822169828,Kaliamman Koil Street,secondary,441.06,,yes,13,13.0658302,80.198719,13.0623084,80.1968465
edge-838091912-7822169831-7822169832,838091912,node-7822169831,node-7822169832,Kaliamman Koil Street,secondary,25.35,,yes,2,13.0608463,80.1960366,13.0606517,80.1959146
edge-838091913-7822169844-277394114,838091913,node-7822169844,node-277394114,Kaliamman Koil Street,secondary,514.21,,yes,16,13.0598833,80.1955253,13.0557089,80.1934851
edge-838091914-277394117-1184327315,838091914,node-277394117,node-1184327315,Kaliamman Koil Street,secondary,1392.54,,yes,44,13.0490302,80.1921449,13.0606774,80.1958713
edge-838093322-300216374-5328855183,838093322,node-300216374,node-5328855183,Nagerkoyil Sudalaimuthu Krishnan (NSK) Salai,primary,35.05,,yes,2,13.049848,80.2118701,13.0499127,80.2121868
edge-838093323-30038738-315262038,838093323,node-30038738,node-315262038,NSK Salai,primary,33.94,,yes,2,13.0499473,80.21188,13.0499866,80.2121907
edge-838195808-2086707967-2086707964,838195808,node-2086707967,node-2086707964,Pallavaram - Thoraipakkam Road,primary,9.53,,yes,2,12.9491713,80.185249,12.9491642,80.1853366
edge-838218813-7823176107-7823176114,838218813,node-7823176107,node-7823176114,Thiruvalluvar Saalai,secondary,920.5,,yes,42,13.0726175,80.181266,13.0806015,80.180248
edge-838224424-7823213702-276612093,838224424,node-7823213702,node-276612093,JPC Main road,secondary,260.31,1,yes,5,13.0834367,80.1730222,13.0827407,80.1707278
edge-838224425-7823213701-7823213702,838224425,node-7823213701,node-7823213702,JPC Main road,secondary,10.2,,yes,2,13.0834612,80.173113,13.0834367,80.1730222
edge-838224426-7823213700-276611958,838224426,node-7823213700,node-276611958,1st Ave,secondary,207.66,1,yes,6,13.0835232,80.1731063,13.0837302,80.1749938
edge-838224427-7823213699-7823213700,838224427,node-7823213699,node-7823213700,1st Ave,secondary,10.86,,yes,2,13.0834945,80.1730105,13.0835232,80.1731063
edge-838429803-7824963609-7824963622,838429803,node-7824963609,node-7824963622,Ennore High Road,secondary,103.18,,yes,6,13.1576108,80.2979357,13.1571785,80.2970968
edge-838429804-373156188-281998092,838429804,node-373156188,node-281998092,Ennore High Road,secondary,109.03,,yes,7,13.157236,80.2970888,13.1576929,80.2979757
edge-838429805-7824963622-7825217446,838429805,node-7824963622,node-7825217446,Ennore High Road,secondary,541.8,,yes,13,13.1571785,80.2970968,13.1559764,80.2922516
edge-838429806-12129026668-373092675,838429806,node-12129026668,node-373092675,Ennore High Road,secondary,547.62,,yes,14,13.152783,80.2886781,13.1560354,80.2922469
edge-838429807-8429442644-281998092,838429807,node-8429442644,node-281998092,Ennore High Road,secondary,498.89,,no,14,13.1580328,80.3017211,13.1576929,80.2979757
edge-838437809-2116367796-2116367805,838437809,node-2116367796,node-2116367805,Mount - Medavakkam Road,primary,653.48,,yes,16,12.991606,80.1986432,12.9859038,80.1972377
edge-838437810-2116367796-277912694,838437810,node-2116367796,node-277912694,Mount - Medavakkam Road,primary,253.64,,no,9,12.991606,80.1986432,12.9935093,80.1998886
edge-838437811-1183401831-2116367809,838437811,node-1183401831,node-2116367809,Mount - Medavakkam Road,primary,300.1,,no,13,12.9830692,80.1964824,12.9855374,80.1972031
edge-838459228-7825217446-12129026665,838459228,node-7825217446,node-12129026665,Ennore High Road,secondary,539.34,,yes,12,13.1559764,80.2922516,13.1527501,80.2887533
edge-838496930-1355465117-978534807,838496930,node-1355465117,node-978534807,Inner Ring Road (Southern Sector),primary,1014.65,2,yes,10,12.9738297,80.2100738,12.9681431,80.2173673
edge-838496931-7825587412-1355465116,838496931,node-7825587412,node-1355465116,Inner Ring Road (Southern Sector),primary,44.81,,yes,4,12.973591,80.2099693,12.9738233,80.2096415
edge-838945956-277588270-7828959629,838945956,node-277588270,node-7828959629,Manali Road,secondary,10.33,,no,2,13.1252088,80.2733468,13.12525,80.2732613
edge-838945958-290017788-7828959629,838945958,node-290017788,node-7828959629,Manali Road,secondary,148.15,,no,3,13.1260708,80.2721842,13.12525,80.2732613
edge-838948472-7828998391-7828998390,838948472,node-7828998391,node-7828998390,Manali Road,secondary,17.44,,yes,2,13.1280814,80.2697279,13.1279868,80.2698563
edge-838948473-7828998390-7828998392,838948473,node-7828998390,node-7828998392,Manali Road,secondary,10.33,,yes,2,13.1279868,80.2698563,13.1279111,80.2699116
edge-838948474-7828998392-1391029515,838948474,node-7828998392,node-1391029515,Manali Road,secondary,11.03,,yes,2,13.1279111,80.2699116,13.127937,80.2698133
edge-838948475-7809774042-7828998391,838948475,node-7809774042,node-7828998391,Manali Road,secondary,81.97,,yes,4,13.1285209,80.2691257,13.1280814,80.2697279
edge-838948476-1391029518-7809774042,838948476,node-1391029518,node-7809774042,Manali Road,secondary,81.97,,yes,5,13.1280384,80.2696843,13.1285209,80.2691257
edge-838951520-277588253-7829020738,838951520,node-277588253,node-7829020738,Kathivakkam High Road,secondary,8.55,,no,2,13.1241111,80.277623,13.1240384,80.2775972
edge-838951521-7829020741-7829020738,838951521,node-7829020741,node-7829020738,Enmore High Road,secondary,531.63,,yes,8,13.1193873,80.2765201,13.1240384,80.2775972
edge-838956433-7829076666-247436742,838956433,node-7829076666,node-247436742,Vaidhyanathan Street,secondary,4.57,,no,2,13.1283773,80.2849905,13.1283864,80.2850317
edge-838956434-7829076678-7829076666,838956434,node-7829076678,node-7829076666,Vaidhyanathan Street,secondary,66.78,,yes,3,13.1284485,80.2843831,13.1283773,80.2849905
edge-838956435-7829076666-247436741,838956435,node-7829076666,node-247436741,Vaidhyanathan Street,secondary,67.61,,yes,3,13.1283773,80.2849905,13.128374,80.2843753
edge-838956436-7829076682-7829076678,838956436,node-7829076682,node-7829076678,Vaidhyanathan Bridge,secondary,320.38,,yes,9,13.1282555,80.2814853,13.1284485,80.2843831
edge-838956437-7829076683-7829076682,838956437,node-7829076683,node-7829076682,Vaidhyanathan Street,secondary,297.25,,yes,6,13.1286307,80.2787707,13.1282555,80.2814853
edge-838956537-7829076683-247436736,838956537,node-7829076683,node-247436736,Vaidhyanathan Street,secondary,6.79,,no,2,13.1286307,80.2787707,13.1286691,80.278722
edge-839213760-7831289792-254122205,839213760,node-7831289792,node-254122205,Suryanarayana Street,primary,924.88,,yes,18,13.1145473,80.2925606,13.10633,80.2912907
edge-839213761-7831280673-7831289792,839213761,node-7831280673,node-7831289792,Suryanarayana Street,primary,1081.6,,yes,24,13.1240773,80.2943894,13.1145473,80.2925606
edge-839924108-1183275947-276739207,839924108,node-1183275947,node-276739207,Chennai - Tiruttani - Renigunta Road,primary,34.76,2,no,2,13.1148692,80.1479815,13.1151666,80.1478826
edge-840519177-7843183644-7820024332,840519177,node-7843183644,node-7820024332,Unnamed Road,secondary,216.83,,yes,3,13.1089917,80.1738621,13.1109326,80.1740547
edge-840532260-2271543457-2271543502,840532260,node-2271543457,node-2271543502,RBI Subway,primary,233.33,,yes,5,13.0857644,80.2892588,13.0877738,80.2898747
edge-840532261-7843307252-2271543457,840532261,node-7843307252,node-2271543457,RBI Subway,primary,104.44,,yes,3,13.0848336,80.2891435,13.0857644,80.2892588
edge-840532262-7843307253-258987176,840532262,node-7843307253,node-258987176,RBI Subway,primary,229.04,,yes,6,13.0848378,80.2892223,13.0827928,80.2891572
edge-840532263-7843307254-7843307253,840532263,node-7843307254,node-7843307253,RBI Subway,primary,107.95,,yes,2,13.0858022,80.2893365,13.0848378,80.2892223
edge-840804006-6799837162-340047042,840804006,node-6799837162,node-340047042,Tiruneermalai Main Road,secondary,19.99,,yes,2,12.9611164,80.1460174,12.9612022,80.1458553
edge-840853673-402518211-276744459,840853673,node-402518211,node-276744459,Bazaar Street,secondary,283.51,,no,7,13.1178611,80.1532649,13.1155794,80.1544237
edge-843594855-276739500-402518214,843594855,node-276739500,node-402518214,Chennai - Tiruttani - Renigunta Road,primary,35.49,,yes,3,13.1198687,80.1498382,13.1195666,80.1499281
edge-843594856-12625490215-276739207,843594856,node-12625490215,node-276739207,Chennai - Tiruttani - Renigunta Road,primary,370.43,2,yes,15,13.1178648,80.1496119,13.1151666,80.1478826
edge-843594860-7818369162-7027600757,843594860,node-7818369162,node-7027600757,Chennai - Tiruttani - Renigunta Road,primary,328.92,2,yes,8,13.0998623,80.1702256,13.0989682,80.1731127
edge-843594861-9412787738-7818369168,843594861,node-9412787738,node-7818369168,2nd Main Road,secondary,550.77,1,yes,9,13.0994556,80.1702183,13.094518,80.1699159
edge-843594862-1952411368-276612093,843594862,node-1952411368,node-276612093,1st Avenue,secondary,315.29,2,yes,6,13.0854571,80.169893,13.0827407,80.1707278
edge-843594863-391813206-1184293409,843594863,node-391813206,node-1184293409,Thirumangalam – Mogappair Road,primary,1617.44,2,yes,19,13.088274,80.1771432,13.0875281,80.1920481
edge-843594868-6274949824-343158176,843594868,node-6274949824,node-343158176,Anna Arch Road,secondary,67.62,,yes,2,13.0755997,80.218053,13.0749932,80.2180072
edge-843860847-2800814617-2800814609,843860847,node-2800814617,node-2800814609,Sterling Road,secondary_link,30.58,,yes,5,13.0642704,80.2361772,13.064057,80.2363113
edge-843860848-5458112120-9819018841,843860848,node-5458112120,node-9819018841,Haddows Road,primary,22.27,,yes,4,13.0613798,80.2472007,13.0612456,80.2470513
edge-843860849-1311374351-11726891051,843860849,node-1311374351,node-11726891051,Uttamar Gandhi Salai,primary,322.59,,yes,14,13.0631833,80.2443437,13.0616132,80.2466397
edge-843860850-11740432677-13848420368,843860850,node-11740432677,node-13848420368,Uttamar Gandhi Salai,primary,115.57,,yes,5,13.0632441,80.2443751,13.0638173,80.2434969
edge-843860851-13848420373-13848420368,843860851,node-13848420373,node-13848420368,Valluvar Kottam High Road,primary,33.4,,yes,3,13.0635178,80.2434741,13.0638173,80.2434969
edge-843860852-321713462-298154859,843860852,node-321713462,node-298154859,Unnamed Road,primary_link,72.74,,yes,3,13.0523092,80.2413662,13.051942,80.2408139
edge-843860853-298154859-1702258370,843860853,node-298154859,node-1702258370,Thirumalai Road,secondary,369.18,,yes,8,13.051942,80.2408139,13.0486931,80.2401181
edge-843860854-1702258054-1702257690,843860854,node-1702258054,node-1702257690,Thirumalai Road,secondary,130.83,,yes,6,13.0463443,80.2395849,13.0453311,80.2401427
edge-843860855-1702258054-1702258067,843860855,node-1702258054,node-1702258067,Unnamed Road,secondary,19.99,,yes,4,13.0463443,80.2395849,13.0462809,80.2394311
edge-843860856-1702258067-7871838812,843860856,node-1702258067,node-7871838812,Unnamed Road,secondary,22.28,,yes,5,13.0462809,80.2394311,13.0461655,80.2395968
edge-843860857-245579177-12678213142,843860857,node-245579177,node-12678213142,North Usman Road,secondary,303.89,,yes,9,13.0474136,80.2330821,13.0447298,80.2325552
edge-843860858-9920647757-247074861,843860858,node-9920647757,node-247074861,South Usman Road,secondary,379.04,,yes,7,13.0341723,80.2304674,13.030776,80.2307615
edge-843860861-247675520-248700658,843860861,node-247675520,node-248700658,Burkit Road,secondary,260.39,,yes,3,13.0349762,80.2307357,13.0346618,80.2331176
edge-845019223-7820111212-276740897,845019223,node-7820111212,node-276740897,Kalli Kuppam Road (KKRoad),secondary,109.56,,no,5,13.1194714,80.1578395,13.1185829,80.1574137
edge-845727126-2197202984-1702257551,845727126,node-2197202984,node-1702257551,Doctor Nair Road,secondary,463.99,,no,10,13.0404293,80.2405137,13.0444751,80.2406434
edge-845727127-2197202984-13904341350,845727127,node-2197202984,node-13904341350,Sir Thyagaraya Road,secondary,362.61,3,yes,6,13.0404293,80.2405137,13.0400245,80.2438348
edge-845727128-2482301345-2197415829,845727128,node-2482301345,node-2197415829,Dr MGR Salai,primary,26.14,,yes,2,13.0525385,80.240999,13.0525449,80.2412402
edge-845727129-2197496759-1975496454,845727129,node-2197496759,node-1975496454,Valluvar Kottam High Road,secondary,493.66,,yes,19,13.05262,80.2416502,13.0568463,80.2426311
edge-845727130-2197415853-2197496762,845727130,node-2197415853,node-2197496762,Dr MGR Salai,primary,170.77,,yes,10,13.0528336,80.2433271,13.0526376,80.2417737
edge-845727131-2800814648-309322933,845727131,node-2800814648,node-309322933,McNichols Road,primary,222.29,,yes,10,13.0660008,80.243483,13.0678639,80.2427481
edge-845727132-248680316-245579202,845727132,node-248680316,node-245579202,Sterling Avenue,secondary,70.91,,yes,4,13.0629321,80.2361806,13.0623216,80.23631
edge-845727133-248680323-2800814599,845727133,node-248680323,node-2800814599,Nelson Manickam Road,secondary,101.41,3,yes,3,13.0628176,80.2358816,13.0635832,80.2353731
edge-845727134-6274949868-6274949872,845727134,node-6274949868,node-6274949872,Anna Arch Flyover,secondary,194.77,2,yes,11,13.0758599,80.2179621,13.0775983,80.2178838
edge-845727136-6274949857-6274949823,845727136,node-6274949857,node-6274949823,Anna Arch Flyover Ramp,secondary_link,104.14,2,yes,12,13.0752563,80.2169859,13.075548,80.2178488
edge-845727137-9419760490-7890350668,845727137,node-9419760490,node-7890350668,Unnamed Road,primary_link,55.57,1,yes,5,13.0751221,80.2170479,13.0753106,80.2175126
edge-845727138-6274949823-1183471380,845727138,node-6274949823,node-1183471380,Anna Arch Road,secondary,543.59,2,yes,23,13.075548,80.2178488,13.0804129,80.2177457
edge-845727139-5306843086-276607954,845727139,node-5306843086,node-276607954,Jawaharlal Nehru Road (100 Feet Road),primary,192.8,3,yes,4,13.0853737,80.198481,13.0871073,80.1984533
edge-845727140-391813202-5445207905,845727140,node-391813202,node-5445207905,Jawaharlal Nehru Road (100 Feet Road),primary,26.31,,yes,2,13.0872711,80.1984451,13.0875067,80.1984671
edge-845727141-6776946681-12741146616,845727141,node-6776946681,node-12741146616,Ambattur Estate Road,primary,882.34,2,yes,12,13.0887125,80.1695265,13.0891112,80.1613921
edge-845727142-6776946681-7819506949,845727142,node-6776946681,node-7819506949,1st Avenue,secondary,19.69,2,yes,3,13.0887125,80.1695265,13.0888788,80.1695745
edge-845727144-276608584-11226181245,845727144,node-276608584,node-11226181245,Chennai - Tiruttani - Renigunta Road,primary,859.2,,yes,24,13.0997695,80.170132,13.1013934,80.1624179
edge-845727146-1391029194-1391029243,845727146,node-1391029194,node-1391029243,Vanagaram - Ambathur - Puzhal Road,primary,138.23,,yes,5,13.1224264,80.1471997,13.122705,80.1484356
edge-845727147-1391029243-276739503,845727147,node-1391029243,node-276739503,Unnamed Road,primary,134.93,,yes,8,13.122705,80.1484356,13.1215972,80.1485956
edge-846872271-7902431810-2562531538,846872271,node-7902431810,node-2562531538,Manapakkam Main Road,secondary,11.98,,no,2,13.0130012,80.1688837,13.0130231,80.168992
edge-864059068-8049513010-1184293306,864059068,node-8049513010,node-1184293306,Pallavaram - Thoraipakkam Road,primary,328.51,2,yes,4,12.9507134,80.1770203,12.9499726,80.1799536
edge-864059069-8049513011-2086707967,864059069,node-8049513011,node-2086707967,Pallavaram - Thoraipakkam Road,primary,516.95,,yes,9,12.9498662,80.1805361,12.9491713,80.185249
edge-864059070-8049513012-1184293118,864059070,node-8049513012,node-1184293118,Pallavaram - Thoraipakkam Road,primary,44.32,,yes,2,12.9498088,80.1805309,12.9498828,80.180129
edge-864059071-8049513013-340043705,864059071,node-8049513013,node-340043705,Pallavaram - Thoraipakkam Road,primary,2009.09,2,yes,37,12.9506318,80.1770069,12.9544467,80.1588938
edge-875106649-14092035223-257439104,875106649,node-14092035223,node-257439104,Pallavaram - Thoraipakkam Road,primary,705.51,,yes,24,12.9484491,80.2096523,12.9486439,80.2031531
edge-875106651-12724918222-2012568917,875106651,node-12724918222,node-2012568917,Pallavaram - Thoraipakkam Road,primary,355.9,,yes,3,12.9486439,80.2030798,12.9485307,80.1997977
edge-875106652-2285527039-964603841,875106652,node-2285527039,node-964603841,Pallavaram - Thoraipakkam Road,primary,725.09,,yes,12,12.9487155,80.2031375,12.9485814,80.2098206
edge-875106653-6598046364-12724918221,875106653,node-6598046364,node-12724918221,Pallavaram - Thoraipakkam Road,primary,342.22,,yes,2,12.9486147,80.1999297,12.9487138,80.203086
edge-892143153-8292230989-247435504,892143153,node-8292230989,node-247435504,Royapuram Harbour Bridge,primary,432.38,,yes,4,13.1047202,80.295344,13.1009452,80.2943986
edge-892143169-289486522-8292228447,892143169,node-289486522,node-8292228447,Unnamed Road,secondary,6.78,,no,2,13.1431586,80.2997072,13.1431414,80.2997673
edge-907799580-2407526775-9580765100,907799580,node-2407526775,node-9580765100,Chennai - Ennore Road,primary,511.37,,no,16,13.1839411,80.3086297,13.1848011,80.312218
edge-907799581-373169796-3902213835,907799581,node-373169796,node-3902213835,Chennai - Ennore Road,primary,2348.35,,yes,47,13.1622266,80.3030498,13.1826942,80.3082334
edge-911233929-277500675-277500742,911233929,node-277500675,node-277500742,Kaikanakuppam VOC Street,secondary,216.04,,no,4,13.0389054,80.1840598,13.0390822,80.1860447
edge-911275606-9883140254-11521295236,911275606,node-9883140254,node-11521295236,Paper Mills Road,secondary,2083.51,2,no,68,13.130562,80.2131042,13.1463496,80.2041801
edge-911275607-11032126780-8461519772,911275607,node-11032126780,node-8461519772,Paper Mills Road,secondary,67.35,,yes,4,13.1473786,80.204215,13.1467805,80.2041175
edge-911275608-8461519772-7809509804,911275608,node-8461519772,node-7809509804,Paper Mills Road,secondary,25.64,,yes,2,13.1467805,80.2041175,13.1465499,80.2041199
edge-911281468-281997367-281998089,911281468,node-281997367,node-281998089,Ennore High Road,secondary,386.46,,no,13,13.1570951,80.3052843,13.1579902,80.3018397
edge-921251616-2168747176-277444414,921251616,node-2168747176,node-277444414,Manapakkam Main Road,secondary,72.17,,no,4,13.0171221,80.1776114,13.016518,80.1773783
edge-921637996-8556551383-8556551379,921637996,node-8556551383,node-8556551379,Keelkattalai Flyover,primary,689.33,3,yes,5,12.9497103,80.1818731,12.949033,80.1881918
edge-921637998-8556551380-8556551382,921637998,node-8556551380,node-8556551382,Keelkattalai Flyover,primary,680.22,3,yes,3,12.9487866,80.1881094,12.9494516,80.181874
edge-921637999-8556551388-8556551383,921637999,node-8556551388,node-8556551383,Keelkattalai Flyover,primary,62.22,3,yes,3,12.9497334,80.1812994,12.9497103,80.1818731
edge-921638000-8556551382-2013358844,921638000,node-8556551382,node-2013358844,Keelkattalai Flyover,primary,64.8,3,yes,3,12.9494516,80.181874,12.9496484,80.1813112
edge-921638001-9574787572-8556551380,921638001,node-9574787572,node-8556551380,Keelkattalai Flyover,primary,127.83,3,yes,6,12.9487693,80.1892881,12.9487866,80.1881094
edge-921638002-8556551379-9574787593,921638002,node-8556551379,node-9574787593,Keelkattalai Flyover,primary,132.08,3,yes,7,12.949033,80.1881918,12.9488447,80.1893904
edge-921655447-9806178194-8556710540,921655447,node-9806178194,node-8556710540,Major Mukund Varadharajan Salai,primary,35.97,3,yes,3,12.917799,80.1891269,12.9179674,80.1888439
edge-939228066-1355465117-7825578381,939228066,node-1355465117,node-7825578381,Inner Ring Road (Southern Sector),primary,10.05,,yes,2,12.9738297,80.2100738,12.9737394,80.2100692
edge-939228067-7825587412-7825587411,939228067,node-7825587412,node-7825587411,Inner Ring Road (Southern Sector),primary,1026.95,2,yes,18,12.973591,80.2099693,12.9675515,80.2171253
edge-1013684443-832908378-735219559,1013684443,node-832908378,node-735219559,Unnamed Road,primary_link,57.99,,no,8,13.0758868,80.1976067,13.0756982,80.1980285
edge-1015883650-9370418225-338406760,1015883650,node-9370418225,node-338406760,Unnamed Road,primary_link,33.26,,yes,3,12.9913927,80.2194492,12.9916914,80.2194481
edge-1015894846-338406860-243326004,1015894846,node-338406860,node-243326004,Velachery Main Road,secondary,12.9,,no,2,12.9759943,80.2214036,12.9760873,80.2213325
edge-1015894847-243326004-4226490890,1015894847,node-243326004,node-4226490890,Taramani Link Road,primary,94.76,2,yes,4,12.9760873,80.2213325,12.9765503,80.2220667
edge-1015894848-1183430825-359084663,1015894848,node-1183430825,node-359084663,Taramani Link Road,primary,37.94,,yes,2,12.980078,80.2522717,12.9799864,80.252609
edge-1015894849-359084663-1183430748,1015894849,node-359084663,node-1183430748,Rajiv Gandhi IT Expressway,primary,53.96,3,yes,2,12.9799864,80.252609,12.9804711,80.2526333
edge-1015894850-11770425256-338406779,1015894850,node-11770425256,node-338406779,Velachery Main Road,secondary,708.96,2,yes,9,12.9971743,80.2165526,12.9916507,80.2195487
edge-1015894851-1864044174-247714535,1015894851,node-1864044174,node-247714535,Anna Salai (Mount Road),primary,61.25,,yes,2,13.0106908,80.2168423,13.0104614,80.2163283
edge-1015894852-2241060226-365988846,1015894852,node-2241060226,node-365988846,Sardar Patel Road,primary,298.81,3,yes,8,13.0103276,80.2258148,13.0113903,80.2232821
edge-1015894853-30037863-5528559497,1015894853,node-30037863,node-5528559497,U turn in Guindy,primary,19.11,,yes,2,13.012363,80.2210838,13.012364,80.2212602
edge-1019183970-964671676-10285915473,1019183970,node-964671676,node-10285915473,Major Mukund Varadharajan Road Flyover,primary,35.46,3,yes,2,12.9508252,80.2108557,12.9511254,80.2109662
edge-1019183971-1317353299-12157056340,1019183971,node-1317353299,node-12157056340,Major Mukund Varadharajan Salai,primary,52.09,,yes,3,12.9642301,80.2161609,12.964664,80.2163422
edge-1019183974-10687532231-340096072,1019183974,node-10687532231,node-340096072,Grand Southern Trunk Road,trunk,466.92,2,yes,6,12.9294443,80.1207205,12.9264487,80.1177014
edge-1019183975-9400398388-362195271,1019183975,node-9400398388,node-362195271,Grand Southern Trunk Road,trunk,273.35,2,yes,5,12.9276798,80.1187584,12.9294578,80.1204999
edge-1019356624-10285915474-964671672,1019356624,node-10285915474,node-964671672,Major Mukund Varadharajan Road Flyover,primary,35.15,3,yes,2,12.9510791,80.2110789,12.950782,80.2109681
edge-1019356625-964671689-1896024211,1019356625,node-964671689,node-1896024211,Major Mukund Varadharajan Road Flyover,primary,18.34,3,yes,2,12.9459296,80.2090401,12.9457651,80.2090282
edge-1019386442-11925287669-2168356844,1019386442,node-11925287669,node-2168356844,Five Furlong Road,secondary,11.9,2,yes,2,13.003711,80.2120362,13.0036069,80.2120106
edge-1020558876-2237592502-2237592518,1020558876,node-2237592502,node-2237592518,South Usman Road,secondary,380.3,,yes,4,13.0307619,80.230653,13.0341715,80.2303821
edge-1020558877-247074863-269768005,1020558877,node-247074863,node-269768005,Anna Salai (Mount Road),primary,191.13,,yes,12,13.0260918,80.2313679,13.0266853,80.2330185
edge-1020558879-6305115904-6807185975,1020558879,node-6305115904,node-6807185975,Major Mukund Varadharajan Salai,primary,1076.93,2,yes,35,12.9206844,80.1851496,12.917292,80.1940029
edge-1020558880-10567785200-251297461,1020558880,node-10567785200,node-251297461,Mount - Medavakkam Road,primary,63.57,,yes,4,12.9664808,80.1888427,12.9659534,80.1886178
edge-1020558882-249112790-7817675817,1020558882,node-249112790,node-7817675817,Major Mukund Varadharajan Salai,primary,16.88,,yes,3,12.963531,80.2158831,12.9636715,80.215942
edge-1020558883-7818369161-9412787738,1020558883,node-7818369161,node-9412787738,2nd Main Road,secondary,33.36,1,yes,2,13.0997556,80.170224,13.0994556,80.1702183
edge-1020569416-12156990400-4226485581,1020569416,node-12156990400,node-4226485581,Taramani Link Road,primary,399.74,2,yes,5,12.9784681,80.225212,12.9803508,80.2283547
edge-1020569417-243326004-325210402,1020569417,node-243326004,node-325210402,Velachery Main Road,secondary,160.88,2,no,8,12.9760873,80.2213325,12.9775013,80.221206
edge-1021004360-9416855188-674685437,1021004360,node-9416855188,node-674685437,Morasali Maran Flyover Ramp,primary_link,155.3,,yes,11,13.106833,80.243214,13.1069994,80.2418739
edge-1021004361-2272421629-9416855164,1021004361,node-2272421629,node-9416855164,Morasali Maran Flyover,primary_link,56.89,,yes,8,13.1071576,80.2429503,13.1067915,80.243291
edge-1021024228-7817675815-9572383287,1021024228,node-7817675815,node-9572383287,Major Mukund Varadharajan Salai,primary,16.64,,yes,3,12.963621,80.2160884,12.9634844,80.2160258
edge-1021024229-2146414137-1457503511,1021024229,node-2146414137,node-1457503511,Taramani Link Road,primary,380.99,2,yes,6,12.9801764,80.2282523,12.9783717,80.2252635
edge-1021024230-247074857-2237592529,1021024230,node-247074857,node-2237592529,South Usman Road,secondary,86.31,,yes,3,13.0350262,80.2304109,13.0342627,80.2304553
edge-1021079965-1183401831-2407561505,1021079965,node-1183401831,node-2407561505,Inner Ring Road (Southern Sector),primary,366.97,,yes,7,12.9830692,80.1964824,12.9806949,80.1988083
edge-1021079966-6510959128-13961499059,1021079966,node-6510959128,node-13961499059,Inner Ring Road (Southern Sector),primary,245.87,,yes,8,12.9805239,80.198769,12.9819906,80.1970859
edge-1021079967-1355465116-6245941237,1021079967,node-1355465116,node-6245941237,Inner Ring Road (Southern Sector),primary,417.19,,yes,4,12.9738233,80.2096415,12.9761665,80.2066346
edge-1021334769-996585803-996578151,1021334769,node-996585803,node-996578151,Turnbulls Road,secondary,156.11,2,yes,13,13.0275372,80.2451032,13.0267554,80.2440367
edge-1021334770-378011600-996578958,1021334770,node-378011600,node-996578958,Turnbulls Road,secondary,163.73,2,yes,13,13.0267829,80.2439536,13.0275807,80.2450844
edge-1021774109-10281683488-1454648370,1021774109,node-10281683488,node-1454648370,Old Mahapalipuram Road,primary,581.77,3,yes,15,12.9850757,80.2521534,12.9799018,80.2527419
edge-1028425023-300134382-2116367796,1028425023,node-300134382,node-2116367796,Mount - Medavakkam Road,primary,357.22,,yes,7,12.988501,80.197819,12.991606,80.1986432
edge-1028425026-978534779-978534695,1028425026,node-978534779,node-978534695,Inner Ring Road (Southern Sector),primary,293.23,,yes,6,12.9866238,80.1957262,12.9892144,80.1954013
edge-1029970431-264480734-13848420373,1029970431,node-264480734,node-13848420373,Valluvar Kottam High Road,secondary,100.41,,yes,3,13.0626243,80.2433398,13.0635178,80.2434741
edge-1030667026-30051695-249797441,1030667026,node-30051695,node-249797441,CP Ramaswamy Road,secondary,173.17,,yes,5,13.034865,80.2570577,13.0333235,80.256884
edge-1030689327-338406792-338406760,1030689327,node-338406792,node-338406760,Velachery Main Road,secondary,11.25,2,yes,2,12.9916066,80.2195047,12.9916914,80.2194481
edge-1030689328-9370418225-7111954110,1030689328,node-9370418225,node-7111954110,Velachery Bypass Road,primary,20.15,2,yes,2,12.9913927,80.2194492,12.9915416,80.2195552
edge-1030689330-333719198-246866326,1030689330,node-333719198,node-246866326,Thiruvalluvar Road,primary,23.77,,yes,2,12.9872327,80.2596265,12.9873013,80.2594187
edge-1030689331-310535910-310535825,1030689331,node-310535910,node-310535825,Thiruvalluvar Road,primary,34.62,,yes,3,12.9873557,80.2596279,12.9871225,80.259824
edge-1030689332-1949533880-11794897338,1030689332,node-1949533880,node-11794897338,Mount - Medavakkam Road,primary,11.33,2,yes,2,12.9512426,80.185915,12.9513399,80.1859461
edge-1030689333-246866326-4006923375,1030689333,node-246866326,node-4006923375,Thiruvalluvar Road,primary,95.87,,yes,4,12.9873013,80.2594187,12.9873661,80.2585364
edge-1030689334-277912681-303450960,1030689334,node-277912681,node-303450960,Mount - Medavakkam Road,primary,497.01,2,yes,12,12.9555926,80.1869359,12.9512158,80.1860439
edge-1030689336-1183401926-1676204892,1030689336,node-1183401926,node-1676204892,West Avenue Road,primary,18.12,,yes,2,12.987871,80.2518527,12.9878387,80.2516888
edge-1031060367-9503893542-30237407,1031060367,node-9503893542,node-30237407,Unnamed Road,primary,338.23,,yes,8,13.0258793,80.275088,13.0286414,80.2763859
edge-1031060368-30237407-30237410,1031060368,node-30237407,node-30237410,Santhome High Road,primary,336.76,,yes,11,13.0286414,80.2763859,13.0258557,80.2752027
edge-1031127127-243066466-2216438096,1031127127,node-243066466,node-2216438096,Royapettah High Road,secondary,190.5,1,yes,8,13.0522924,80.2637854,13.0539228,80.2641252
edge-1031127128-30051246-30051287,1031127128,node-30051246,node-30051287,Mowbrays Road,secondary,102.46,,yes,3,13.0380739,80.2566429,13.0388392,80.2571665
edge-1031127130-6774041896-30268467,1031127130,node-6774041896,node-30268467,Rajiv Gandhi IT Expressway,primary,131.45,3,yes,2,12.9866501,80.2516402,12.9877944,80.2513358
edge-1031127132-268789818-671200714,1031127132,node-268789818,node-671200714,Sardar Patel Road,primary,80.82,2,yes,3,13.006599,80.2413518,13.0067165,80.2406158
edge-1031552402-259662291-243066459,1031552402,node-259662291,node-243066459,Avvai Shanmugam Salai,secondary,479.69,,no,14,13.0496414,80.2574478,13.0482192,80.2616175
edge-1031552403-2216437835-2216437809,1031552403,node-2216437835,node-2216437809,Thiru Vi Ka Flyover,secondary,155.99,1,no,7,13.0462999,80.2664442,13.0449334,80.2667487
edge-1031552404-247688118-247688117,1031552404,node-247688118,node-247688117,Mowbrays Road,secondary,64.04,,yes,2,13.0386236,80.2572037,13.038166,80.2568447
edge-1031552406-247688168-247688167,1031552406,node-247688168,node-247688167,Unnamed Road,secondary,6.57,,yes,2,13.0390046,80.2574747,13.0389562,80.2574399
edge-1031552407-1685049658-247688961,1031552407,node-1685049658,node-247688961,Alwarpet Flyover,secondary,11.67,,yes,2,13.0407049,80.2583616,13.0406141,80.2583076
edge-1031552408-247687711-30051695,1031552408,node-247687711,node-30051695,Unnamed Road,secondary,60.03,,yes,2,13.035403,80.2570117,13.034865,80.2570577
edge-1031557332-5468773055-247974356,1031557332,node-5468773055,node-247974356,TTK Road,secondary,48.77,,yes,3,13.0289857,80.2498838,13.0293291,80.2501638
edge-1031561519-6776289985-257936979,1031561519,node-6776289985,node-257936979,New Avadi Road,secondary,6.98,,yes,2,13.1035786,80.2033777,13.1035221,80.2033496
edge-1031561520-9888848062-257936959,1031561520,node-9888848062,node-257936959,Konnur High Road,secondary,764.5,2,no,19,13.1008348,80.2141661,13.1032282,80.2075541
edge-1031561521-9507057523-9507057522,1031561521,node-9507057523,node-9507057522,Otteri Bridge,primary,30.64,,yes,2,13.0981957,80.2511613,13.0980062,80.2513667
edge-1031947975-247677098-9510051590,1031947975,node-247677098,node-9510051590,Govindaswamy Karuppiah Moopanar Flyover,secondary,14.43,,yes,2,13.0317509,80.245856,13.0316216,80.245845
edge-1032432142-2049314094-9526179480,1032432142,node-2049314094,node-9526179480,Major Mukund Varadharajan Salai,primary,195.16,2,yes,2,12.9200046,80.1822475,12.9204157,80.1839981
edge-1032490132-315264825-735219572,1032490132,node-315264825,node-735219572,Jawaharlal Nehru Road (100 Feet Road),primary,87.84,2,yes,3,13.0772731,80.1990868,13.0764857,80.1991517
edge-1032490133-832908454-832908057,1032490133,node-832908454,node-832908057,EVR Periyar Salai Flyover,primary,159.26,2,yes,4,13.0760228,80.1984436,13.0763761,80.1998685
edge-1032490136-6497877504-30268341,1032490136,node-6497877504,node-30268341,Jawaharlal Nehru Road (100 Feet Road),primary,48.96,,yes,3,13.0719181,80.2023768,13.0722066,80.2020355
edge-1032617412-11190420699-9514202794,1032617412,node-11190420699,node-9514202794,Water Works Road,secondary,176.83,,yes,4,13.0132413,80.2058074,13.0129996,80.2074151
edge-1032617413-9514202794-9514202793,1032617413,node-9514202794,node-9514202793,SIDCO Industrial Estate South Phase Road,secondary,11.16,,yes,2,13.0129996,80.2074151,13.0129873,80.2075173
edge-1033115593-1702257693-30051247,1033115593,node-1702257693,node-30051247,Anna Salai (Mount Road),primary,673.2,3,yes,25,13.0454066,80.2482664,13.0394741,80.2470503
edge-1033769801-259773475-259431466,1033769801,node-259773475,node-259431466,Dr Radhakrishnan Salai,primary,156.55,,yes,2,13.0446545,80.266911,13.0446314,80.268356
edge-1033769803-310729973-310729976,1033769803,node-310729973,node-310729976,Dr Radhakrishnan Salai,primary,18.88,,yes,2,13.0445615,80.2669594,13.0445644,80.2667851
edge-1033769806-310729976-310729979,1033769806,node-310729976,node-310729979,Dr Radhakrishnan Salai,primary,218.08,,yes,3,13.0445644,80.2667851,13.0445713,80.2647719
edge-1033769807-249798532-259773475,1033769807,node-249798532,node-259773475,Dr Radhakrishnan Salai,primary,18.86,,yes,2,13.0446531,80.2667369,13.0446545,80.266911
edge-1034057827-9526179478-9400398351,1034057827,node-9526179478,node-9400398351,Unnamed Road,primary_link,59.14,,yes,5,12.9205992,80.1839381,12.9204908,80.184453
edge-1034418849-2216437902-2216437885,1034418849,node-2216437902,node-2216437885,Unnamed Road,secondary,156.17,1,no,8,13.0489866,80.2649266,13.0480932,80.2660071
edge-1034740375-310729957-310729973,1034740375,node-310729957,node-310729973,Dr Radhakrishnan Salai,primary,151.44,,yes,2,13.0445095,80.2683564,13.0445615,80.2669594
edge-1035888752-277434352-7027588121,1035888752,node-277434352,node-7027588121,2nd Avenue,secondary,8.55,,yes,2,13.0437362,80.2174054,13.0437768,80.2173384
edge-1035888753-7027588133-7027588134,1035888753,node-7027588133,node-7027588134,Dr Ambedkar Road,secondary,15.59,,yes,2,13.0374574,80.2122978,13.0374591,80.2124417
edge-1035904164-2188511237-2188511233,1035904164,node-2188511237,node-2188511233,Karpagambal Nagar Road,secondary_link,21.64,,yes,4,13.041604,80.2648372,13.0415277,80.2646986
edge-1035904165-2188511233-2188511249,1035904165,node-2188511233,node-2188511249,Sivaswamy Salai,secondary,19.86,,yes,4,13.0415277,80.2646986,13.0416723,80.2647314
edge-1035919359-10901563805-10901563813,1035919359,node-10901563805,node-10901563813,E Seeyalam Street Flyover,secondary,492.48,2,no,11,13.1113999,80.2133487,13.1082847,80.2145673
edge-1036282731-30051677-30051247,1036282731,node-30051677,node-30051247,Eldams Road,secondary,475.0,,yes,12,13.0387852,80.2513739,13.0394741,80.2470503
edge-1036282733-30051303-30051677,1036282733,node-30051303,node-30051677,Eldams Road,secondary,21.39,,no,2,13.0387699,80.2515707,13.0387852,80.2513739
edge-1037943291-1177973899-303008048,1037943291,node-1177973899,node-303008048,Anna Salai (Mount Road),primary,51.26,,yes,3,13.0350717,80.2460083,13.0347483,80.2456729
edge-1037943292-12443777717-247685583,1037943292,node-12443777717,node-247685583,Anna Salai (Mount Road),primary,465.71,3,yes,13,13.0456638,80.2481321,13.0494117,80.2497085
edge-1039224803-303284217-7412932325,1039224803,node-303284217,node-7412932325,Netaji Subhash Chandra Bose Road,secondary,147.84,,yes,4,13.0883818,80.2852273,13.0883365,80.2838631
edge-1039224804-303284217-247438428,1039224804,node-303284217,node-247438428,Esplanade,secondary,12.63,,yes,2,13.0883818,80.2852273,13.0884768,80.2852912
edge-1039224805-30037398-303284180,1039224805,node-30037398,node-303284180,Muthuswamy Road,primary,14.51,,yes,2,13.0822677,80.2816254,13.082379,80.2816954
edge-1039224806-303283554-9572798769,1039224806,node-303283554,node-9572798769,General Hospital Road,primary,12.54,,yes,2,13.0817259,80.2751616,13.081732,80.2752772
edge-1039232677-366083006-30037862,1039232677,node-366083006,node-30037862,Anna Salai (Mount Road),primary,137.88,,yes,2,13.0103818,80.2159111,13.0109201,80.2170576
edge-1039237492-264040510-264040504,1039237492,node-264040510,node-264040504,RK Mutt Road,secondary,236.16,,yes,8,13.0224554,80.2635126,13.0243186,80.2645535
edge-1039237493-12213924370-246825948,1039237493,node-12213924370,node-246825948,Broadies Castle Road,secondary,132.6,,yes,4,13.0214318,80.2631271,13.0202472,80.2630135
edge-1039240343-12125873714-247714665,1039240343,node-12125873714,node-247714665,Race Course Road,secondary,79.19,2,yes,5,13.0044672,80.2122514,13.0037866,80.2120421
edge-1039273588-9402032622-9526179485,1039273588,node-9402032622,node-9526179485,Major Mukund Varadharajan Salai,primary,20.82,3,yes,2,12.9198297,80.1825592,12.9197905,80.1823714
edge-1039273589-277912665-9402032622,1039273589,node-277912665,node-9402032622,Major Mukund Varadharajan Salai,primary,168.25,3,yes,3,12.9202232,80.1840582,12.9198297,80.1825592
edge-1039273590-8556710540-6305099174,1039273590,node-8556710540,node-6305099174,Major Mukund Varadharajan Salai,primary,557.25,3,yes,19,12.9179674,80.1888439,12.920361,80.184637
edge-1039273591-2028632231-2028632228,1039273591,node-2028632231,node-2028632228,Inner Ring Road (Southern Sector),primary,16.11,,yes,3,12.9967364,80.1934097,12.9967029,80.1932689
edge-1039273592-978534732-978534789,1039273592,node-978534732,node-978534789,Inner Ring Road (Southern Sector),primary,35.54,,yes,6,12.9968177,80.1931438,12.9970212,80.1933281
edge-1039273593-309416634-978534832,1039273593,node-309416634,node-978534832,Grand Southern Trunk Road,trunk,20.37,,yes,2,12.9983834,80.192244,12.9982712,80.1920954
edge-1039273594-2028632228-978534732,1039273594,node-2028632228,node-978534732,Inner Ring Road (Southern Sector),primary,19.45,,yes,4,12.9967029,80.1932689,12.9968177,80.1931438
edge-1039298140-307072065-11052045696,1039298140,node-307072065,node-11052045696,Adyar Flyover,secondary,86.38,,yes,3,13.0052844,80.2572671,13.0045246,80.257101
edge-1039298141-249497694-249497698,1039298141,node-249497694,node-249497698,Sardar Patel Road,primary,163.6,,yes,7,13.0073191,80.2591237,13.0066539,80.2577917
edge-1039298142-249497703-243051711,1039298142,node-249497703,node-243051711,Durgabai Deshmukh Road,primary,89.57,,yes,4,13.0075262,80.258616,13.0082519,80.2589687
edge-1039298143-12157136683-268790436,1039298143,node-12157136683,node-268790436,Gandhi Mandapam Flyover,primary,127.04,2,no,2,13.0072477,80.2381881,13.0070287,80.2393389
edge-1039298144-309061989-309178256,1039298144,node-309061989,node-309178256,Anna Salai (Mount Road),primary,342.64,,yes,26,13.067803,80.2710191,13.0662769,80.268431
edge-1039298145-12272904106-30037899,1039298145,node-12272904106,node-30037899,Blackers Road,secondary,41.86,,yes,3,13.0681523,80.270889,13.0681313,80.2712749
edge-1039298146-2197639788-248467520,1039298146,node-2197639788,node-248467520,Adithanar Road,secondary,150.13,,yes,8,13.0732338,80.2613167,13.0727188,80.2625902
edge-1039298150-30037241-2213431517,1039298150,node-30037241,node-2213431517,EVR Periyar Salai,primary,110.3,,yes,3,13.0789975,80.2546809,13.0791025,80.2556935
edge-1039298151-304918729-30037241,1039298151,node-304918729,node-30037241,Raja Annamalai Road,primary,13.42,,no,2,13.0788783,80.2547003,13.0789975,80.2546809
edge-1039298154-254491074-254491104,1039298154,node-254491074,node-254491104,Barnaby Road,primary,33.69,,yes,2,13.0813548,80.2495103,13.0816366,80.2496246
edge-1039298155-384508838-384508842,1039298155,node-384508838,node-384508842,Balfour Road,secondary,58.2,,yes,5,13.082465,80.243752,13.0822956,80.2432989
edge-1039298156-611549961-4001265760,1039298156,node-611549961,node-4001265760,Balfour Road,secondary,20.05,,yes,2,13.0856138,80.2454622,13.0855829,80.2452798
edge-1039584200-6274949824-6274949850,1039584200,node-6274949824,node-6274949850,Anna Arch Road,secondary,89.82,2,yes,5,13.0755997,80.218053,13.0750052,80.2185537
edge-1039584201-9572798794-9572798799,1039584201,node-9572798794,node-9572798799,Anna Arch Road,secondary_link,50.42,,yes,2,13.0746183,80.2209815,13.0744383,80.2214088
edge-1039584202-12159690681-331960371,1039584202,node-12159690681,node-331960371,Nelson Manickam Road,secondary_link,271.79,1,yes,9,13.0742637,80.2207605,13.0748287,80.2183293
edge-1039584203-735219201-735219363,1039584203,node-735219201,node-735219363,Chennai Bangalore Highway,trunk,133.84,3,yes,2,13.0612711,80.1617392,13.0613034,80.160504
edge-1039584204-9572798796-9572798797,1039584204,node-9572798796,node-9572798797,Unnamed Road,primary_link,89.8,,yes,2,13.0744038,80.22241,13.0741939,80.2232106
edge-1039584205-9572798795-9572798796,1039584205,node-9572798795,node-9572798796,Unnamed Road,primary_link,57.18,,yes,2,13.0744682,80.2218862,13.0744038,80.22241
edge-1039618820-7819314199-12157440083,1039618820,node-7819314199,node-12157440083,Grand Northern Trunk Road,trunk,330.3,,yes,11,13.1252722,80.2463609,13.1271428,80.2439942
edge-1039618821-9573106988-9573106987,1039618821,node-9573106988,node-9573106987,Grand Northern Trunk Road,trunk,46.92,,yes,2,13.1229493,80.2489766,13.1232258,80.2486493
edge-1039834696-11733946859-280087144,1039834696,node-11733946859,node-280087144,St Thomas Mount Subway,primary,64.36,,no,2,12.9949535,80.2012149,12.9943748,80.2012238
edge-1040004962-308198145-269767231,1040004962,node-308198145,node-269767231,Taluk Office Road,primary,87.5,,yes,2,13.0167831,80.2253559,13.0160587,80.2256714
edge-1040004963-256035584-256039826,1040004963,node-256035584,node-256039826,Anna Salai (Mount Road),primary,57.48,,yes,4,13.0120189,80.2215754,13.0121486,80.2210646
edge-1040004964-9576074650-304921577,1040004964,node-9576074650,node-304921577,Grand Southern Trunk Road,trunk,416.27,2,yes,6,12.9748326,80.1552438,12.9769514,80.158408
edge-1040004966-9576074651-9576074621,1040004966,node-9576074651,node-9576074621,Pallavaram Flyover,trunk,1346.27,2,yes,22,12.9653,80.1480468,12.974771,80.1551664
edge-1040143394-315263352-11896725848,1040143394,node-315263352,node-11896725848,Jawaharlal Nehru Road (100 Feet Road),primary,246.7,,yes,5,13.0567417,80.2116008,13.0545241,80.2115786
edge-1040423450-9579724141-9579724142,1040423450,node-9579724141,node-9579724142,Unnamed Road,primary_link,25.09,,no,2,13.0708043,80.203593,13.0709626,80.2037581
edge-1040454950-300216379-247681994,1040454950,node-300216379,node-247681994,Nagerkoyil Sudalaimuthu Krishnan (NSK) Salai,primary,346.45,,yes,10,13.0505084,80.214642,13.0515001,80.2176682
edge-1040539880-289486522-10736873867,1040539880,node-289486522,node-10736873867,Suryanarayana Chetty Street,primary,1536.03,,yes,25,13.1431586,80.2997072,13.1298535,80.295938
edge-1040539881-11292911242-10736873861,1040539881,node-11292911242,node-10736873861,Suryanarayana Chetty Street,primary,300.15,,yes,8,13.1271922,80.2951367,13.1297986,80.2958567
edge-1040545310-9580765111-276519905,1040545310,node-9580765111,node-276519905,Unnamed Road,primary,66.23,,yes,4,13.1852826,80.302771,13.1857674,80.3031251
edge-1040545311-9580765115-9580806418,1040545311,node-9580765115,node-9580806418,Unnamed Road,primary_link,14.68,,yes,2,13.1858028,80.3031627,13.1857118,80.303261
edge-1040545313-9580806424-9580806431,1040545313,node-9580806424,node-9580806431,Unnamed Road,primary_link,9.85,,yes,2,13.185611,80.3032826,13.1856733,80.3032179
edge-1040559026-9580877951-1123352233,1040559026,node-9580877951,node-1123352233,Unnamed Road,primary,94.24,2,yes,6,13.158354,80.2029368,13.1585245,80.2037747
edge-1040559027-9580877951-1871134562,1040559027,node-9580877951,node-1871134562,Unnamed Road,primary_link,88.63,,yes,7,13.158354,80.2029368,13.1588165,80.20353
edge-1040559028-9580877958-9580877957,1040559028,node-9580877958,node-9580877957,Unnamed Road,primary,89.86,2,yes,5,13.158456,80.2038049,13.1581945,80.2030263
edge-1040720212-13748226577-8429442671,1040720212,node-13748226577,node-8429442671,Thiruvottriyur High Road,secondary,1450.28,,yes,28,13.1277269,80.2902789,13.1399276,80.2949891
edge-1040730356-342732354-342732384,1040730356,node-342732354,node-342732384,Arcot Road,primary,649.98,,yes,20,13.0474118,80.2018729,13.0474084,80.1958766
edge-1040730357-277499974-247684078,1040730357,node-277499974,node-247684078,Arcot Road,primary,746.3,1,yes,40,13.0417457,80.1757158,13.0431913,80.1822437
edge-1040731442-276608307-6776946681,1040731442,node-276608307,node-6776946681,Ambattur Estate Road,primary,841.29,2,yes,15,13.0881446,80.177271,13.0887125,80.1695265
edge-1040731443-276608308-391813206,1040731443,node-276608308,node-391813206,Ambattur Estate Road,primary,818.24,2,yes,17,13.0887777,80.1696061,13.088274,80.1771432
edge-1040797597-257937604-13737084636,1040797597,node-257937604,node-13737084636,New Avadi Road,secondary,94.66,,yes,4,13.0849008,80.2341837,13.0857175,80.2343577
edge-1040797598-9582813962-11033173757,1040797598,node-9582813962,node-11033173757,New Avadi Road,secondary,15.51,,no,2,13.0863978,80.2345266,13.0865355,80.2345497
edge-1042122765-9593473427-9593473428,1042122765,node-9593473427,node-9593473428,Unnamed Road,primary_link,28.2,,yes,5,13.0769731,80.2405962,13.0771334,80.2404055
edge-1042560212-9596798953-9596798962,1042560212,node-9596798953,node-9596798962,Medavakkam Tank Road,secondary,609.48,,yes,12,13.0921539,80.2409726,13.0878644,80.2433052
edge-1042560213-9596798968-4001265760,1042560213,node-9596798968,node-4001265760,Balfour Road,secondary,9.71,,yes,2,13.0856695,80.245268,13.0855829,80.2452798
edge-1042560214-6784441686-257924706,1042560214,node-6784441686,node-257924706,Medavakkam Tank Road,secondary,193.96,,yes,7,13.0865388,80.2444652,13.0878017,80.2432849
edge-1042560216-9596798962-11026353630,1042560216,node-9596798962,node-11026353630,Medavakkam Tank Road,secondary,193.81,,yes,7,13.0878644,80.2433052,13.086642,80.2445334
edge-1042560218-9596798947-9596798948,1042560218,node-9596798947,node-9596798948,Medavakkam Tank Road,secondary,87.43,,yes,2,13.0967096,80.2419697,13.0959589,80.2417297
edge-1042560220-9596798952-9596798953,1042560220,node-9596798952,node-9596798953,Medavakkam Tank Road,secondary,133.76,,yes,4,13.093349,80.2410799,13.0921539,80.2409726
edge-1042560221-9596798950-9596798952,1042560221,node-9596798950,node-9596798952,Medavakkam Tank Road,secondary,152.64,,yes,7,13.0947005,80.2413259,13.093349,80.2410799
edge-1042560222-9596798949-9596798950,1042560222,node-9596798949,node-9596798950,Medavakkam Tank Road,secondary,58.58,,yes,4,13.0952163,80.2414361,13.0947005,80.2413259
edge-1042560223-9596798948-9596798949,1042560223,node-9596798948,node-9596798949,Medavakkam Tank Road,secondary,88.51,,yes,3,13.0959589,80.2417297,13.0952163,80.2414361
edge-1042560224-9596798946-9596798947,1042560224,node-9596798946,node-9596798947,Medavakkam Tank Road,secondary,80.8,,yes,2,13.0974066,80.2421807,13.0967096,80.2419697
edge-1043332245-343158176-1165550867,1043332245,node-343158176,node-1165550867,EVR Periyar Salai,primary,414.48,2,yes,6,13.0749932,80.2180072,13.0743795,80.2217804
edge-1043382196-12841554507-9416863235,1043382196,node-12841554507,node-9416863235,Unnamed Road,primary_link,19.02,,yes,4,13.1071835,80.2433668,13.107014,80.2433631
edge-1046128072-310729982-302897393,1046128072,node-310729982,node-302897393,Dr Radhakrishnan Salai,primary,130.0,,yes,4,13.0445737,80.2635573,13.0448596,80.262394
edge-1046128073-259773878-14069787256,1046128073,node-259773878,node-14069787256,Dr Radhakrishnan Salai,primary,173.13,,yes,3,13.0446483,80.2650105,13.0446545,80.266608
edge-1046385642-384508847-5455846923,1046385642,node-384508847,node-5455846923,Kilpauk Garden Road,secondary,40.91,,yes,2,13.0827274,80.2417482,13.0828339,80.2413867
edge-1046385643-384508847-6304866805,1046385643,node-384508847,node-6304866805,Kilpauk Garden Road,secondary,31.73,,yes,4,13.0827274,80.2417482,13.0829957,80.2417628
edge-1048280714-618620146-11548884490,1048280714,node-618620146,node-11548884490,Konnur High Road,primary,392.51,2,yes,14,13.0979011,80.2380162,13.0985402,80.2344546
edge-1048280716-9637496686-10281951540,1048280716,node-9637496686,node-10281951540,Konnur High Road,primary,571.61,,yes,15,13.0975061,80.2421025,13.0971436,80.2472791
edge-1048280717-2174513849-9637496674,1048280717,node-2174513849,node-9637496674,Konnur High Road,primary,34.26,,yes,3,13.0986878,80.2333865,13.0986671,80.233702
edge-1048280719-9637496674-9637496706,1048280719,node-9637496674,node-9637496706,Konnur High Road,primary,476.35,,yes,15,13.0986671,80.233702,13.09798,80.2380391
edge-1048280723-257924699-618620146,1048280723,node-257924699,node-618620146,Konnur High Road,primary,444.56,2,yes,12,13.097426,80.2420828,13.0979011,80.2380162
edge-1049511450-315262038-8528955103,1049511450,node-315262038,node-8528955103,NSK Salai,primary,135.78,,yes,3,13.0499866,80.2121907,13.0501817,80.2134278
edge-1049522243-277434351-13991726715,1049522243,node-277434351,node-13991726715,Brindavan Street Ext,secondary,61.99,,no,3,13.0433032,80.2181081,13.0436174,80.2176383
edge-1050933537-2197496792-10696575481,1050933537,node-2197496792,node-10696575481,Doctor M.G.R. Salai,primary,12.57,,yes,2,13.0537989,80.2501505,13.0538289,80.2502624
edge-1050933538-11726891051-309213706,1050933538,node-11726891051,node-309213706,Uttamar Gandhi Salai (Nungambakkam High Road),primary,661.74,,yes,24,13.0616132,80.2466397,13.0561459,80.2489344
edge-1051000493-259847158-259847050,1051000493,node-259847158,node-259847050,Anna Nagar 3rd Avenue,secondary,402.5,2,yes,6,13.0848038,80.2179122,13.0884206,80.2180606
edge-1051000494-618647284-259847159,1051000494,node-618647284,node-259847159,Anna Nagar 3rd Avenue,secondary,402.66,2,yes,6,13.0884147,80.2182027,13.084797,80.2180411
edge-1052956026-9572798768-966544148,1052956026,node-9572798768,node-966544148,General Hospital Road,primary,36.51,,yes,2,13.0816317,80.2754935,13.0816211,80.2751566
edge-1052956029-9417619438-277912681,1052956029,node-9417619438,node-277912681,Mount - Medavakkam Road,primary,40.88,2,yes,2,12.9559551,80.1869989,12.9555926,80.1869359
edge-1053206423-5458607973-243065468,1053206423,node-5458607973,node-243065468,Unnamed Road,secondary,63.36,,yes,3,13.057802,80.2651238,13.0583,80.2654066
edge-1053206424-243065468-6968051461,1053206424,node-243065468,node-6968051461,General Patters Road,secondary,912.86,,yes,44,13.0583,80.2654066,13.0654903,80.2676323
edge-1053303514-9679839180-9679839182,1053303514,node-9679839180,node-9679839182,70Ft Road,secondary,501.03,,yes,8,13.1134028,80.2272231,13.1177498,80.2284394
edge-1053303515-2272263335-276597106,1053303515,node-2272263335,node-276597106,9th Street,secondary,137.96,,no,2,13.1110049,80.2265818,13.1097792,80.2263844
edge-1055336209-9507557592-1701428511,1055336209,node-9507557592,node-1701428511,Gopathy Narayana Road,secondary,294.26,,yes,10,13.0513138,80.2496747,13.0495356,80.247671
edge-1055336210-247685516-247685518,1055336210,node-247685516,node-247685518,Unnamed Road,primary_link,170.91,,yes,6,13.0513771,80.24958,13.052391,80.2507557
edge-1055338019-277435126-298357800,1055338019,node-277435126,node-298357800,Dr Ambedkar Road,secondary,164.48,,yes,6,13.0481766,80.2192443,13.0467594,80.2188113
edge-1056551447-5793660727-300454652,1056551447,node-5793660727,node-300454652,East Coast Road,primary,998.35,2,yes,23,12.9492238,80.2546997,12.9581462,80.2554128
edge-1056551448-5793660728-5793660727,1056551448,node-5793660728,node-5793660727,East Coast Road,primary,102.72,2,yes,3,12.9483314,80.2544571,12.9492238,80.2546997
edge-1056551449-9708423462-9708423463,1056551449,node-9708423462,node-9708423463,Unnamed Road,primary_link,8.96,,no,2,12.9475271,80.2542142,12.9475094,80.2542949
edge-1056847240-9711061513-9711061514,1056847240,node-9711061513,node-9711061514,Unnamed Road,primary_link,30.9,,yes,2,12.9171369,80.1917391,12.9174147,80.1917468
edge-1057074623-9713090788-9713090789,1057074623,node-9713090788,node-9713090789,Unnamed Road,primary_link,8.23,,no,2,12.9527189,80.2420507,12.9526935,80.242122
edge-1058238820-3928918933-9724024217,1058238820,node-3928918933,node-9724024217,Unnamed Road,primary_link,8.53,,no,2,13.1308013,80.1311689,13.1307246,80.1311707
edge-1058246676-249075180-249075184,1058246676,node-249075180,node-249075184,Barnaby Road,primary,138.05,,yes,7,13.0793214,80.2445231,13.0794832,80.245762
edge-1058442782-300461994-978534822,1058442782,node-300461994,node-978534822,Inner Ring Road (Southern Sector),primary,229.7,,yes,5,12.988695,80.1955636,12.9866859,80.1959093
edge-1058446024-9725969721-9725969722,1058446024,node-9725969721,node-9725969722,Unnamed Road,primary_link,11.27,,no,3,13.1041824,80.2747464,13.1040834,80.2747689
edge-1058539122-2481982269-309196369,1058539122,node-2481982269,node-309196369,Anna Salai (Mount Road),primary,272.72,,yes,6,13.0548548,80.25452,13.0533907,80.2525012
edge-1058767094-249497698-12686795214,1058767094,node-249497698,node-12686795214,Unnamed Road,primary_link,30.19,,yes,2,13.0066539,80.2577917,13.0064597,80.257597
edge-1059454599-1875969724-9734066033,1059454599,node-1875969724,node-9734066033,Unnamed Road,secondary,8.67,,yes,2,13.0692053,80.2424997,13.0692112,80.2424199
edge-1059454600-9734066033-9734066032,1059454600,node-9734066033,node-9734066032,Unnamed Road,secondary,10.94,,yes,2,13.0692112,80.2424199,13.0692163,80.242319
edge-1059454601-9734066032-309322652,1059454601,node-9734066032,node-309322652,McNichols Road,primary,7.2,,yes,2,13.0692163,80.242319,13.069279,80.2423025
edge-1063525620-9769080920-9769080921,1063525620,node-9769080920,node-9769080921,Unnamed Road,trunk_link,9.1,,no,2,13.1224189,80.2500889,13.1224932,80.2501241
edge-1063557391-9769313982-290018984,1063557391,node-9769313982,node-290018984,Unnamed Road,secondary,7.31,,no,2,13.1235958,80.2482155,13.1236469,80.2482579
edge-1063801194-1676306281-6245950775,1063801194,node-1676306281,node-6245950775,Unnamed Road,secondary,17.84,,no,2,13.1685764,80.2302372,13.1685856,80.2300727
edge-1064352024-9775093710-9775093711,1064352024,node-9775093710,node-9775093711,Unnamed Road,primary_link,26.53,,no,2,13.0728843,80.201203,13.0730468,80.2013824
edge-1067079412-276517803-311280831,1067079412,node-276517803,node-311280831,Tank Bund Road,secondary,52.66,,yes,3,13.109721,80.2418102,13.1096122,80.2422805
edge-1068188844-10937329499-9806178128,1068188844,node-10937329499,node-9806178128,Medavakkam Flyover,primary,1660.1,3,yes,45,12.9199247,80.1823204,12.9188326,80.1957814
edge-1068188845-9806178123-9806178169,1068188845,node-9806178123,node-9806178169,Medavakkam Flyover,primary,640.52,3,yes,15,12.9187716,80.1958579,12.9173199,80.1907195
edge-1068188846-964603998-7170033452,1068188846,node-964603998,node-7170033452,Major Mukund Varadharajan Salai,primary,473.77,2,yes,23,12.9173229,80.1941101,12.9206351,80.1967052
edge-1068188848-2052912543-12159747809,1068188848,node-2052912543,node-12159747809,Major Mukund Varadharajan Salai,primary,38.5,,yes,2,12.9208469,80.1968873,12.9205184,80.1967752
edge-1068188849-7170033452-9806178142,1068188849,node-7170033452,node-9806178142,Major Mukund Varadharajan Salai,primary,38.89,,yes,3,12.9206351,80.1967052,12.9209727,80.196799
edge-1068188850-13928640857-6304944112,1068188850,node-13928640857,node-6304944112,Major Mukund Varadharajan Salai,primary,131.95,2,yes,3,12.9195904,80.1808258,12.919935,80.1819693
edge-1068188851-6304944112-2049314094,1068188851,node-6304944112,node-2049314094,Major Mukund Varadharajan Salai,primary,31.13,2,yes,2,12.919935,80.1819693,12.9200046,80.1822475
edge-1068188852-7103942259-9806178213,1068188852,node-7103942259,node-9806178213,Medavakkam Flyover,primary,265.45,3,yes,6,12.9191727,80.1792862,12.9197705,80.1816519
edge-1069664428-3878466356-300195061,1069664428,node-3878466356,node-300195061,Agaramthen - Kovilanchery Road,secondary,14.87,,no,2,12.8908963,80.1409425,12.8909567,80.1408201
edge-1075635921-9864935159-9864935020,1075635921,node-9864935159,node-9864935020,ORR Service Road,primary,951.79,2,yes,22,13.1977617,80.1560615,13.2046067,80.1613329
edge-1075635922-9864934683-11865433777,1075635922,node-9864934683,node-11865433777,ORR Service Road,primary,1479.91,2,yes,38,13.2086029,80.1651578,13.1979367,80.1570022
edge-1075635989-9864935108-9864935116,1075635989,node-9864935108,node-9864935116,Outer Ring Road,motorway,453.72,3,yes,2,13.2011356,80.1592847,13.1978936,80.1567398
edge-1075635990-9864935115-9864935111,1075635990,node-9864935115,node-9864935111,Outer Ring Road,motorway,462.82,3,yes,2,13.1979807,80.1563615,13.2012874,80.158958
edge-1075636003-9864935138-9864935145,1075636003,node-9864935138,node-9864935145,Unnamed Road,primary_link,40.82,,yes,8,13.1986394,80.1574882,13.1983622,80.1576449
edge-1075636005-9864935196-9864935255,1075636005,node-9864935196,node-9864935255,Outer Ring Road,motorway,503.67,3,yes,12,13.1973367,80.1563214,13.1937007,80.1535485
edge-1075636006-9864935259-9864935197,1075636006,node-9864935259,node-9864935197,Outer Ring Road,motorway,507.09,3,yes,13,13.1937583,80.1531502,13.1974244,80.1559355
edge-1075636007-9864935328-9864935430,1075636007,node-9864935328,node-9864935430,ORR Service Road,primary,1443.95,2,yes,32,13.1933944,80.1535059,13.1819244,80.1473388
edge-1075636008-9864935204-9864935215,1075636008,node-9864935204,node-9864935215,Unnamed Road,trunk_link,111.42,,yes,8,13.1968022,80.1560947,13.1960307,80.1554674
edge-1075636010-13826887825-9864935202,1075636010,node-13826887825,node-9864935202,Unnamed Road,primary_link,85.99,,yes,9,13.1974558,80.1571078,13.1971107,80.1564029
edge-1075636011-9864935778-9864935336,1075636011,node-9864935778,node-9864935336,ORR Service Road,primary,3582.25,2,yes,59,13.1802148,80.1283583,13.1935382,80.15285
edge-1075636012-9864935116-9864935196,1075636012,node-9864935116,node-9864935196,Outer Ring Road,motorway,76.72,3,yes,2,13.1978936,80.1567398,13.1973367,80.1563214
edge-1075636013-9864935197-9864935115,1075636013,node-9864935197,node-9864935115,Outer Ring Road,motorway,77.16,3,yes,2,13.1974244,80.1559355,13.1979807,80.1563615
edge-1075636014-9864935271-9864935276,1075636014,node-9864935271,node-9864935276,Unnamed Road,primary_link,26.08,,yes,6,13.1938057,80.1537907,13.1935818,80.1538305
edge-1075636015-9864935292-277583552,1075636015,node-9864935292,node-277583552,Unnamed Road,primary_link,40.55,,yes,5,13.1938217,80.1527257,13.1939089,80.1530884
edge-1075636016-9864935352-9864935298,1075636016,node-9864935352,node-9864935298,Outer Ring Road,motorway,400.9,3,yes,11,13.19056,80.1511085,13.1936282,80.1530474
edge-1075636017-9864935298-9864935259,1075636017,node-9864935298,node-9864935259,Outer Ring Road,motorway,18.25,3,yes,2,13.1936282,80.1530474,13.1937583,80.1531502
edge-1075636018-9864935311-9864935318,1075636018,node-9864935311,node-9864935318,Unnamed Road,primary_link,100.77,,yes,8,13.1929232,80.1531039,13.1921671,80.1526141
edge-1075636020-9864935324-9864935328,1075636020,node-9864935324,node-9864935328,Unnamed Road,primary_link,30.94,,yes,5,13.1934237,80.1537871,13.1933944,80.1535059
edge-1075636021-9864935336-9864935292,1075636021,node-9864935336,node-9864935292,Unnamed Road,primary_link,35.58,,yes,6,13.1935382,80.15285,13.1938217,80.1527257
edge-1075636022-9864935297-9864935367,1075636022,node-9864935297,node-9864935367,Outer Ring Road,motorway,464.55,3,yes,13,13.1935319,80.1534117,13.1899609,80.1511944
edge-1075636023-9864935255-9864935297,1075636023,node-9864935255,node-9864935297,Outer Ring Road,motorway,23.91,3,yes,2,13.1937007,80.1535485,13.1935319,80.1534117
edge-1075636024-9864935384-9864935352,1075636024,node-9864935384,node-9864935352,Outer Ring Road,motorway,586.18,3,yes,10,13.1858133,80.148754,13.19056,80.1511085
edge-1075636025-9864935367-9864935386,1075636025,node-9864935367,node-9864935386,Outer Ring Road,motorway,531.69,3,yes,9,13.1899609,80.1511944,13.1856486,80.1490743
edge-1075636026-9864935389-9864935390,1075636026,node-9864935389,node-9864935390,Unnamed Road,motorway_link,39.85,,yes,2,13.1886881,80.1505579,13.1883332,80.1505069
edge-1075636027-9864935391-9864935392,1075636027,node-9864935391,node-9864935392,Unnamed Road,motorway_link,43.1,,yes,2,13.1888158,80.1501078,13.1891046,80.1503733
edge-1075636028-9864935394-9864935393,1075636028,node-9864935394,node-9864935393,Unnamed Road,motorway_link,35.87,,yes,2,13.1865944,80.1491346,13.1869134,80.1491837
edge-1075636030-9864935597-9864935384,1075636030,node-9864935597,node-9864935384,Outer Ring Road,motorway,470.57,3,yes,13,13.1820575,80.1467606,13.1858133,80.148754
edge-1075636031-9864935386-9864935415,1075636031,node-9864935386,node-9864935415,Outer Ring Road,motorway,468.78,3,yes,11,13.1856486,80.1490743,13.1819076,80.1470862
edge-1075636033-9864935435-9864935442,1075636033,node-9864935435,node-9864935442,Unnamed Road,primary_link,84.48,,yes,8,13.1830333,80.1478972,13.1823785,80.1475377
edge-1075636035-9864935430-9864935466,1075636035,node-9864935430,node-9864935466,Unnamed Road,primary_link,33.18,,yes,5,13.1819244,80.1473388,13.1816734,80.1474958
edge-1075636057-9864935572-9864935578,1075636057,node-9864935572,node-9864935578,Unnamed Road,primary_link,91.24,,yes,7,13.1806131,80.1453633,13.1811947,80.1459453
edge-1075636059-9864935614-9864935595,1075636059,node-9864935614,node-9864935595,Outer Ring Road,motorway,313.77,3,yes,8,13.1799146,80.1446224,13.1819157,80.1466463
edge-1075636060-9864935595-9864935597,1075636060,node-9864935595,node-9864935597,Outer Ring Road,motorway,20.04,3,yes,2,13.1819157,80.1466463,13.1820575,80.1467606
edge-1075636061-9864935598-9864935608,1075636061,node-9864935598,node-9864935608,Outer Ring Road,motorway,301.38,3,yes,11,13.1817604,80.1469766,13.1797992,80.1450695
edge-1075636062-9864935415-9864935598,1075636062,node-9864935415,node-9864935598,Outer Ring Road,motorway,20.22,3,yes,2,13.1819076,80.1470862,13.1817604,80.1469766
edge-1075636063-10277778752-9864935616,1075636063,node-10277778752,node-9864935616,Outer Ring Road,motorway,697.05,3,yes,15,13.1783076,80.1380164,13.1796171,80.1441762
edge-1075636064-9864935618-9864935667,1075636064,node-9864935618,node-9864935667,Outer Ring Road,motorway,756.82,3,yes,15,13.179428,80.1445338,13.177972,80.1378665
edge-1075636065-9864935616-9864935614,1075636065,node-9864935616,node-9864935614,Outer Ring Road,motorway,58.55,3,yes,3,13.1796171,80.1441762,13.1799146,80.1446224
edge-1075636066-9864935608-9864935618,1075636066,node-9864935608,node-9864935618,Outer Ring Road,motorway,71.19,3,yes,3,13.1797992,80.1450695,13.179428,80.1445338
edge-1075636073-9864935705-9864935711,1075636073,node-9864935705,node-9864935711,Unnamed Road,primary_link,102.86,,yes,8,13.1780532,80.1368085,13.1782184,80.1358854
edge-1075636075-9864935697-9864935721,1075636075,node-9864935697,node-9864935721,Unnamed Road,primary_link,63.42,,yes,5,13.1777655,80.1376976,13.1774402,80.1372194
edge-1075636076-9864935694-9864935722,1075636076,node-9864935694,node-9864935722,Unnamed Road,primary_link,39.12,,yes,6,13.1776205,80.1373325,13.1779392,80.137225
edge-1075636078-9864935735-9864935738,1075636078,node-9864935735,node-9864935738,Outer Ring Road,motorway,244.47,3,yes,4,13.1780302,80.1375158,13.178431,80.1352956
edge-1075636079-9864935667-9864935735,1075636079,node-9864935667,node-9864935735,Outer Ring Road,motorway,38.52,3,yes,2,13.177972,80.1378665,13.1780302,80.1375158
edge-1075636080-6478695206-9864935785,1075636080,node-6478695206,node-9864935785,Outer Ring Road,motorway,315.67,3,yes,7,13.1798621,80.1293998,13.1793241,80.132262
edge-1075636081-9864935779-6478695205,1075636081,node-9864935779,node-6478695205,Outer Ring Road,motorway,406.15,3,yes,7,13.1789966,80.132058,13.1797285,80.1283829
edge-1075636082-9864935742-9864935741,1075636082,node-9864935742,node-9864935741,Outer Ring Road,motorway,159.98,3,yes,2,13.1790148,80.1339689,13.1787573,80.1354227
edge-1075636083-9864935738-9864935743,1075636083,node-9864935738,node-9864935743,Outer Ring Road,motorway,153.09,3,yes,2,13.178431,80.1352956,13.1786793,80.1339048
edge-1075636087-9864935749-9864935760,1075636087,node-9864935749,node-9864935760,Unnamed Road,primary_link,19.57,,yes,6,13.1787273,80.1319785,13.1788757,80.1320152
edge-1075636088-9864935743-9864935746,1075636088,node-9864935743,node-9864935746,Outer Ring Road,motorway,168.38,3,yes,2,13.1786793,80.1339048,13.1789409,80.1323729
edge-1075636089-9864935746-9864935779,1075636089,node-9864935746,node-9864935779,Outer Ring Road,motorway,34.65,3,yes,2,13.1789409,80.1323729,13.1789966,80.132058
edge-1075636090-9864935791-9864935797,1075636090,node-9864935791,node-9864935797,Unnamed Road,primary_link,105.44,,yes,7,13.1792347,80.130299,13.1794305,80.1293558
edge-1075657698-9865114775-9865114776,1075657698,node-9865114775,node-9865114776,Unnamed Road,motorway_link,51.89,,yes,2,13.1802528,80.1258856,13.1802445,80.1254064
edge-1075657699-9865115439-9865114788,1075657699,node-9865115439,node-9865114788,ORR Service Road,primary,6853.51,2,yes,115,13.1689387,80.0676355,13.180451,80.1272296
edge-1075657700-9865114789-9865114790,1075657700,node-9865114789,node-9865114790,Unnamed Road,motorway_link,54.1,,yes,2,13.1807852,80.125492,13.1805951,80.125952
edge-1075657701-9865114788-9864935778,1075657701,node-9865114788,node-9864935778,ORR Service Road,primary,124.99,2,yes,2,13.180451,80.1272296,13.1802148,80.1283583
edge-1075657702-9864935747-9864935742,1075657702,node-9864935747,node-9864935742,Outer Ring Road,motorway,158.14,3,yes,2,13.1792755,80.132533,13.1790148,80.1339689
edge-1075657703-9864935785-9864935747,1075657703,node-9864935785,node-9864935747,Outer Ring Road,motorway,29.83,3,yes,2,13.1793241,80.132262,13.1792755,80.132533
edge-1075657704-6478695205-9865114820,1075657704,node-6478695205,node-9865114820,Outer Ring Road,motorway,838.85,3,yes,13,13.1797285,80.1283829,13.1810249,80.1207543
edge-1075657707-9865114823-9865114824,1075657707,node-9865114823,node-9865114824,Unnamed Road,motorway_link,44.51,,yes,2,13.1808013,80.1217152,13.1809499,80.1213335
edge-1075657708-9865114825-9865114826,1075657708,node-9865114825,node-9865114826,Unnamed Road,motorway_link,55.71,,yes,2,13.1812944,80.1213767,13.181324,80.1218904
edge-1075657709-9865114820-9865114831,1075657709,node-9865114820,node-9865114831,Outer Ring Road,motorway,255.87,3,yes,6,13.1810249,80.1207543,13.1813066,80.1184095
edge-1075657710-9865114836-9865114822,1075657710,node-9865114836,node-9865114822,Outer Ring Road,motorway,261.16,3,yes,6,13.1816546,80.118438,13.1813674,80.1208312
edge-1075657726-9864935734-6478839163,1075657726,node-9864935734,node-6478839163,ORR Service Road,primary,2111.37,2,yes,41,13.1778425,80.1375059,13.1811763,80.1183346
edge-1075657727-9864935430-9864935697,1075657727,node-9864935430,node-9864935697,ORR Service Road,primary,1198.34,2,yes,35,13.1819244,80.1473388,13.1777655,80.1376976
edge-1075657728-9864935202-9864935271,1075657728,node-9864935202,node-9864935271,ORR Service Road,primary,464.34,2,yes,14,13.1971107,80.1564029,13.1938057,80.1537907
edge-1075657729-9864935271-9864935328,1075657729,node-9864935271,node-9864935328,ORR Service Road,primary,55.64,2,yes,8,13.1938057,80.1537907,13.1933944,80.1535059
edge-1075657730-277583552-9864935159,1075657730,node-277583552,node-9864935159,ORR Service Road,primary,537.13,2,yes,19,13.1939089,80.1530884,13.1977617,80.1560615
edge-1075657731-9864935336-277583552,1075657731,node-9864935336,node-277583552,ORR Service Road,primary,49.33,2,yes,7,13.1935382,80.15285,13.1939089,80.1530884
edge-1075657732-9864935198-9864935202,1075657732,node-9864935198,node-9864935202,ORR Service Road,primary,59.44,2,yes,6,13.1975412,80.1567232,13.1971107,80.1564029
edge-1076294839-276517791-7809345475,1076294839,node-276517791,node-7809345475,Grand Northern Trunk Road,primary,608.51,,yes,11,13.1302667,80.2139462,13.1273388,80.2092476
edge-1076294840-9869953190-9869953200,1076294840,node-9869953190,node-9869953200,Grand Northern Trunk Road,primary,920.85,,yes,16,13.1281863,80.2101882,13.1340806,80.2155217
edge-1076522075-248680296-9587949542,1076522075,node-248680296,node-9587949542,McNichols Road,primary,19.09,,yes,2,13.0657569,80.2435436,13.0659178,80.2434821
edge-1076583915-247438429-9872385102,1076583915,node-247438429,node-9872385102,Broadway Road,secondary,191.07,,no,7,13.0913549,80.2857799,13.0896638,80.285469
edge-1076737430-247438429-9873579931,1076737430,node-247438429,node-9873579931,Broadway Road,secondary,298.38,,no,5,13.0913549,80.2857799,13.0940111,80.286167
edge-1077933308-1975496599-9882944102,1077933308,node-1975496599,node-9882944102,Unnamed Road,secondary_link,6.58,,no,2,13.0588693,80.2402653,13.0588194,80.2402326
edge-1077959220-9883140248-7043029376,1077959220,node-9883140248,node-7043029376,Paper mills road,secondary,226.29,1,yes,9,13.1291453,80.2152365,13.1303121,80.2135447
edge-1078107881-256119277-1121392666,1078107881,node-256119277,node-1121392666,Grand Southern Trunk Road,primary,123.26,1,yes,4,13.0077142,80.2070545,13.0075844,80.2059253
edge-1078110185-308313653-256124455,1078110185,node-308313653,node-256124455,Kathipara Interchange Flyover,primary,53.92,,yes,3,13.0127185,80.2040544,13.0122444,80.20395
edge-1078273881-5528559498-5528559490,1078273881,node-5528559498,node-5528559490,Anna Salai (Mount Road),primary,117.19,1,yes,4,13.0145452,80.224045,13.0151863,80.2248824
edge-1078273882-5528559498-5528559489,1078273882,node-5528559498,node-5528559489,Anna Salai (Mount Road),primary,116.28,1,yes,5,13.0145452,80.224045,13.015249,80.2248301
edge-1078273883-9885596554-5528559498,1078273883,node-9885596554,node-5528559498,Anna Salai (Mount Road),primary,109.86,2,yes,6,13.0139131,80.2232656,13.0145452,80.224045
edge-1078366795-2486858902-304918729,1078366795,node-2486858902,node-304918729,EVR Periyar Salai,primary,145.92,,yes,3,13.0790489,80.2560361,13.0788783,80.2547003
edge-1078366799-247686092-247685518,1078366799,node-247686092,node-247685518,Uttamar Gandhi Salai,primary,77.42,,yes,5,13.0519536,80.251161,13.052391,80.2507557
edge-1078702793-10901554492-9888848055,1078702793,node-10901554492,node-9888848055,Unnamed Road,primary,193.76,,yes,5,13.100729,80.2145984,13.1000119,80.216228
edge-1078702794-12222357775-12157381561,1078702794,node-12222357775,node-12157381561,Konnur High Road,primary,270.57,2,no,8,13.0986731,80.233192,13.0994339,80.230833
edge-1078702795-10901554493-9888848062,1078702795,node-10901554493,node-9888848062,Konnur High Road,secondary,52.55,2,yes,4,13.1006318,80.2146,13.1008348,80.2141661
edge-1080320421-9902231109-1355465117,1080320421,node-9902231109,node-1355465117,Inner Ring Road (Southern Sector),primary,490.97,,yes,8,12.9764703,80.2064475,12.9738297,80.2100738
edge-1080320422-9902231110-9902231109,1080320422,node-9902231110,node-9902231109,Inner Ring Road (Southern Sector),primary,281.07,,yes,3,12.9780035,80.2043852,12.9764703,80.2064475
edge-1080320423-9902231108-9902231107,1080320423,node-9902231108,node-9902231107,Inner Ring Road (Southern Sector),primary,279.11,,yes,3,12.9763855,80.2063757,12.9778938,80.2043167
edge-1080320424-6245941237-9902231108,1080320424,node-6245941237,node-9902231108,Inner Ring Road (Southern Sector),primary,37.15,,yes,2,12.9761665,80.2066346,12.9763855,80.2063757
edge-1080595435-13830220948-308297210,1080595435,node-13830220948,node-308297210,Royapettah Flyover,secondary,15.2,,no,2,13.0536439,80.2665111,13.0536587,80.2663716
edge-1080757455-247438731-303284217,1080757455,node-247438731,node-303284217,Esplanade,secondary,222.72,,yes,4,13.0864305,80.2847631,13.0883818,80.2852273
edge-1080757458-2241832826-243325391,1080757458,node-2241832826,node-243325391,Deputy Mayor Kabalamurthy Road,secondary,39.39,,no,4,13.0725602,80.2737981,13.0722422,80.2739583
edge-1080757459-248468311-243325389,1080757459,node-248468311,node-243325389,Arunachalam Street,secondary,198.14,,no,8,13.0748757,80.2718636,13.0740834,80.2734774
edge-1080757461-30037903-309061751,1080757461,node-30037903,node-309061751,Anna Salai (Mount Road),primary,55.53,,yes,3,13.0716541,80.2743139,13.0720436,80.274623
edge-1080757462-9576074621-9576074650,1080757462,node-9576074621,node-9576074650,Pallavaram Flyover,trunk,10.83,2,yes,2,12.974771,80.1551664,12.9748326,80.1552438
edge-1080757463-9576074631-9576074651,1080757463,node-9576074631,node-9576074651,Pallavaram Flyover,trunk,21.29,2,yes,2,12.9651333,80.1479502,12.9653,80.1480468
edge-1081040290-309196371-7034943123,1081040290,node-309196371,node-7034943123,Anna Salai (Mount Road),primary,26.19,,yes,3,13.0565215,80.2566978,13.0563615,80.2565204
edge-1081040291-6773886697-5458607973,1081040291,node-6773886697,node-5458607973,Westcott Road,secondary,122.7,,yes,5,13.0568118,80.2646346,13.057802,80.2651238
edge-1081040292-259502726-249798531,1081040292,node-259502726,node-249798531,Westcott Road,secondary,334.32,,yes,8,13.0568695,80.2647517,13.0539183,80.2642145
edge-1081040293-247438770-310505827,1081040293,node-247438770,node-310505827,Netaji Subhash Chandra Bose Road,secondary,112.33,,yes,7,13.0883156,80.2835776,13.0883111,80.282541
edge-1081056186-9412787720-2086712172,1081056186,node-9412787720,node-2086712172,Mount - Medavakkam Road,primary,12.83,2,yes,2,12.955952,80.1868305,12.9560672,80.1868375
edge-1081150598-9909526859-6497877508,1081150598,node-9909526859,node-6497877508,Unnamed Road,secondary,24.04,,yes,2,13.0721201,80.2021443,13.0719253,80.2020481
edge-1081153634-9909551105-9909551106,1081153634,node-9909551105,node-9909551106,Unnamed Road,secondary_link,11.44,,no,2,13.0959245,80.2188635,13.0958897,80.2189629
edge-1081264276-9910462857-9910462860,1081264276,node-9910462857,node-9910462860,Madhavaram - Red Hills Road,primary,13.33,2,yes,2,13.1304401,80.2409998,13.1305363,80.2409264
edge-1081264277-9910462859-9910462858,1081264277,node-9910462859,node-9910462858,Madhavaram - Red Hills Road,primary,13.14,2,yes,2,13.1305702,80.2409738,13.1304739,80.2410441
edge-1081264278-9910462858-7821736153,1081264278,node-9910462858,node-7821736153,Madhavaram - Red Hills Road,primary,117.6,2,yes,7,13.1304739,80.2410441,13.1296422,80.2417078
edge-1081264279-7821736171-9910462857,1081264279,node-7821736171,node-9910462857,Madhavaram - Red Hills Road,primary,173.22,2,yes,8,13.1291174,80.241539,13.1304401,80.2409998
edge-1081264281-2165507989-2165507965,1081264281,node-2165507989,node-2165507965,Moolakadai Flyover,trunk,117.14,,yes,2,13.130681,80.2392108,13.1300455,80.2400735
edge-1081264282-9910462861-3820325549,1081264282,node-9910462861,node-3820325549,Moolakadai Flyover,trunk,118.78,,yes,2,13.1299914,80.2400332,13.1306242,80.2391495
edge-1081264283-7820130606-9910462862,1081264283,node-7820130606,node-9910462862,Moolakadai Flyover,trunk,115.92,,yes,4,13.1272131,80.2438898,13.1278516,80.2430437
edge-1081264284-277587954-2166748912,1081264284,node-277587954,node-2166748912,Moolakadai Flyover,trunk,113.57,,yes,2,13.1279109,80.2430938,13.1272795,80.2439181
edge-1081351506-9888848062-10901554492,1081351506,node-9888848062,node-10901554492,Konnur High Road,secondary,48.9,,yes,5,13.1008348,80.2141661,13.100729,80.2145984
edge-1081351507-10901554492-9911216539,1081351507,node-10901554492,node-9911216539,Dr. Ambedkar Road,secondary,262.24,,yes,9,13.100729,80.2145984,13.1029922,80.2152377
edge-1081351509-9911216539-10901554494,1081351509,node-9911216539,node-10901554494,Dr. Ambedkar Road,secondary,265.04,,yes,5,13.1029922,80.2152377,13.1006664,80.2147154
edge-1081351983-11936395332-302897298,1081351983,node-11936395332,node-302897298,Cathedral Road,primary,115.69,,yes,7,13.0526521,80.2509228,13.0518475,80.251522
edge-1081351986-9596798946-257924699,1081351986,node-9596798946,node-257924699,Konnur High Road,primary,10.82,,yes,2,13.0974066,80.2421807,13.097426,80.2420828
edge-1081353684-9637496687-9596798946,1081353684,node-9637496687,node-9596798946,Anderson Road,secondary,9.38,,yes,2,13.0974863,80.242209,13.0974066,80.2421807
edge-1081365451-9911334283-9911334284,1081365451,node-9911334283,node-9911334284,Unnamed Road,trunk_link,11.13,,no,2,13.1357581,80.2321842,13.1356844,80.2321147
edge-1082485653-7806018166-9417619442,1082485653,node-7806018166,node-9417619442,Mount - Medavakkam Road,primary,91.23,2,yes,3,12.9690131,80.1899181,12.9682552,80.189596
edge-1082485654-9417619442-7814859426,1082485654,node-9417619442,node-7814859426,Mount - Medavakkam Road,primary,202.28,2,yes,7,12.9682552,80.189596,12.9665767,80.1888764
edge-1082485657-6538913407-251298780,1082485657,node-6538913407,node-251298780,Grand Southern Trunk Road,trunk,9.43,,yes,2,12.9939552,80.1855396,12.9939188,80.185461
edge-1082485658-2142288353-256039818,1082485658,node-2142288353,node-256039818,Anna Salai (Mount Road),primary,39.31,,yes,2,13.008165,80.2097415,13.0080754,80.2093905
edge-1082485659-7433365963-256035584,1082485659,node-7433365963,node-256035584,Sardar Patel Road,primary,47.5,,yes,6,13.011873,80.2219855,13.0120189,80.2215754
edge-1082485660-13944842897-9920647757,1082485660,node-13944842897,node-9920647757,South Usman Road,secondary,4.61,1,yes,2,13.0342136,80.2304642,13.0341723,80.2304674
edge-1082485665-6497450229-14070407315,1082485665,node-6497450229,node-14070407315,South Usman Road,secondary,86.76,1,yes,6,13.0342592,80.230369,13.0350093,80.2301702
edge-1082485666-9412787736-2237592502,1082485666,node-9412787736,node-2237592502,1st Main Road,secondary,308.88,,yes,4,13.0279977,80.2309273,13.0307619,80.230653
edge-1082485667-9412787735-256035561,1082485667,node-9412787735,node-256035561,Anna Salai (Mount Road),primary,412.83,,yes,13,13.0221111,80.226294,13.0247164,80.2289552
edge-1082485668-5528559489-9412787734,1082485668,node-5528559489,node-9412787734,Anna Salai (Mount Road),primary,40.91,,yes,2,13.015249,80.2248301,13.0155164,80.2250894
edge-1082485669-247714027-2241058223,1082485669,node-247714027,node-2241058223,Anna Salai (Mount Road),primary,151.89,,yes,4,13.0085663,80.2103263,13.0090089,80.2116525
edge-1082485670-1121392640-247714027,1082485670,node-1121392640,node-247714027,Anna Salai (Mount Road),primary,420.13,,yes,7,13.0078414,80.2065299,13.0085663,80.2103263
edge-1082485671-6538913406-301732801,1082485671,node-6538913406,node-301732801,Grand Southern Trunk Road,trunk,487.42,,yes,5,12.9940945,80.1854788,12.9962216,80.1894026
edge-1082485673-9417619441-277913854,1082485673,node-9417619441,node-277913854,Mount - Medavakkam Road,primary,91.18,2,yes,5,12.968278,80.189535,12.9690267,80.1898774
edge-1082485674-2517035823-9417619441,1082485674,node-2517035823,node-9417619441,Mount - Medavakkam Road,primary,211.74,2,yes,8,12.9665183,80.1887888,12.968278,80.189535
edge-1082631139-3528271839-344424387,1082631139,node-3528271839,node-344424387,Perambur High Road,secondary,113.62,,no,4,13.1079618,80.2460655,13.1080163,80.2450232
edge-1082631140-257932125-11292801140,1082631140,node-257932125,node-11292801140,Strahans Road,secondary,41.53,,yes,3,13.0979368,80.2514348,13.097871,80.2518025
edge-1082631141-2213431458-309316810,1082631141,node-2213431458,node-309316810,EVR Periyar Salai,primary,41.53,,yes,2,13.077325,80.2410906,13.0772204,80.2407225
edge-1082631142-9593473426-309316810,1082631142,node-9593473426,node-309316810,Unnamed Road,primary,15.73,,yes,2,13.0773615,80.2407127,13.0772204,80.2407225
edge-1082631143-3428281973-2197121354,1082631143,node-3428281973,node-2197121354,Royapettah High Road,secondary,35.42,1,yes,3,13.0428251,80.2679557,13.0425503,80.2681192
edge-1082631144-243064543-246825948,1082631144,node-243064543,node-246825948,Broadie's Castle Road,primary,46.58,,yes,8,13.0202745,80.2626659,13.0202472,80.2630135
edge-1082631145-246825949-310501715,1082631145,node-246825949,node-310501715,DGS Dhinakaran Road,primary,117.49,,yes,3,13.0189281,80.2627808,13.0187731,80.2617081
edge-1082631146-310501715-243064541,1082631146,node-310501715,node-243064541,DGS Dhinakaran Road,primary,37.03,,yes,4,13.0187731,80.2617081,13.0190482,80.2615779
edge-1082631147-249497661-249497657,1082631147,node-249497661,node-249497657,Adyar Flyover,primary,231.05,,no,5,13.0067676,80.2577905,13.0065493,80.255689
edge-1083470739-12759223282-7045917743,1083470739,node-12759223282,node-7045917743,Unnamed Road,primary,411.27,,yes,6,13.113868,80.1641362,13.1102619,80.1636476
edge-1083470740-9929183739-12759223282,1083470740,node-9929183739,node-12759223282,Unnamed Road,primary,436.27,,yes,7,13.1102738,80.1635603,13.113868,80.1641362
edge-1086618244-2197121274-12736883458,1086618244,node-2197121274,node-12736883458,Unnamed Road,secondary,84.44,,yes,4,13.0348777,80.2569604,13.0341294,80.2569684
edge-1086858174-30039081-30039085,1086858174,node-30039081,node-30039085,Mount - Poonamallee - Avadi Road,primary,757.75,3,yes,15,13.036298,80.1464734,13.0361539,80.1534309
edge-1087677759-7822087580-7822124726,1087677759,node-7822087580,node-7822124726,Kadappa Road,secondary,300.87,2,no,21,13.1342028,80.1931907,13.1354539,80.1909665
edge-1088738170-9974294111-9974294116,1088738170,node-9974294111,node-9974294116,Unnamed Road,primary,365.54,,yes,8,13.1269434,80.2415193,13.1237276,80.2421205
edge-1088738171-9974294116-2166748898,1088738171,node-9974294116,node-2166748898,Madhavaram High Road,primary,363.4,2,yes,7,13.1237276,80.2421205,13.1269324,80.2414647
edge-1089366395-7170102950-7170102948,1089366395,node-7170102950,node-7170102948,East Coast Road,primary,312.66,2,yes,8,12.883584,80.2452907,12.8808177,80.2447743
edge-1089398188-342746911-342746968,1089398188,node-342746911,node-342746968,Arcot Road,primary,410.04,,yes,16,13.0464375,80.1893647,13.0448484,80.1860022
edge-1089794583-247435500-247435502,1089794583,node-247435500,node-247435502,Rajaji Salai,primary,392.39,,yes,13,13.0888458,80.2903598,13.0921803,80.2915343
edge-1090234162-254122169-254143115,1090234162,node-254122169,node-254143115,Basin Bridge,trunk,21.2,,yes,4,13.1044141,80.2714042,13.1045201,80.2712443
edge-1090234163-6274883879-254122169,1090234163,node-6274883879,node-254122169,Basin Bridge,trunk,6.18,,yes,2,13.1043979,80.2714588,13.1044141,80.2714042
edge-1090653965-9989783631-9989783649,1090653965,node-9989783631,node-9989783649,Unnamed Road,secondary_link,29.32,,yes,14,13.0880904,80.2816514,13.0881797,80.2814177
edge-1090653966-310505827-9989783667,1090653966,node-310505827,node-9989783667,Unnamed Road,secondary_link,13.15,,no,2,13.0883111,80.282541,13.0884283,80.2825575
edge-1090950114-9992430840-9992430840,1090950114,node-9992430840,node-9992430840,Unnamed Road,secondary,146.79,,yes,50,13.111287,80.2781634,13.111287,80.2781634
edge-1090950115-9992430723-9992430846,1090950115,node-9992430723,node-9992430846,Parthasarathy Bridge,secondary,97.52,,yes,15,13.1106438,80.2784251,13.1113223,80.2778642
edge-1090950116-9992430841-9992430721,1090950116,node-9992430841,node-9992430721,Parthasarathy Bridge,secondary,79.09,,yes,12,13.1112599,80.2781154,13.1106928,80.2784772
edge-1090950117-9992430912-9992430840,1090950117,node-9992430912,node-9992430840,Thiruvottriyur High Road,secondary,71.6,,yes,26,13.1108377,80.2785044,13.111287,80.2781634
edge-1090950118-9992430859-9992430912,1090950118,node-9992430859,node-9992430912,Thiruvottriyur High Road,secondary,87.7,,yes,18,13.1115377,80.2782301,13.1108377,80.2785044
edge-1091003763-2800814661-2800814655,1091003763,node-2800814661,node-2800814655,Nungambakkam Subway,secondary,123.04,2,yes,4,13.0665172,80.231501,13.0661876,80.2325851
edge-1091003764-12488249313-7794528403,1091003764,node-12488249313,node-7794528403,Nelson Manickam Road,secondary,338.59,2,yes,9,13.066495,80.2312847,13.0668892,80.2282336
edge-1092250361-314705616-247684064,1092250361,node-314705616,node-247684064,Arcot Road,primary,819.67,,yes,32,13.0497159,80.2108512,13.0477807,80.2035736
edge-1093034126-308313881-30038745,1093034126,node-308313881,node-30038745,Unnamed Road,primary,20.46,,no,2,13.0323294,80.2097601,13.032358,80.2095735
edge-1093034127-30267994-13794389906,1093034127,node-30267994,node-13794389906,Unnamed Road,primary,212.01,,yes,5,13.0319035,80.2116595,13.0322313,80.2097328
edge-1093034128-308313881-300218365,1093034128,node-308313881,node-300218365,Unnamed Road,primary,169.31,,yes,3,13.0323294,80.2097601,13.0338398,80.2098505
edge-1093710256-12839843729-1723299491,1093710256,node-12839843729,node-1723299491,11th Avenue,secondary,235.85,,yes,9,13.0322985,80.2183903,13.032232,80.2205551
edge-1094486431-10024263540-10024263547,1094486431,node-10024263540,node-10024263547,Perambur Redhills High Road,secondary,962.62,2,yes,15,13.1475658,80.2041693,13.1560477,80.2049654
edge-1094486432-10024263547-10024263548,1094486432,node-10024263547,node-10024263548,Perambur Redhills High Road,secondary,7.92,,yes,2,13.1560477,80.2049654,13.1560947,80.2050204
edge-1094486433-1123352201-276517439,1094486433,node-1123352201,node-276517439,Perambur Redhills High Road,secondary,10.15,,yes,2,13.1560763,80.2051539,13.1560197,80.2050804
edge-1095119365-6585631659-259847161,1095119365,node-6585631659,node-259847161,"2nd Avenue, Anna Nagar West",secondary,529.84,2,yes,5,13.0848525,80.2129314,13.0847267,80.2178217
edge-1095867680-7170102948-7170102992,1095867680,node-7170102948,node-7170102992,East Coast Road,primary,145.2,2,yes,8,12.8808177,80.2447743,12.8795573,80.244437
edge-1095867681-10036076112-10036076113,1095867681,node-10036076112,node-10036076113,Unnamed Road,primary_link,8.69,,no,2,12.8808877,80.2447849,12.8809008,80.2447059
edge-1096754053-10107394345-12918933028,1096754053,node-10107394345,node-12918933028,Tambaram Eastern Bypass Road,primary,517.54,,yes,8,12.891555,80.1275389,12.8907061,80.1322277
edge-1096912096-315263564-1184293162,1096912096,node-315263564,node-1184293162,Jawaharlal Nehru Road (100 Feet Road),primary,262.93,,yes,7,13.0636875,80.2117185,13.0613249,80.2117589
edge-1097257592-277912665-9526179480,1097257592,node-277912665,node-9526179480,Medavakkam Koot Road,primary,22.37,,yes,2,12.9202232,80.1840582,12.9204157,80.1839981
edge-1098182027-6245826172-1184327303,1098182027,node-6245826172,node-1184327303,Mount - Poonamallee - Avadi Road,primary,938.81,,yes,13,13.0262609,80.1744807,13.0220787,80.1820081
edge-1098182028-6274979433-277391907,1098182028,node-6274979433,node-277391907,Mount - Poonamallee - Avadi Road,primary,160.26,3,yes,6,13.0344325,80.1584655,13.034307,80.1599293
edge-1098516052-1937587128-1557484911,1098516052,node-1937587128,node-1557484911,Major Mukund Varadharajan Salai,primary,352.25,2,yes,9,12.9225079,80.1424396,12.9226214,80.1456874
edge-1099974483-10269853791-10269853791,1099974483,node-10269853791,node-10269853791,Unnamed Road,secondary,50.37,,no,23,13.0724047,80.2522817,13.0724047,80.2522817
edge-1099974484-10069835053-10069835042,1099974484,node-10069835053,node-10069835042,Unnamed Road,secondary,12.14,,yes,2,13.0723672,80.2524072,13.0722936,80.25249
edge-1099974485-1975496679-10069835050,1099974485,node-1975496679,node-10069835050,Unnamed Road,secondary,20.98,,yes,3,13.072213,80.2525435,13.0722885,80.2523673
edge-1099974486-10069835041-10069835054,1099974486,node-10069835041,node-10069835054,Unnamed Road,secondary,23.25,,yes,2,13.0726142,80.2524115,13.0724068,80.2523844
edge-1099974487-10069835044-4462321220,1099974487,node-10069835044,node-4462321220,Unnamed Road,secondary,165.58,,yes,5,13.0724167,80.2522981,13.0738837,80.2524185
edge-1099974488-10069835043-14030753140,1099974488,node-10069835043,node-14030753140,Mayor Ramanathan Road (Spur Tank Road),secondary,10.15,,yes,2,13.0723115,80.2521825,13.0723599,80.252262
edge-1099974489-10069835064-1990726988,1099974489,node-10069835064,node-1990726988,Mayor Ramanathan Road (Spur Tank Road),secondary,725.18,,yes,10,13.0718126,80.2505543,13.0696407,80.2442737
edge-1099974490-14030753138-10069835068,1099974490,node-14030753138,node-10069835068,Mayor Ramanathan Road (Spur Tank Road),secondary,37.37,,yes,5,13.0722833,80.252318,13.0721491,80.2520018
edge-1099974491-10069835068-10069835066,1099974491,node-10069835068,node-10069835066,Mayor Ramanathan Road (Spur Tank Road),secondary,52.37,,yes,5,13.0721491,80.2520018,13.0720569,80.2515288
edge-1099974492-10069835066-10069835064,1099974492,node-10069835066,node-10069835064,Mayor Ramanathan Road (Spur Tank Road),secondary,109.59,,yes,3,13.0720569,80.2515288,13.0718126,80.2505543
edge-1099974493-10069835042-1975496679,1099974493,node-10069835042,node-1975496679,Casa Major Road,secondary,10.67,,yes,2,13.0722936,80.25249,13.072213,80.2525435
edge-1100207882-6496965128-2168628929,1100207882,node-6496965128,node-2168628929,Unnamed Road,primary,108.57,,yes,3,13.013815,80.2264693,13.0129116,80.2268495
edge-1100668123-2185139091-10013621132,1100668123,node-2185139091,node-10013621132,Unnamed Road,secondary,65.91,,no,3,12.8889456,80.1368492,12.8895375,80.136817
edge-1104358315-290017434-10175102535,1104358315,node-290017434,node-10175102535,MKB Nagar East Avenue,secondary,328.65,,yes,13,13.1198805,80.2657245,13.1228348,80.265753
edge-1104358316-1391029488-290017320,1104358316,node-1391029488,node-290017320,MKB Nagar East Avenue,secondary,74.23,,yes,3,13.1272454,80.2659317,13.1265828,80.2658783
edge-1104358317-10105885267-1391029495,1104358317,node-10105885267,node-1391029495,TVK Link Road,secondary,103.63,,yes,7,13.128518,80.266374,13.1276183,80.2661467
edge-1104358318-10175102535-10105885266,1104358318,node-10175102535,node-10105885266,Unnamed Road,secondary,407.94,,yes,8,13.1228348,80.265753,13.1265032,80.2657843
edge-1104358319-10105885274-10105885267,1104358319,node-10105885274,node-10105885267,Unnamed Road,secondary,105.39,,yes,5,13.1276295,80.2660464,13.128518,80.266374
edge-1104358320-10105885273-10105885274,1104358320,node-10105885273,node-10105885274,Unnamed Road,secondary,40.62,,yes,3,13.1273268,80.2658383,13.1276295,80.2660464
edge-1104535838-10107367566-10107394345,1104535838,node-10107367566,node-10107394345,Tambaram Eastern Bypass Road,primary,1543.6,,yes,35,12.8956954,80.1139562,12.891555,80.1275389
edge-1104548949-8429442652-8429442647,1104548949,node-8429442652,node-8429442647,Chennai - Ennore Road,primary,468.11,,yes,7,13.1500547,80.2991077,13.1540307,80.3004842
edge-1104548950-10107487650-10107487651,1104548950,node-10107487650,node-10107487651,Unnamed Road,primary_link,13.85,,no,2,13.1542437,80.3005466,13.1542088,80.3006694
edge-1105146206-278757483-7824881317,1105146206,node-278757483,node-7824881317,Unnamed Road,primary_link,447.86,,yes,8,13.1452862,80.220288,13.1490036,80.2218788
edge-1105242868-735219843-6590298842,1105242868,node-735219843,node-6590298842,EVR Periyar Salai,primary,306.68,3,yes,14,13.0689087,80.1801176,13.0704619,80.1824525
edge-1105443956-343747195-10115906291,1105443956,node-343747195,node-10115906291,New Avadi Road,secondary,103.68,,no,3,13.0866192,80.2345591,13.0875505,80.2345907
edge-1105443961-10115906291-10901554451,1105443961,node-10115906291,node-10901554451,New Avadi Road,secondary,2601.98,,yes,34,13.0875505,80.2345907,13.0984798,80.213935
edge-1105956370-10120160571-10120160541,1105956370,node-10120160571,node-10120160541,Velachery Lower Flyover,primary,501.08,,yes,21,12.9779775,80.219387,12.9738071,80.2200432
edge-1105956371-10120160590-10120160570,1105956371,node-10120160590,node-10120160570,Velachery Upper Flyover,primary,500.64,,yes,15,12.9757596,80.2202138,12.9799358,80.2185278
edge-1105956372-10120160579-10120160571,1105956372,node-10120160579,node-10120160571,Velachery Lower Flyover,primary,18.8,,yes,2,12.9781365,80.2193279,12.9779775,80.219387
edge-1105956373-10120160579-10120161726,1105956373,node-10120160579,node-10120161726,100 Feet Road,primary,338.95,,yes,23,12.9781365,80.2193279,12.9754853,80.2207189
edge-1105956375-10120160611-7034913510,1105956375,node-10120160611,node-7034913510,100 Feet Road,primary,365.59,2,yes,25,12.97508,80.2204894,12.9780536,80.2191448
edge-1105956378-338406860-12157030704,1105956378,node-338406860,node-12157030704,Major Mukund Varadharajan Salai,primary,488.76,2,yes,24,12.9759943,80.2214036,12.9720987,80.2194508
edge-1105956379-2197525484-10120161772,1105956379,node-2197525484,node-10120161772,Major Mukund Varadharajan Salai,primary,93.23,,yes,4,12.9706155,80.2187455,12.9714014,80.2190447
edge-1105956380-10120161772-1241211254,1105956380,node-10120161772,node-1241211254,Major Mukund Varadharajan Salai,primary,67.82,,yes,3,12.9714014,80.2190447,12.9719744,80.2192589
edge-1105956381-10120160572-10120160579,1105956381,node-10120160572,node-10120160579,100 Feet Road,primary,43.46,,yes,4,12.9784912,80.2191661,12.9781365,80.2193279
edge-1105956382-10120160541-10120161784,1105956382,node-10120160541,node-10120161784,Velachery Lower Flyover,primary,177.27,,yes,8,12.9738071,80.2200432,12.9723062,80.2194922
edge-1105956383-8601096138-338282591,1105956383,node-8601096138,node-338282591,Major Mukund Varadharajan Salai,primary,84.38,,yes,3,12.9712718,80.2191427,12.9705616,80.2188686
edge-1105956384-10120161792-10120160542,1105956384,node-10120161792,node-10120160542,Velachery Upper Flyover,primary,27.0,,yes,3,12.9782554,80.2250556,12.9781695,80.2248246
edge-1105956833-7034913510-338406630,1105956833,node-7034913510,node-338406630,Velachery Bypass Road,primary,236.11,2,yes,12,12.9780536,80.2191448,12.9800506,80.2184067
edge-1105956834-10120160570-2167149046,1105956834,node-10120160570,node-2167149046,Velachery Upper Flyover,primary,40.62,,yes,3,12.9799358,80.2185278,12.9802393,80.2183344
edge-1106871425-10128406362-1183216792,1106871425,node-10128406362,node-1183216792,Unnamed Road,trunk_link,30.75,,no,2,13.1364506,80.1824243,13.1367204,80.1823618
edge-1107083571-6274883986-2271478714,1107083571,node-6274883986,node-2271478714,Basin Bridge Road,trunk,7.4,,yes,2,13.103905,80.2735549,13.1038925,80.2734878
edge-1107083572-413576668-10130204526,1107083572,node-413576668,node-10130204526,Unnamed Road,trunk,32.95,,yes,2,13.1039429,80.2731703,13.1039745,80.2734728
edge-1107083573-2271478714-10130204526,1107083573,node-2271478714,node-10130204526,Unnamed Road,trunk,9.26,,yes,2,13.1038925,80.2734878,13.1039745,80.2734728
edge-1107083574-603480775-10130204525,1107083574,node-603480775,node-10130204525,Unnamed Road,secondary,15.73,,no,2,13.1044391,80.2734528,13.1042977,80.2734566
edge-1107083575-10130204525-10130204527,1107083575,node-10130204525,node-10130204527,Unnamed Road,secondary,35.64,,yes,4,13.1042977,80.2734566,13.1039871,80.2735373
edge-1107083576-6274883986-10130204527,1107083576,node-6274883986,node-10130204527,Unnamed Road,trunk,9.33,,yes,2,13.103905,80.2735549,13.1039871,80.2735373
edge-1107083577-13824289230-9725969721,1107083577,node-13824289230,node-9725969721,Unnamed Road,primary,127.41,,yes,4,13.1039949,80.2735858,13.1041824,80.2747464
edge-1107083578-10130204526-10130204527,1107083578,node-10130204526,node-10130204527,Unnamed Road,trunk,7.12,,yes,2,13.1039745,80.2734728,13.1039871,80.2735373
edge-1107083579-13744957883-10130204525,1107083579,node-13744957883,node-10130204525,Unnamed Road,secondary,29.83,,yes,4,13.1040314,80.2734606,13.1042977,80.2734566
edge-1109928005-7821736173-277587996,1109928005,node-7821736173,node-277587996,Unnamed Road,trunk_link,155.71,,yes,3,13.1290847,80.2415872,13.1282579,80.2427477
edge-1109928006-7821736171-7821736173,1109928006,node-7821736171,node-7821736173,Unnamed Road,trunk_link,6.36,,yes,2,13.1291174,80.241539,13.1290847,80.2415872
edge-1109928007-10154016321-10154016322,1109928007,node-10154016321,node-10154016322,Unnamed Road,trunk_link,29.52,,no,4,13.1290958,80.2411229,13.1293146,80.241277
edge-1110246914-277435460-314643681,1110246914,node-277435460,node-314643681,Dr Ambedkar Road,secondary,13.36,,no,2,13.0522605,80.2200793,13.052376,80.2200454
edge-1110246915-277435460-12624807098,1110246915,node-277435460,node-12624807098,Nagerkoyil Sudalaimuthu Krishnan (NSK) Salai,primary,31.16,,yes,3,13.0522605,80.2200793,13.0523379,80.2203555
edge-1110246916-5328855183-6305487163,1110246916,node-5328855183,node-6305487163,Nagerkoyil Sudalaimuthu Krishnan (NSK) Salai,primary,79.61,,yes,3,13.0499127,80.2121868,13.0500085,80.2129151
edge-1111234387-10168025877-254491206,1111234387,node-10168025877,node-254491206,Pulianthope Nedunchalai,secondary,11.11,2,no,2,13.0998533,80.2598315,13.0998747,80.2597313
edge-1112199332-290017678-290017682,1112199332,node-290017678,node-290017682,Sathyamoorty Nagar Main Road,secondary,130.65,,no,3,13.1141203,80.2656726,13.115294,80.2657274
edge-1112202706-11144516742-10175133037,1112202706,node-11144516742,node-10175133037,Unnamed Road,secondary,455.71,,yes,11,13.0427009,80.2055776,13.0442281,80.2093191
edge-1112206453-10175165818-10175165822,1112206453,node-10175165818,node-10175165822,Bazaar Road,secondary,258.81,,yes,7,12.9658721,80.2018479,12.9657144,80.2042239
edge-1112206454-10175165822-10175165824,1112206454,node-10175165822,node-10175165824,Bazaar Road,secondary,225.05,,yes,6,12.9657144,80.2042239,12.9653374,80.2062619
edge-1112206455-10281683502-338238785,1112206455,node-10281683502,node-338238785,Bazaar Road,secondary,197.16,2,yes,7,12.9652682,80.2071714,12.9649525,80.2089611
edge-1112206456-10175146509-251297472,1112206456,node-10175146509,node-251297472,Unnamed Road,secondary,533.49,2,no,41,12.9655186,80.2005331,12.9648117,80.1961371
edge-1112992439-10183032520-10183032519,1112992439,node-10183032520,node-10183032519,Unnamed Road,secondary,59.77,,yes,2,13.11317,80.2362183,13.1129302,80.2367122
edge-1112992440-10183032523-10183032520,1112992440,node-10183032523,node-10183032520,Unnamed Road,secondary,68.65,,yes,5,13.1135215,80.2357006,13.11317,80.2362183
edge-1112992441-276517803-13974247129,1112992441,node-276517803,node-13974247129,Paper Mills Road,secondary,387.48,,no,9,13.109721,80.2418102,13.1115959,80.2387979
edge-1112992443-10183032518-10183018116,1112992443,node-10183032518,node-10183018116,Unnamed Road,secondary,62.45,,yes,4,13.1127828,80.2370071,13.112499,80.2375043
edge-1112992444-10183032519-10183032518,1112992444,node-10183032519,node-10183032518,Unnamed Road,secondary,35.9,,yes,2,13.1129302,80.2367122,13.1127828,80.2370071
edge-1112992445-11664523806-11801306993,1112992445,node-11664523806,node-11801306993,Paper Mills Road,secondary,7.03,,yes,2,13.1116165,80.2387024,13.111648,80.2386461
edge-1112997172-1701428425-13904341358,1112997172,node-1701428425,node-13904341358,Sir Thyagaraya Road,secondary,324.32,3,yes,11,13.0392158,80.2468293,13.0400058,80.2439487
edge-1112999614-334006924-334006953,1112999614,node-334006924,node-334006953,East Coast Road,primary,301.29,,yes,10,12.966763,80.256917,12.9693963,80.2575687
edge-1113565241-10187875467-30268340,1113565241,node-10187875467,node-30268340,Unnamed Road,primary,24.91,,no,2,13.0694375,80.2059208,13.0692355,80.2058213
edge-1113565242-10187875469-10187875479,1113565242,node-10187875469,node-10187875479,Koyambedu Flyover,primary,895.78,,yes,11,13.0734304,80.2008193,13.0684823,80.2073177
edge-1113565243-10187875479-10187875480,1113565243,node-10187875479,node-10187875480,Koyambedu Flyover,primary,25.1,,yes,3,13.0684823,80.2073177,13.0683921,80.2075299
edge-1113565244-315264058-12159371329,1113565244,node-315264058,node-12159371329,Koyambedu Flyover,primary,24.07,,yes,3,13.0743388,80.1999301,13.0741476,80.2000261
edge-1113565245-10187875481-10187875490,1113565245,node-10187875481,node-10187875490,Koyambedu Flyover,primary,1012.48,,yes,10,13.068443,80.2072054,13.0741257,80.1999313
edge-1113565246-10187875490-10187875492,1113565246,node-10187875490,node-10187875492,Koyambedu Flyover,primary,19.22,,yes,2,13.0741257,80.1999313,13.0741773,80.1997619
edge-1113565247-11066566620-10187875481,1113565247,node-11066566620,node-10187875481,Koyambedu Flyover,primary,16.86,,yes,3,13.0683491,80.2073275,13.068443,80.2072054
edge-1114825836-12624807099-298357621,1114825836,node-12624807099,node-298357621,Dr Ambedkar Road,secondary,14.93,,yes,2,13.0516851,80.2201574,13.0515516,80.220172
edge-1114825837-277435460-12624807099,1114825837,node-277435460,node-12624807099,Dr Ambedkar Road,secondary,64.93,,yes,4,13.0522605,80.2200793,13.0516851,80.2201574
edge-1115128499-9365002393-276518368,1115128499,node-9365002393,node-276518368,Perambur High Road,primary,556.8,,yes,19,13.1066206,80.2486213,13.10494,80.2534095
edge-1115397693-10201011110-10201011121,1115397693,node-10201011110,node-10201011121,Unnamed Road,secondary_link,55.0,,yes,12,13.0813354,80.2709288,13.0811033,80.2713216
edge-1115397694-10201011147-10201011144,1115397694,node-10201011147,node-10201011144,Raja Muthiah Road,secondary,10.79,,yes,2,13.0808678,80.2709372,13.0809633,80.2709194
edge-1115397695-10201011149-5461093584,1115397695,node-10201011149,node-5461093584,General Hospital Road,primary,15.91,,yes,4,13.0810014,80.2709854,13.0810532,80.271122
edge-1115851586-342790262-342790469,1115851586,node-342790262,node-342790469,Arcot Road,primary,253.43,,yes,7,13.0378187,80.1619081,13.0374719,80.1595973
edge-1115919834-3820325545-3820326065,1115919834,node-3820325545,node-3820326065,Grand Northern Trunk Road,trunk,959.2,,yes,27,13.1391085,80.227476,13.1440983,80.2202958
edge-1115994190-6771724332-7802715950,1115994190,node-6771724332,node-7802715950,Rajiv Gandhi Salai,primary,623.46,3,yes,11,12.9579758,80.2440923,12.9630989,80.2464205
edge-1116156482-10208687993-11043964126,1116156482,node-10208687993,node-11043964126,Unnamed Road,primary,1061.89,,yes,14,13.0987054,80.161961,13.0891719,80.1613959
edge-1116156485-7045917743-14144150387,1116156485,node-7045917743,node-14144150387,Unnamed Road,primary,980.92,,yes,17,13.1102619,80.1636476,13.1015881,80.1621335
edge-1116156486-14128325464-9929183739,1116156486,node-14128325464,node-9929183739,Unnamed Road,primary,983.63,,yes,24,13.1015814,80.1620196,13.1102738,80.1635603
edge-1116237670-10209295458-10209295457,1116237670,node-10209295458,node-10209295457,Unnamed Road,primary_link,23.55,,yes,3,13.087728,80.1986829,13.0877345,80.1984656
edge-1116254849-11936667486-10209470317,1116254849,node-11936667486,node-10209470317,Pulianthope Nedunchalai,secondary,156.44,2,no,6,13.09813,80.2683239,13.0984763,80.2669276
edge-1116254850-10209470317-10209470316,1116254850,node-10209470317,node-10209470316,Pulianthope Nedunchalai,secondary,8.74,2,no,2,13.0984763,80.2669276,13.0984972,80.2668498
edge-1116463758-7170102957-7170102950,1116463758,node-7170102957,node-7170102950,East Coast Road,primary,489.71,2,yes,23,12.8879243,80.245538,12.883584,80.2452907
edge-1116475728-257439198-257439279,1116475728,node-257439198,node-257439279,Kalki Krishnamurty Road,secondary,95.13,,no,2,12.9827366,80.2546692,12.9835678,80.2548769
edge-1116475729-12901601245-12003228032,1116475729,node-12901601245,node-12003228032,Kalki Krishnamurty Road,secondary,117.37,,yes,3,12.9863404,80.2555276,12.987381,80.2557094
edge-1116475730-13542454650-310535945,1116475730,node-13542454650,node-310535945,Kalki Krishnamurty Road,secondary,130.3,,yes,3,12.9874821,80.2558414,12.9863313,80.2556161
edge-1116859639-8429442647-8429442642,1116859639,node-8429442647,node-8429442642,Chennai - Ennore Road,primary,624.07,,yes,8,13.1540307,80.3004842,13.1593963,80.3021622
edge-1117074527-2197640097-2197640142,1117074527,node-2197640097,node-2197640142,Gandhi Irwin Road,secondary,255.08,,yes,9,13.0774102,80.2610651,13.0782162,80.2632549
edge-1117074528-248467911-10216513517,1117074528,node-248467911,node-10216513517,Gandhi Irwin Road,secondary,137.97,,yes,5,13.0777391,80.2623028,13.0773407,80.2611036
edge-1117074529-10216513517-2197640052,1117074529,node-10216513517,node-2197640052,Gandhi Irwin Road,secondary,152.68,,yes,5,13.0773407,80.2611036,13.0764883,80.2600535
edge-1117738903-10175146511-10175165818,1117738903,node-10175146511,node-10175165818,Bazaar Road,secondary,95.57,,yes,8,12.9653985,80.2012926,12.9658721,80.2018479
edge-1117975326-10175146509-10175146511,1117975326,node-10175146509,node-10175146511,Bazaar Road,secondary,83.64,,yes,3,12.9655186,80.2005331,12.9653985,80.2012926
edge-1118027451-282747380-6245826172,1118027451,node-282747380,node-6245826172,Mount - Poonamallee - Avadi Road,primary,517.16,,yes,8,13.0285715,80.1703382,13.0262609,80.1744807
edge-1118301188-12478019974-243049875,1118301188,node-12478019974,node-243049875,Greams Road,secondary,463.6,,yes,11,13.0668378,80.2542901,13.0630376,80.2544295
edge-1118335020-276746153-2246483695,1118335020,node-276746153,node-2246483695,Unnamed Road,primary,70.83,,yes,5,13.1320551,80.1698905,13.1320547,80.1692364
edge-1118335021-7025092841-10228235154,1118335021,node-7025092841,node-10228235154,Unnamed Road,primary,216.35,,yes,9,13.1321445,80.1692411,13.1321853,80.1712383
edge-1118335022-10228235155-12112457471,1118335022,node-10228235155,node-12112457471,Unnamed Road,primary,617.28,3,yes,17,13.132217,80.171767,13.1356688,80.1758648
edge-1118335023-10228235174-10228235173,1118335023,node-10228235174,node-10228235173,Unnamed Road,primary,44.07,,yes,2,13.1370325,80.1770626,13.1373481,80.1773088
edge-1118335024-10228235170-10228235174,1118335024,node-10228235170,node-10228235174,Unnamed Road,primary,26.77,,yes,3,13.1368501,80.1769012,13.1370325,80.1770626
edge-1118335025-10228235173-12108250286,1118335025,node-10228235173,node-12108250286,Unnamed Road,primary,2190.41,2,yes,43,13.1373481,80.1773088,13.1502019,80.1907007
edge-1118335026-10228247533-9580877951,1118335026,node-10228247533,node-9580877951,Unnamed Road,primary,70.89,,yes,2,13.15841,80.2022846,13.158354,80.2029368
edge-1119574678-9902231107-978534827,1119574678,node-9902231107,node-978534827,Inner Ring Road (Southern Sector),primary,22.51,,yes,2,12.9778938,80.2043167,12.9780086,80.2041456
edge-1119783276-2271478323-2271477987,1119783276,node-2271478323,node-2271477987,Wall Tax Road,trunk,536.01,,yes,13,13.0866209,80.2757841,13.0819213,80.2764993
edge-1122275983-281998089-321199835,1122275983,node-281998089,node-321199835,Chennai - Ennore Road,primary,932.11,,yes,17,13.1579902,80.3018397,13.150039,80.2991899
edge-1122275984-281998089-8429442644,1122275984,node-281998089,node-8429442644,Ennore High Road,secondary,13.69,,no,2,13.1579902,80.3018397,13.1580328,80.3017211
edge-1122275985-8429442642-373169796,1122275985,node-8429442642,node-373169796,Chennai - Ennore Road,primary,329.65,,yes,5,13.1593963,80.3021622,13.1622266,80.3030498
edge-1122574994-1945613057-9798617644,1122574994,node-1945613057,node-9798617644,Rajiv Gandhi Salai,primary,2717.37,2,yes,41,12.9009007,80.2279903,12.87656,80.2270065
edge-1122574996-11939525837-10266957928,1122574996,node-11939525837,node-10266957928,Unnamed Road,primary_link,66.25,,no,4,13.0986839,80.1962728,13.098885,80.1957186
edge-1122574997-10266957930-10266957937,1122574997,node-10266957930,node-10266957937,Unnamed Road,primary_link,248.6,,no,9,13.0998639,80.1946699,13.1018258,80.193693
edge-1122574998-10266957929-10266957930,1122574998,node-10266957929,node-10266957930,Unnamed Road,primary_link,77.34,,no,3,13.0993274,80.1951223,13.0998639,80.1946699
edge-1122574999-10266957928-10266957929,1122574999,node-10266957928,node-10266957929,Unnamed Road,primary_link,81.34,,no,3,13.098885,80.1957186,13.0993274,80.1951223
edge-1123062601-10107394336-10107367580,1123062601,node-10107394336,node-10107367580,Tambaram Eastern Bypass Road,primary,912.32,,yes,25,12.8931701,80.1219637,12.8955587,80.1139235
edge-1123278059-6305487163-8528955102,1123278059,node-6305487163,node-8528955102,Nagerkoyil Sudalaimuthu Krishnan (NSK) Salai,primary,58.52,,yes,3,13.0500085,80.2129151,13.0500979,80.2134474
edge-1123373655-6758966405-2168881973,1123373655,node-6758966405,node-2168881973,New Avadi Road,primary,403.48,,yes,4,13.1003211,80.2099523,13.1018199,80.2065595
edge-1123532964-12718165324-360844460,1123532964,node-12718165324,node-360844460,Mc Nichols Road,primary,66.56,,yes,2,13.0691593,80.2424374,13.0685904,80.2426286
edge-1123838324-12701705712-10277606414,1123838324,node-12701705712,node-10277606414,Unnamed Road,secondary_link,63.66,,yes,6,13.0216876,80.1834525,13.0211422,80.1835935
edge-1123838330-10277606441-13794389905,1123838330,node-10277606441,node-13794389905,Unnamed Road,primary,123.15,2,yes,4,13.0331227,80.211898,13.0320443,80.2116767
edge-1123856591-10277778750-11292812957,1123856591,node-10277778750,node-11292812957,Basin Bridge Road,secondary,57.75,,yes,3,13.0945124,80.2685475,13.0940109,80.2684607
edge-1123856592-9864935741-10277778753,1123856592,node-9864935741,node-10277778753,Outer Ring Road,motorway,271.58,3,yes,4,13.1787573,80.1354227,13.1783261,80.1378916
edge-1123856593-10277778753-10277778752,1123856593,node-10277778753,node-10277778752,Outer Ring Road,motorway,13.67,3,yes,2,13.1783261,80.1378916,13.1783076,80.1380164
edge-1123865317-10277860575-10277860580,1123865317,node-10277860575,node-10277860580,Unnamed Road,secondary_link,28.76,,yes,7,13.0503186,80.2802546,13.0505492,80.2802973
edge-1123865324-262628599-254122210,1123865324,node-262628599,node-254122210,Unnamed Road,primary,39.99,,yes,2,13.1026852,80.2906337,13.1030404,80.2906918
edge-1124055503-243051152-6816790397,1124055503,node-243051152,node-6816790397,Rajiv Gandhi Salai,primary,13.66,3,yes,3,13.0067719,80.2473989,13.0066491,80.2473998
edge-1124055504-6816790401-6816790397,1124055504,node-6816790401,node-6816790397,Sardar Patel Road,primary,28.42,,yes,2,13.0066597,80.2476619,13.0066491,80.2473998
edge-1124055508-30268466-1183401857,1124055508,node-30268466,node-1183401857,Sardar Patel Road,primary,22.41,2,yes,2,13.0067745,80.2476214,13.0067698,80.2478282
edge-1124060292-11044623282-10279425255,1124060292,node-11044623282,node-10279425255,Chozhambedu Main Road,secondary,196.28,,yes,10,13.1181512,80.149,13.1181362,80.1472856
edge-1124060293-10279425256-276744464,1124060293,node-10279425256,node-276744464,Chozhambedu Main Road,secondary,267.87,,yes,7,13.1181938,80.1472577,13.1179476,80.1495675
edge-1124060295-276744466-10279425257,1124060295,node-276744466,node-10279425257,Chozhambedu Main Road,secondary,125.77,,no,7,13.1181502,80.1472146,13.1181425,80.1460653
edge-1124060296-10279425257-10279425236,1124060296,node-10279425257,node-10279425236,Unnamed Road,secondary,115.31,,yes,4,13.1181425,80.1460653,13.1184735,80.1450933
edge-1124060297-10279425236-10279425257,1124060297,node-10279425236,node-10279425257,Chozhambedu Main Road,secondary,112.91,,yes,4,13.1184735,80.1450933,13.1181425,80.1460653
edge-1124066075-290638917-10279513748,1124066075,node-290638917,node-10279513748,Unnamed Road,secondary,222.58,2,yes,12,13.1086752,80.2262617,13.1088149,80.2243069
edge-1124066076-10279513755-257937788,1124066076,node-10279513755,node-257937788,Unnamed Road,secondary,142.46,2,yes,4,13.1073662,80.2244006,13.1064344,80.2252926
edge-1124066077-10279513762-10279513752,1124066077,node-10279513762,node-10279513752,Unnamed Road,secondary,10.51,2,yes,2,13.107783,80.2241714,13.1076888,80.224164
edge-1124066078-10279513763-10279513762,1124066078,node-10279513763,node-10279513762,Unnamed Road,secondary,8.7,2,yes,2,13.107861,80.2241775,13.107783,80.2241714
edge-1124066079-10279513764-10279513763,1124066079,node-10279513764,node-10279513763,Unnamed Road,secondary,34.34,2,yes,4,13.1081683,80.2242074,13.107861,80.2241775
edge-1124066080-10279513765-10279513764,1124066080,node-10279513765,node-10279513764,Unnamed Road,secondary,9.0,2,no,2,13.1082485,80.2242188,13.1081683,80.2242074
edge-1124066081-10279513766-10279513765,1124066081,node-10279513766,node-10279513765,Unnamed Road,secondary,6.19,2,no,2,13.1083036,80.2242267,13.1082485,80.2242188
edge-1124066082-10279513748-10279513766,1124066082,node-10279513748,node-10279513766,Unnamed Road,secondary,57.62,2,yes,4,13.1088149,80.2243069,13.1083036,80.2242267
edge-1124066083-10279513752-10279513755,1124066083,node-10279513752,node-10279513755,Unnamed Road,secondary,45.32,2,yes,4,13.1076888,80.224164,13.1073662,80.2244006
edge-1124066084-290638917-311334155,1124066084,node-290638917,node-311334155,Unnamed Road,secondary,26.37,,no,3,13.1086752,80.2262617,13.108668,80.2265047
edge-1124074228-10279561297-10279561303,1124074228,node-10279561297,node-10279561303,Unnamed Road,secondary,129.39,,yes,7,13.1244059,80.2485306,13.1255092,80.248896
edge-1124074229-10279561303-12167422544,1124074229,node-10279561303,node-12167422544,Ethiraj Samy Salai,secondary,129.64,,yes,6,13.1255092,80.248896,13.1243854,80.2486012
edge-1124074230-12167422548-10279561297,1124074230,node-12167422548,node-10279561297,Ethiraj Samy Salai,secondary,71.64,,yes,3,13.1237858,80.2483674,13.1244059,80.2485306
edge-1124091721-289200583-247436745,1124091721,node-289200583,node-247436745,Unnamed Road,secondary,257.91,,yes,9,13.1212712,80.286505,13.1233183,80.2875793
edge-1124091722-247436745-13748226577,1124091722,node-247436745,node-13748226577,Thiruvottriyur High Road,secondary,583.67,,no,13,13.1233183,80.2875793,13.1277269,80.2902789
edge-1124091723-247436745-289200583,1124091723,node-247436745,node-289200583,Thiruvottriyur High Road,secondary,256.37,,yes,9,13.1233183,80.2875793,13.1212712,80.286505
edge-1124091727-2172955473-7829020741,1124091727,node-2172955473,node-7829020741,Enmore High Road,secondary,162.05,,no,9,13.117959,80.2762361,13.1193873,80.2765201
edge-1124091729-288379139-247436733,1124091729,node-288379139,node-247436733,Cochrane Basin Road,secondary,309.02,,no,9,13.1137668,80.275098,13.1164185,80.2759285
edge-1124139269-12741357185-13966900343,1124139269,node-12741357185,node-13966900343,Water Works Road,secondary,339.81,,yes,8,13.0129329,80.2073978,13.0136521,80.2043658
edge-1124139270-10280133247-10280133247,1124139270,node-10280133247,node-10280133247,Unnamed Road,secondary,53.01,,yes,22,13.0131716,80.2098294,13.0131716,80.2098294
edge-1124139272-9514202793-12818521164,1124139272,node-9514202793,node-12818521164,Water Works Road,secondary,129.9,,yes,7,13.0129873,80.2075173,13.0129293,80.2087065
edge-1124343609-10281683489-3350192367,1124343609,node-10281683489,node-3350192367,Unnamed Road,secondary,273.36,,yes,8,12.9850484,80.2522508,12.9826471,80.2527501
edge-1124343612-10281689715-10281683507,1124343612,node-10281689715,node-10281683507,Unnamed Road,secondary,285.38,,yes,11,12.9645643,80.2113062,12.9649219,80.2087041
edge-1124343613-10175165824-10281683502,1124343613,node-10175165824,node-10281683502,Bazaar Road,secondary,99.53,2,yes,7,12.9653374,80.2062619,12.9652682,80.2071714
edge-1124343614-338238785-10281689715,1124343614,node-338238785,node-10281689715,Bazaar Main Road,secondary,259.58,2,yes,6,12.9649525,80.2089611,12.9645643,80.2113062
edge-1124347072-10281695761-10281695769,1124347072,node-10281695761,node-10281695769,Besant Avenue Road,secondary,193.39,,no,7,13.0021362,80.2679926,13.0006532,80.2670611
edge-1124347073-10281695761-257430090,1124347073,node-10281695761,node-257430090,Unnamed Road,secondary,189.93,,yes,5,13.0021362,80.2679926,13.0035774,80.2688769
edge-1124347074-257430045-10281695769,1124347074,node-257430045,node-10281695769,Unnamed Road,secondary,51.04,,yes,3,13.0003144,80.2667645,13.0006532,80.2670611
edge-1124347075-10281695769-299808129,1124347075,node-10281695769,node-299808129,Besant Avenue Road,secondary,51.61,,yes,3,13.0006532,80.2670611,13.0002373,80.2668722
edge-1124347076-10281695771-10281695780,1124347076,node-10281695771,node-10281695780,Unnamed Road,secondary,68.44,,yes,4,12.99952,80.2670076,13.0000855,80.2667776
edge-1124347077-299808129-10281695775,1124347077,node-299808129,node-10281695775,Unnamed Road,secondary,23.73,,yes,4,13.0002373,80.2668722,13.0000255,80.2668833
edge-1124347079-10281695780-257430045,1124347079,node-10281695780,node-257430045,Unnamed Road,secondary,25.65,,yes,4,13.0000855,80.2667776,13.0003144,80.2667645
edge-1124347080-10281695775-10281695771,1124347080,node-10281695775,node-10281695771,2nd Avenue,secondary,58.59,,yes,3,13.0000255,80.2668833,12.99952,80.2670076
edge-1124347081-257430090-10281695761,1124347081,node-257430090,node-10281695761,Besant Avenue Road,secondary,189.66,,yes,5,13.0035774,80.2688769,13.0021362,80.2679926
edge-1124347083-10281695793-10281695784,1124347083,node-10281695793,node-10281695784,Besant Avenue Road,secondary,119.08,,yes,9,13.0068053,80.2701478,13.0059873,80.2703378
edge-1124347087-256606644-10281719123,1124347087,node-256606644,node-10281719123,Rajamannar Salai,secondary,934.87,,yes,21,13.0444032,80.1937612,13.0431955,80.2022927
edge-1124347088-12632797443-11144516746,1124347088,node-12632797443,node-11144516746,Rajamannar Salai,secondary,20.11,,yes,2,13.0429988,80.2036223,13.0429631,80.2038043
edge-1124351844-12480043209-10281746078,1124351844,node-12480043209,node-10281746078,Unnamed Road,secondary,36.95,,yes,4,13.0739971,80.2525416,13.0741664,80.2527975
edge-1124351845-248467808-4462321220,1124351845,node-248467808,node-4462321220,Unnamed Road,secondary,13.91,,no,2,13.0739651,80.252516,13.0738837,80.2524185
edge-1124365933-10281826355-10281826356,1124365933,node-10281826355,node-10281826356,Unnamed Road,primary_link,20.08,,no,2,12.9746786,80.2203347,12.9746256,80.2205119
edge-1124378419-9637496694-11292801142,1124378419,node-9637496694,node-11292801142,Konnur High Road,primary,421.24,,yes,18,13.0972607,80.2477063,13.0985966,80.2511085
edge-1124787974-10285915462-10285915466,1124787974,node-10285915462,node-10285915466,Unnamed Road,primary_link,97.89,1,yes,5,12.9490507,80.2103836,12.9485722,80.2108353
edge-1124787975-10285915467-10285915468,1124787975,node-10285915467,node-10285915468,Unnamed Road,primary_link,23.99,1,yes,2,12.948563,80.2110311,12.948518,80.2112476
edge-1124787976-10285915466-10285915467,1124787976,node-10285915466,node-10285915467,Unnamed Road,primary_link,21.24,1,yes,2,12.9485722,80.2108353,12.948563,80.2110311
edge-1124787977-964671661-10285915471,1124787977,node-964671661,node-10285915471,Velachery Main Road Flyover,primary,35.32,3,yes,2,12.9459535,80.2089409,12.9462538,80.209047
edge-1124787978-10285915472-964671689,1124787978,node-10285915472,node-964671689,Velachery Main Road Flyover,primary,35.98,3,yes,2,12.9462318,80.2091587,12.9459296,80.2090401
edge-1124787979-10285915473-964671664,1124787979,node-10285915473,node-964671664,Velachery Main Road Flyover,primary,13.89,3,yes,2,12.9511254,80.2109662,12.9512503,80.2109684
edge-1124787980-964671655-10285915474,1124787980,node-964671655,node-10285915474,Velachery Main Road Flyover,primary,17.7,3,yes,2,12.9511973,80.2111883,12.9510791,80.2110789
edge-1124787983-978589618-10285915490,1124787983,node-978589618,node-10285915490,Pallavaram - Thoraipakkam Road,primary,44.62,,yes,4,12.9485064,80.211033,12.9485287,80.2114441
edge-1124787984-10285915490-10285915491,1124787984,node-10285915490,node-10285915491,Pallavaram - Thoraipakkam Road,primary,12.66,,yes,2,12.9485287,80.2114441,12.9485298,80.2115609
edge-1124787985-10285915492-978589409,1124787985,node-10285915492,node-978589409,Pallavaram - Thoraipakkam Road,primary,44.11,,yes,3,12.9483864,80.2114469,12.9483989,80.2110401
edge-1124787986-10285915493-10285915492,1124787986,node-10285915493,node-10285915492,Pallavaram - Thoraipakkam Road,primary,12.51,,yes,2,12.9483871,80.2115623,12.9483864,80.2114469
edge-1124787990-978588812-10285915501,1124787990,node-978588812,node-10285915501,Pallavaram - Thoraipakkam Road,primary,69.67,,yes,2,12.9487266,80.21467,12.9487929,80.2153093
edge-1124787991-10285915501-10285915502,1124787991,node-10285915501,node-10285915502,Pallavaram - Thoraipakkam Road,primary,11.63,,yes,2,12.9487929,80.2153093,12.9488041,80.215416
edge-1124787992-10285915503-978588678,1124787992,node-10285915503,node-978588678,Pallavaram - Thoraipakkam Road,primary,69.87,,yes,2,12.9487047,80.2153186,12.948642,80.2146771
edge-1124787993-10285915504-10285915503,1124787993,node-10285915504,node-10285915503,Pallavaram - Thoraipakkam Road,primary,12.0,,yes,2,12.9487162,80.2154287,12.9487047,80.2153186
edge-1124787994-10285915502-10285915505,1124787994,node-10285915502,node-10285915505,Pallavaram - Thoraipakkam Road,primary,118.35,,yes,2,12.9488041,80.215416,12.9489158,80.2165021
edge-1124787995-10285915505-10285915506,1124787995,node-10285915505,node-10285915506,Pallavaram - Thoraipakkam Road,primary,9.4,,yes,2,12.9489158,80.2165021,12.9489262,80.2165882
edge-1124787996-10285915507-10285915504,1124787996,node-10285915507,node-10285915504,Pallavaram - Thoraipakkam Road,primary,117.69,,yes,2,12.9488211,80.2165094,12.9487162,80.2154287
edge-1124787997-10285915508-10285915507,1124787997,node-10285915508,node-10285915507,Pallavaram - Thoraipakkam Road,primary,10.02,,yes,2,12.9488301,80.2166014,12.9488211,80.2165094
edge-1124787998-10285915510-7812228089,1124787998,node-10285915510,node-7812228089,Pallavaram - Thoraipakkam Road,primary,31.87,,yes,2,12.9490195,80.2175123,12.9490504,80.2178047
edge-1124787999-10285915509-10285915510,1124787999,node-10285915509,node-10285915510,Pallavaram - Thoraipakkam Road,primary,10.93,,yes,2,12.9490094,80.217412,12.9490195,80.2175123
edge-1124788000-7812228088-10285915512,1124788000,node-7812228088,node-10285915512,Pallavaram - Thoraipakkam Road,primary,31.38,,yes,2,12.9489485,80.2178121,12.9489205,80.217524
edge-1124788001-10285915512-10285915511,1124788001,node-10285915512,node-10285915511,Pallavaram - Thoraipakkam Road,primary,11.13,,yes,2,12.9489205,80.217524,12.9489103,80.2174218
edge-1124788002-7812228086-10285915513,1124788002,node-7812228086,node-10285915513,Pallavaram - Thoraipakkam Road,primary,90.38,,yes,3,12.9490675,80.2179643,12.9491517,80.2187938
edge-1124788003-10285915513-10285915514,1124788003,node-10285915513,node-10285915514,Pallavaram - Thoraipakkam Road,primary,10.05,,yes,2,12.9491517,80.2187938,12.9491614,80.218886
edge-1124788004-10285915516-7812228087,1124788004,node-10285915516,node-7812228087,Pallavaram - Thoraipakkam Road,primary,89.95,,yes,3,12.9490438,80.2188034,12.9489668,80.2179771
edge-1124788005-10285915515-10285915516,1124788005,node-10285915515,node-10285915516,Pallavaram - Thoraipakkam Road,primary,10.16,,yes,2,12.9490538,80.2188966,12.9490438,80.2188034
edge-1124788006-978588937-10285915518,1124788006,node-978588937,node-10285915518,Pallavaram - Thoraipakkam Road,primary,93.83,,yes,3,12.9492908,80.2211382,12.9491871,80.2202789
edge-1124788007-10285915518-10285915517,1124788007,node-10285915518,node-10285915517,Pallavaram - Thoraipakkam Road,primary,12.5,,yes,2,12.9491871,80.2202789,12.949178,80.2201639
edge-1124788008-10285915519-978589084,1124788008,node-10285915519,node-978589084,Pallavaram - Thoraipakkam Road,primary,93.6,,yes,3,12.9492997,80.2202682,12.9493893,80.221127
edge-1124788009-10285915520-10285915519,1124788009,node-10285915520,node-10285915519,Pallavaram - Thoraipakkam Road,primary,12.58,,yes,2,12.9492867,80.2201529,12.9492997,80.2202682
edge-1124788010-10285915527-10285915522,1124788010,node-10285915527,node-10285915522,Pallavaram - Thoraipakkam Road,primary,44.25,,yes,3,12.9494166,80.2229712,12.9493892,80.2225638
edge-1124788011-10285915522-10285915521,1124788011,node-10285915522,node-10285915521,Pallavaram - Thoraipakkam Road,primary,19.19,,yes,2,12.9493892,80.2225638,12.9493795,80.222387
edge-1124788012-10285915524-10285915525,1124788012,node-10285915524,node-10285915525,Pallavaram - Thoraipakkam Road,primary,45.02,,yes,3,12.9494824,80.2225506,12.949508,80.2229652
edge-1124788013-10285915523-10285915524,1124788013,node-10285915523,node-10285915524,Pallavaram - Thoraipakkam Road,primary,18.64,,yes,2,12.9494726,80.2223789,12.9494824,80.2225506
edge-1124788014-10285915526-7805766920,1124788014,node-10285915526,node-7805766920,Pallavaram - Thoraipakkam Road,primary,27.11,,yes,2,12.9495131,80.2230488,12.9495281,80.2232985
edge-1124788015-10285915525-10285915526,1124788015,node-10285915525,node-10285915526,Pallavaram - Thoraipakkam Road,primary,9.08,,yes,2,12.949508,80.2229652,12.9495131,80.2230488
edge-1124788016-7805766918-10285915528,1124788016,node-7805766918,node-10285915528,Pallavaram - Thoraipakkam Road,primary,26.34,,yes,2,12.9494393,80.2233079,12.9494229,80.2230654
edge-1124788017-10285915528-10285915527,1124788017,node-10285915528,node-10285915527,Pallavaram - Thoraipakkam Road,primary,10.23,,yes,2,12.9494229,80.2230654,12.9494166,80.2229712
edge-1124788042-964603708-12887410825,1124788042,node-964603708,node-12887410825,Semmozhi Salai,primary,534.59,2,yes,6,12.9011603,80.2229656,12.9010074,80.2278943
edge-1124788043-10285915623-10285915626,1124788043,node-10285915623,node-10285915626,Semmozhi Salai,primary,22.84,2,yes,2,12.9035176,80.2129377,12.9034408,80.2131331
edge-1124788044-10285915625-10285915624,1124788044,node-10285915625,node-10285915624,Semmozhi Salai,primary,20.35,2,yes,2,12.9033782,80.2130886,12.9034462,80.2129143
edge-1124788045-6807185976-10285915632,1124788045,node-6807185976,node-10285915632,Unnamed Road,primary_link,32.78,,yes,2,12.9169683,80.1933772,12.9172612,80.1934112
edge-1124978115-10281746078-12480043209,1124978115,node-10281746078,node-12480043209,Egmore High Road,secondary,35.48,,yes,5,13.0741664,80.2527975,13.0739971,80.2525416
edge-1125360268-7027588129-12624807100,1125360268,node-7027588129,node-12624807100,Dr Ambedkar Road,secondary,199.67,,yes,6,13.0497952,80.219609,13.0515298,80.2200856
edge-1125360269-298357621-298357900,1125360269,node-298357621,node-298357900,Dr Ambedkar Road,secondary,203.17,,yes,6,13.0515516,80.220172,13.0497936,80.2196641
edge-1125360272-277499739-300218831,1125360272,node-277499739,node-300218831,Arcot Road,primary,726.19,1,yes,28,13.0475005,80.1958714,13.0476901,80.2025211
edge-1125364116-7822087537-10316068285,1125364116,node-7822087537,node-10316068285,Unnamed Road,secondary,135.33,2,yes,6,13.1333697,80.1916773,13.1322309,80.1921153
edge-1125364117-10291002200-5624500627,1125364117,node-10291002200,node-5624500627,Water Canal Road,secondary,132.21,2,yes,5,13.1322209,80.1920524,13.1333306,80.1916146
edge-1125364123-6305101491-3890421569,1125364123,node-6305101491,node-3890421569,Water Canal Road,secondary,477.84,2,yes,7,13.1200499,80.1991345,13.1234657,80.1964577
edge-1125364124-10316068282-10316068276,1125364124,node-10316068282,node-10316068276,Water canal road,secondary,575.95,2,yes,13,13.128963,80.1934619,13.1243704,80.1958586
edge-1125364126-340003313-340003311,1125364126,node-340003313,node-340003311,Jawaharlal Nehru Road (100 Feet Road),primary,212.37,,yes,4,13.0949247,80.1987367,13.0930149,80.1987468
edge-1125570656-10901554489-11041776900,1125570656,node-10901554489,node-11041776900,New Avadi Road,secondary,1500.3,,yes,19,13.0985641,80.2139826,13.0926348,80.2262322
edge-1125570657-10292799694-618647392,1125570657,node-10292799694,node-618647392,Unnamed Road,secondary,12.93,,yes,2,13.0965259,80.219221,13.0964167,80.2191799
edge-1126944955-10208687999-10208687998,1126944955,node-10208687999,node-10208687998,Unnamed Road,primary,10.59,2,yes,2,13.1015018,80.1621255,13.1014071,80.1621152
edge-1127754259-257430051-10310854925,1127754259,node-257430051,node-10310854925,Mahatma Gandhi Road,secondary,87.62,,yes,4,12.9968487,80.256614,12.9968561,80.2558123
edge-1127754261-10310854925-257430022,1127754261,node-10310854925,node-257430022,Dr. Muthulakshmi Road,secondary,7.95,,yes,2,12.9968561,80.2558123,12.9969275,80.2558089
edge-1127754266-10310854936-10310854934,1127754266,node-10310854936,node-10310854934,Unnamed Road,secondary_link,23.6,,yes,3,12.9967052,80.2558262,12.9968447,80.2556621
edge-1128370664-10316068286-10316068287,1128370664,node-10316068286,node-10316068287,Unnamed Road,secondary_link,7.27,,no,2,13.1263023,80.1945831,13.1263216,80.1946472
edge-1128370665-3890421569-7822757833,1128370665,node-3890421569,node-7822757833,Water Canal Road,secondary,442.1,2,yes,12,13.1234657,80.1964577,13.1268315,80.1943347
edge-1128370668-7822757833-5846903249,1128370668,node-7822757833,node-5846903249,Water Canal Road,secondary,11.29,2,yes,2,13.1268315,80.1943347,13.1269281,80.1943025
edge-1130557266-10536304419-10536304465,1130557266,node-10536304419,node-10536304465,Unnamed Road,primary_link,105.86,,yes,14,13.0746645,80.285258,13.0744205,80.2861064
edge-1130557271-10536336559-10536336569,1130557271,node-10536336559,node-10536336569,Unnamed Road,primary_link,86.86,,yes,12,13.0731215,80.2858464,13.0732987,80.2852697
edge-1130563572-10536397446-1986577994,1130563572,node-10536397446,node-1986577994,Whites Road,secondary,92.64,,no,3,13.0578594,80.2635995,13.0577758,80.2627486
edge-1131429188-1457503511-12156990400,1131429188,node-1457503511,node-12156990400,Unnamed Road,primary_link,12.08,,no,2,12.9783717,80.2252635,12.9784681,80.225212
edge-1131523874-10548394415-10548394416,1131523874,node-10548394415,node-10548394416,Unnamed Road,primary_link,8.69,,no,2,12.9075636,80.2019209,12.9074861,80.2019103
edge-1132630374-257937788-311334067,1132630374,node-257937788,node-311334067,Unnamed Road,secondary,133.97,2,yes,5,13.1064344,80.2252926,13.1072632,80.2244021
edge-1132671555-12129327900-308313676,1132671555,node-12129327900,node-308313676,Inner Ring Road,primary,406.04,,yes,7,13.0212029,80.2064785,13.0176509,80.205848
edge-1132671556-364873690-308313811,1132671556,node-364873690,node-308313811,Inner Ring Road,primary,18.16,,yes,2,13.0217923,80.2064911,13.021629,80.2064889
edge-1132671558-30038751-30038749,1132671558,node-30038751,node-30038749,Inner Ring Road,primary,389.18,,yes,14,13.0222375,80.2063264,13.0256568,80.2070696
edge-1133120918-1391029175-7822510374,1133120918,node-1391029175,node-7822510374,Chennai - Tiruttani - Renigunta Road,primary,1546.2,2,yes,37,13.1222192,80.1472379,13.1304851,80.136236
edge-1135514036-10584841099-10584841099,1135514036,node-10584841099,node-10584841099,Anna Nagar Roundabout,secondary,112.19,2,no,29,13.084539,80.2180859,13.084539,80.2180859
edge-1135514038-10584841104-343170931,1135514038,node-10584841104,node-343170931,Anna Nagar 2nd Avenue,secondary,307.34,2,yes,7,13.0847503,80.2180996,13.0845946,80.2209262
edge-1136378765-12679506042-256124360,1136378765,node-12679506042,node-256124360,Unnamed Road,primary_link,85.5,,yes,9,13.0067924,80.20248,13.0073801,80.2020426
edge-1136378766-11738746847-12679506042,1136378766,node-11738746847,node-12679506042,Unnamed Road,primary_link,153.12,,yes,20,13.0058638,80.2017515,13.0067924,80.20248
edge-1136378767-10593460428-13881422951,1136378767,node-10593460428,node-13881422951,Unnamed Road,primary_link,68.8,,yes,10,13.0057889,80.2026665,13.0063435,80.2024714
edge-1136378768-13881422951-10593460431,1136378768,node-13881422951,node-10593460431,Unnamed Road,primary_link,64.84,,yes,3,13.0063435,80.2024714,13.0059014,80.2028183
edge-1136653601-2185139167-3878466356,1136653601,node-2185139167,node-3878466356,Tambaram Eastern Bypass Road,primary,542.96,3,yes,12,12.8957484,80.1415013,12.8908963,80.1409425
edge-1136653609-10595823457-10595823458,1136653609,node-10595823457,node-10595823458,Unnamed Road,primary_link,10.47,,no,2,12.9024978,80.14208,12.9024885,80.1421761
edge-1136717250-2197215502-10596342783,1136717250,node-2197215502,node-10596342783,Unnamed Road,secondary,12.12,,yes,4,13.0351877,80.2302661,13.0351698,80.2303714
edge-1136937248-248700658-247680992,1136937248,node-248700658,node-247680992,Burkit Road,secondary,38.83,,no,2,13.0346618,80.2331176,13.0346157,80.2334729
edge-1137326850-249797441-9181564358,1137326850,node-249797441,node-9181564358,CP Ramaswamy Road,secondary,28.38,,yes,3,13.0333235,80.256884,13.0330694,80.2568593
edge-1137586757-9572798771-10604028596,1137586757,node-9572798771,node-10604028596,Muthuswamy Road,primary,21.02,,yes,2,13.0790646,80.2819163,13.0792026,80.2817836
edge-1137586758-10604028601-5939197622,1137586758,node-10604028601,node-5939197622,Muthuswamy Road,primary,24.08,,yes,2,13.0792711,80.2818635,13.0791132,80.2820156
edge-1137982398-277439021-1184293236,1137982398,node-277439021,node-1184293236,Jawaharlal Nehru Road (100 Feet Road),primary,247.12,,yes,7,13.0588383,80.211426,13.0610582,80.2115342
edge-1137982400-9189473059-277439021,1137982400,node-9189473059,node-277439021,Jawaharlal Nehru Road (100 Feet Road),primary,57.07,,yes,2,13.0583251,80.2114344,13.0588383,80.211426
edge-1138247769-10610397495-10610397496,1138247769,node-10610397495,node-10610397496,Unnamed Road,secondary_link,7.42,,no,2,12.9945522,80.2559017,12.9945587,80.2559699
edge-1138637509-2116367809-2116367805,1138637509,node-2116367809,node-2116367805,Mount - Medavakkam Road,primary,41.17,,no,4,12.9855374,80.1972031,12.9859038,80.1972377
edge-1141930850-1391029430-10636146276,1141930850,node-1391029430,node-10636146276,MKB Nagar West Avenue,secondary,69.13,,no,3,13.1263115,80.2591202,13.1256925,80.2591799
edge-1141930851-290017389-1391029455,1141930851,node-290017389,node-1391029455,Meenambal Road,secondary,52.17,,no,3,13.1272383,80.2590683,13.1267697,80.2590925
edge-1141930852-30051696-249798463,1141930852,node-30051696,node-249798463,Kavingar Barathidasan Road,secondary,93.54,,yes,2,13.0350631,80.254416,13.0351525,80.2535574
edge-1142163976-9573106984-3820326078,1142163976,node-9573106984,node-3820326078,Grand Northern Trunk Road,trunk,318.22,,yes,10,13.1173271,80.2620135,13.1182782,80.2594447
edge-1144623265-247681994-247681993,1144623265,node-247681994,node-247681993,Nagerkoyil Sudalaimuthu Krishnan (NSK) Salai,primary,152.75,,yes,3,13.0515001,80.2176682,13.0519547,80.2189987
edge-1144641903-10208687996-10208687993,1144641903,node-10208687996,node-10208687993,Unnamed Road,primary,207.78,,yes,5,13.1005716,80.1620563,13.0987054,80.161961
edge-1144942370-735219579-735219843,1144942370,node-735219579,node-735219843,EVR Periyar Salai,primary,226.27,3,yes,7,13.0677931,80.1783715,13.0689087,80.1801176
edge-1144942373-6819136600-735219579,1144942373,node-6819136600,node-735219579,EVR Periyar Salai,primary,10.88,,yes,2,13.0677523,80.1782802,13.0677931,80.1783715
edge-1146171060-10666260622-10666260625,1146171060,node-10666260622,node-10666260625,Unnamed Road,secondary,32.51,,no,4,13.1056799,80.2794989,13.1054358,80.2796344
edge-1146514709-254122148-254141713,1146514709,node-254122148,node-254141713,Padavattamman Koil Street,secondary,52.32,,yes,2,13.1043397,80.2757771,13.1038999,80.2759489
edge-1146682775-2197203003-2001005478,1146682775,node-2197203003,node-2001005478,Venkatanarayana Road,secondary,56.26,2,yes,3,13.0405658,80.2338434,13.0401158,80.2340782
edge-1146682776-2001005478-2001005468,1146682776,node-2001005478,node-2001005468,Venkatanarayana Road,secondary,125.91,,yes,2,13.0401158,80.2340782,13.0391393,80.2346666
edge-1147872554-276517791-7810029061,1147872554,node-276517791,node-7810029061,Paper Mills Road,secondary,190.7,1,yes,7,13.1302667,80.2139462,13.1291921,80.2153112
edge-1147872555-9883140254-1109183387,1147872555,node-9883140254,node-1109183387,Paper Mills Road,secondary,59.61,,yes,3,13.130562,80.2131042,13.1304004,80.2136291
edge-1148145074-9181564358-249797465,1148145074,node-9181564358,node-249797465,CP Ramaswamy Road,secondary,242.33,,yes,7,13.0330694,80.2568593,13.0308997,80.2566508
edge-1148404426-2197215611-2197203112,1148404426,node-2197215611,node-2197203112,Panagal Park,secondary,176.69,,yes,5,13.0422,80.2324897,13.0418188,80.2340633
edge-1148404427-2197203112-2068622270,1148404427,node-2197203112,node-2068622270,Panagal Park,secondary,65.7,2,yes,5,13.0418188,80.2340633,13.0412393,80.2340001
edge-1148723083-247074861-2239156001,1148723083,node-247074861,node-2239156001,CIT Nagar 1st Main Road,secondary,138.61,1,yes,5,13.030776,80.2307615,13.029533,80.2308504
edge-1148732782-362195271-331885587,1148732782,node-362195271,node-331885587,Grand Southern Trunk Road,trunk,96.27,2,yes,3,12.9294578,80.1204999,12.9300665,80.1211311
edge-1148732783-30037939-10687532231,1148732783,node-30037939,node-10687532231,Grand Southern Trunk Road,trunk,82.31,2,yes,2,12.9299684,80.1212568,12.9294443,80.1207205
edge-1148733672-9526179485-7791756116,1148733672,node-9526179485,node-7791756116,Major Mukund Varadharajan Salai,primary,3378.63,3,yes,85,12.9197905,80.1823714,12.9228065,80.152494
edge-1148733673-7791756116-257439100,1148733673,node-7791756116,node-257439100,Major Mukund Varadharajan Salai,primary,67.42,3,yes,3,12.9228065,80.152494,12.9226911,80.1518833
edge-1148733674-1937584311-2186599534,1148733674,node-1937584311,node-2186599534,Major Mukund Varadharajan Salai,primary,39.75,3,yes,2,12.9227858,80.1518825,12.9228468,80.1522439
edge-1148734788-5793660752-1184293290,1148734788,node-5793660752,node-1184293290,Kalaingar Karunanidhi Salai,primary,9.01,,yes,2,12.8977497,80.2474247,12.8977322,80.2475059
edge-1148734789-5793660751-5793660752,1148734789,node-5793660751,node-5793660752,East Coast Road,primary,12.85,2,yes,2,12.897636,80.2474036,12.8977497,80.2474247
edge-1148734790-1184293290-30142985,1148734790,node-1184293290,node-30142985,East Coast Road,primary,12.63,2,yes,2,12.8977322,80.2475059,12.8976224,80.2474759
edge-1148734791-5793660751-1184293204,1148734791,node-5793660751,node-1184293204,Kalaingar Karunanidhi Salai,primary,935.54,,yes,14,12.897636,80.2474036,12.8991926,80.2389244
edge-1148738734-7802715950-11770922115,1148738734,node-7802715950,node-11770922115,Rajiv Gandhi Salai,primary,47.88,3,yes,3,12.9630989,80.2464205,12.9634896,80.2466063
edge-1148738735-10687601213-4844625323,1148738735,node-10687601213,node-4844625323,Rajiv Gandhi Salai,primary,792.27,3,yes,18,12.9630201,80.2465046,12.9564715,80.2436326
edge-1148738736-1453592061-10687601213,1148738736,node-1453592061,node-10687601213,Rajiv Gandhi Salai,primary,51.88,3,yes,3,12.9634407,80.2467116,12.9630201,80.2465046
edge-1148768995-308313485-308313653,1148768995,node-308313485,node-308313653,Inner Ring Road,primary,117.85,,yes,6,13.0137243,80.2043941,13.0127185,80.2040544
edge-1148768996-10687844872-308313485,1148768996,node-10687844872,node-308313485,Inner Ring Road,primary,87.99,,yes,3,13.0144662,80.2046766,13.0137243,80.2043941
edge-1148768997-308313473-5455784934,1148768997,node-308313473,node-5455784934,Inner Ring Road,primary,116.32,,yes,3,13.0127638,80.2039554,13.0137705,80.2042473
edge-1148768998-5455784934-367805779,1148768998,node-5455784934,node-367805779,Inner Ring Road,primary,96.66,,yes,3,13.0137705,80.2042473,13.0145882,80.20455
edge-1148771264-369643898-30038751,1148771264,node-369643898,node-30038751,Inner Ring Road,primary,65.91,,yes,2,13.0216456,80.2062933,13.0222375,80.2063264
edge-1148776436-300220412-277499739,1148776436,node-300220412,node-277499739,Arcot Road,primary,28.57,1,yes,2,13.0474888,80.1956079,13.0475005,80.1958714
edge-1148776437-342732384-342746905,1148776437,node-342732384,node-342746905,Arcot Road,primary,72.11,,yes,3,13.0474084,80.1958766,13.0473819,80.1952116
edge-1148799064-243323033-246825437,1148799064,node-243323033,node-246825437,RA Puram 2nd Main Road,secondary,38.15,,yes,3,13.0271621,80.2541257,13.0271502,80.2537843
edge-1149365753-392853368-277391475,1149365753,node-392853368,node-277391475,Kamarajar Salai,secondary,331.52,,no,10,13.0316801,80.1868334,13.0317837,80.1837773
edge-1149790009-10281951540-9637496694,1149790009,node-10281951540,node-9637496694,Konnur High Road,primary,48.06,,yes,3,13.0971436,80.2472791,13.0972607,80.2477063
edge-1149803226-243048886-259773878,1149803226,node-243048886,node-259773878,Dr Radhakrishnan Salai,primary,155.91,,yes,3,13.0446855,80.2635724,13.0446483,80.2650105
edge-1149803227-310729979-310729982,1149803227,node-310729979,node-310729982,Dr Radhakrishnan Salai,primary,131.57,,yes,2,13.0445713,80.2647719,13.0445737,80.2635573
edge-1149817572-2271487902-2271478689,1149817572,node-2271487902,node-2271478689,Peddu Street,secondary,11.9,,yes,2,13.1019385,80.2744605,13.1019069,80.2743555
edge-1149817573-2271487902-6274883986,1149817573,node-2271487902,node-6274883986,Wall Tax Road,trunk,239.99,,yes,6,13.1019385,80.2744605,13.103905,80.2735549
edge-1149818932-6598418479-243325380,1149818932,node-6598418479,node-243325380,Pantheon Road,secondary,18.28,,yes,2,13.0674794,80.2549589,13.0673625,80.2548403
edge-1149818933-243325380-6595773641,1149818933,node-243325380,node-6595773641,Ethiraj Salai,secondary,7.6,,no,2,13.0673625,80.2548403,13.0674102,80.25479
edge-1149818934-243325380-319472518,1149818934,node-243325380,node-319472518,Pantheon Road,secondary,9.92,,yes,2,13.0673625,80.2548403,13.0672964,80.2547788
edge-1149818935-319472479-6595773641,1149818935,node-319472479,node-6595773641,Unnamed Road,secondary,9.61,,yes,2,13.0673502,80.2547261,13.0674102,80.25479
edge-1149818936-6595773641-11032053266,1149818936,node-6595773641,node-11032053266,Unnamed Road,secondary,15.8,,yes,2,13.0674102,80.25479,13.0675135,80.2548901
edge-1149819097-384486242-13063229976,1149819097,node-384486242,node-13063229976,EVR Periyar Salai,primary,268.68,,yes,8,13.0788877,80.2519147,13.0789674,80.254388
edge-1149819098-30037243-384486242,1149819098,node-30037243,node-384486242,EVR Periyar Salai,primary,24.69,,yes,2,13.0788878,80.2516867,13.0788877,80.2519147
edge-1149819099-10696401423-309316811,1149819099,node-10696401423,node-309316811,EVR Periyar Salai,primary,24.61,,yes,2,13.0787742,80.2519217,13.078771,80.2516945
edge-1149819100-2407529538-12625037590,1149819100,node-2407529538,node-12625037590,EVR Periyar Salai,primary,737.27,,yes,21,13.078774,80.2514267,13.0778663,80.2447031
edge-1149820862-10696417366-10696417366,1149820862,node-10696417366,node-10696417366,Halls Road,secondary,24.17,,yes,20,13.0746883,80.2575522,13.0746883,80.2575522
edge-1149820864-248467794-10696417372,1149820864,node-248467794,node-10696417372,Gandhi Irwin Road,secondary,11.91,,no,2,13.0749196,80.2561144,13.0749095,80.2562239
edge-1149820889-9571012328-8140811080,1149820889,node-9571012328,node-8140811080,Thiruvalluvar Salai,primary,241.87,,yes,5,12.9874074,80.2580865,12.9875765,80.2558611
edge-1149820891-8140811078-5225935888,1149820891,node-8140811078,node-5225935888,Thiruvalluvar Salai,primary,12.14,,yes,2,12.9875915,80.255758,12.9876088,80.2556474
edge-1149820892-10282022435-9819235511,1149820892,node-10282022435,node-9819235511,Thiruvalluvar Road,primary,11.52,,yes,2,12.9876994,80.2557785,12.9876844,80.2558837
edge-1149820893-8140811078-10282022435,1149820893,node-8140811078,node-10282022435,Dr. Muthulakshmi Road,secondary,12.2,,yes,2,12.9875915,80.255758,12.9876994,80.2557785
edge-1149820894-10310854926-12418878941,1149820894,node-10310854926,node-12418878941,Dr. Muthulakshmi Road,secondary,663.41,,yes,13,12.9968581,80.2559174,12.9908988,80.2560597
edge-1149834135-30037899-247690829,1149834135,node-30037899,node-247690829,Anna Salai (Mount Road),primary,57.94,,yes,3,13.0681313,80.2712749,13.068432,80.2717094
edge-1149834136-247690829-2482072915,1149834136,node-247690829,node-2482072915,Anna Salai (Mount Road),primary,12.57,,yes,2,13.068432,80.2717094,13.0685129,80.2717904
edge-1149834137-2482072908-2214509428,1149834137,node-2482072908,node-2214509428,Wallajah Road,secondary,31.32,,yes,2,13.0681631,80.2719978,13.0683616,80.2717927
edge-1149834138-2214509428-2482072909,1149834138,node-2214509428,node-2482072909,Anna Salai (Mount Road),primary,26.54,,yes,2,13.0683616,80.2717927,13.0682067,80.2716063
edge-1149834139-2214509428-247690829,1149834139,node-2214509428,node-247690829,Wallajah Road,secondary,11.95,,yes,2,13.0683616,80.2717927,13.068432,80.2717094
edge-1149834140-2482072915-2214509441,1149834140,node-2482072915,node-2214509441,Unnamed Road,secondary,13.48,,yes,2,13.0685129,80.2717904,13.0684298,80.271881
edge-1149834141-2214509441-2214509428,1149834141,node-2214509441,node-2214509428,Anna Salai (Mount Road),primary,12.21,,yes,2,13.0684298,80.271881,13.0683616,80.2717927
edge-1149836408-10696575481-11043669642,1149836408,node-10696575481,node-11043669642,Uttamar Gandhi Salai (Nungambakkam High Road),primary,6.47,,yes,2,13.0538289,80.2502624,13.0537767,80.2502887
edge-1149836409-6590292519-13900727198,1149836409,node-6590292519,node-13900727198,Uttamar Gandhi Salai (Nungambakkam High Road),primary,18.42,,yes,2,13.0534951,80.2503204,13.0536419,80.2502416
edge-1149837652-6819739373-10696545081,1149837652,node-6819739373,node-10696545081,Anna Arch Road,secondary,7.15,,yes,2,13.0821773,80.217808,13.0822416,80.217809
edge-1149837655-6819739372-1183471394,1149837655,node-6819739372,node-1183471394,Anna Arch Road,secondary,134.73,2,yes,5,13.0821742,80.2179357,13.0809677,80.2178407
edge-1149837656-1585669045-6819739372,1149837656,node-1585669045,node-6819739372,Anna Arch Road,secondary,7.01,,yes,2,13.0822372,80.2179356,13.0821742,80.2179357
edge-1149842366-10310854936-10310854925,1149842366,node-10310854936,node-10310854925,Dr. Muthulakshmi Road,secondary,16.85,,yes,2,12.9967052,80.2558262,12.9968561,80.2558123
edge-1149846409-3285044013-331885122,1149846409,node-3285044013,node-331885122,Tiruneermalai Main Road,secondary,623.86,,no,16,12.9584227,80.1287574,12.9574767,80.1232022
edge-1149846410-1905763264-331885122,1149846410,node-1905763264,node-331885122,Tiruneermalai Main Road,secondary,490.41,,yes,43,12.9582321,80.1190049,12.9574767,80.1232022
edge-1149846411-331885122-1905763264,1149846411,node-331885122,node-1905763264,Tiruneermalai Main Road,secondary,492.76,,yes,43,12.9574767,80.1232022,12.9582321,80.1190049
edge-1149849987-302897388-12880564362,1149849987,node-302897388,node-12880564362,Cathedral Road,primary,49.76,,yes,3,13.0461954,80.256491,13.0460403,80.2569219
edge-1149849988-367026905-11633435967,1149849988,node-367026905,node-11633435967,Music Academy Flyover,primary,20.0,,yes,2,13.0456934,80.2577261,13.0456844,80.2575417
edge-1149849990-11633417435-302897379,1149849990,node-11633417435,node-302897379,Music Academy Flyover,primary,13.54,,yes,2,13.0458327,80.2576339,13.0457604,80.2577345
edge-1149849991-12880564361-243048905,1149849991,node-12880564361,node-243048905,Cathedral Road,primary,45.26,,yes,2,13.0459415,80.2568384,13.0460945,80.2564512
edge-1149849992-243048882-6583173768,1149849992,node-243048882,node-6583173768,Cathedral Road,primary,53.48,,yes,3,13.045708,80.2574371,13.0458861,80.2569785
edge-1149851673-9587949542-2800814648,1149851673,node-9587949542,node-2800814648,McNichols Road,primary,9.23,,yes,2,13.0659178,80.2434821,13.0660008,80.243483
edge-1149851674-9587949542-9587949540,1149851674,node-9587949542,node-9587949540,Sterling Road,secondary,9.43,,yes,2,13.0659178,80.2434821,13.0659537,80.243561
edge-1149854618-301299673-334547793,1149854618,node-301299673,node-334547793,East Coast Road,primary,47.69,,yes,3,12.9777235,80.2591108,12.9781508,80.2590729
edge-1149854619-1456998277-333719112,1149854619,node-1456998277,node-333719112,East Coast Road,primary,45.49,,yes,3,12.9781504,80.2591494,12.9777423,80.2591791
edge-1149854620-334190081-301299673,1149854620,node-334190081,node-301299673,East Coast Road,primary,61.68,,yes,2,12.977169,80.2590972,12.9777235,80.2591108
edge-1149854621-333719112-1451948812,1149854621,node-333719112,node-1451948812,East Coast Road,primary,63.12,,yes,3,12.9777423,80.2591791,12.9771747,80.2591831
edge-1149857663-11495672426-2486858902,1149857663,node-11495672426,node-2486858902,EVR Periyar Salai,primary,64.91,,yes,5,13.0790988,80.2566332,13.0790489,80.2560361
edge-1149857664-11495672426-2486858896,1149857664,node-11495672426,node-2486858896,Taravath Madhavan Nair Bridge Road,secondary,27.89,1,yes,5,13.0790988,80.2566332,13.0788492,80.2566562
edge-1149857665-11495672415-2486858890,1149857665,node-11495672415,node-2486858890,Taravath Madhavan Nair Bridge Road,secondary,135.12,,yes,10,13.078745,80.2566581,13.0775356,80.2567503
edge-1149859009-259431466-310728681,1149859009,node-259431466,node-310728681,Dr Radhakrishnan Salai,primary,657.11,,yes,10,13.0446314,80.268356,13.043454,80.2742963
edge-1149875361-966544148-303283554,1149875361,node-966544148,node-303283554,Pallavan Salai,secondary,11.67,,no,2,13.0816211,80.2751566,13.0817259,80.2751616
edge-1149875362-9572798769-303283557,1149875362,node-9572798769,node-303283557,General Hospital Road,primary,85.08,,yes,4,13.081732,80.2752772,13.081814,80.2760534
edge-1149875529-2197652485-2213431528,1149875529,node-2197652485,node-2213431528,EVR Periyar Salai,primary,901.83,,yes,16,13.0806787,80.2651321,13.0791344,80.2569891
edge-1149875530-2197652485-30037235,1149875530,node-2197652485,node-30037235,Langs Garden Park,secondary,12.33,,yes,2,13.0806787,80.2651321,13.0807843,80.2651669
edge-1149875531-30037235-10201011144,1149875531,node-30037235,node-10201011144,EVR Periyar Salai,primary,625.97,2,yes,18,13.0807843,80.2651669,13.0809633,80.2709194
edge-1149875532-2197652486-2197652485,1149875532,node-2197652486,node-2197652485,EVR Periyar Salai,primary,11.05,,yes,2,13.0806923,80.2652332,13.0806787,80.2651321
edge-1149875533-2197652486-2197652478,1149875533,node-2197652486,node-2197652478,Langs Garden Road,secondary,172.55,,yes,3,13.0806923,80.2652332,13.0791483,80.2653874
edge-1149875760-391813202-7821736181,1149875760,node-391813202,node-7821736181,Thirumangalam – Mogappair Road,primary,26.05,,yes,2,13.0872711,80.1984451,13.0872572,80.1986852
edge-1149875761-276607954-391813202,1149875761,node-276607954,node-391813202,Jawaharlal Nehru Road (100 Feet Road),primary,18.24,3,yes,2,13.0871073,80.1984533,13.0872711,80.1984451
edge-1149875762-7821736181-340003061,1149875762,node-7821736181,node-340003061,Jawaharlal Nehru Road (100 Feet Road),primary,16.49,,yes,2,13.0872572,80.1986852,13.0871089,80.1986874
edge-1149879721-30037256-343158176,1149879721,node-30037256,node-343158176,EVR Periyar Salai,primary,23.92,,yes,3,13.0750278,80.2177892,13.0749932,80.2180072
edge-1149879722-339997361-331960371,1149879722,node-339997361,node-331960371,EVR Periyar Salai,primary,386.01,3,yes,5,13.0741989,80.2218337,13.0748287,80.2183293
edge-1149879723-11939209053-2270608168,1149879723,node-11939209053,node-2270608168,EVR Periyar Salai,primary,15.46,2,yes,2,13.0749148,80.2177722,13.0749351,80.217631
edge-1149879724-331960371-11939209054,1149879724,node-331960371,node-11939209054,EVR Periyar Salai,primary,36.89,3,yes,2,13.0748287,80.2183293,13.0748813,80.217993
edge-1149956016-30237399-10697629261,1149956016,node-30237399,node-10697629261,Santhome High Road,primary,210.9,,no,8,13.0334551,80.2773791,13.0353067,80.2777222
edge-1149956022-11050411640-247684103,1149956022,node-11050411640,node-247684103,Arcot Road,primary,120.13,,yes,9,13.0371448,80.1585529,13.0375445,80.1595795
edge-1150114904-2213431517-5460627725,1150114904,node-2213431517,node-5460627725,EVR Periyar Salai,primary,98.85,,yes,8,13.0791025,80.2556935,13.0791851,80.2566019
edge-1150114905-5460627725-12717900614,1150114905,node-5460627725,node-12717900614,EVR Periyar Salai,primary,37.55,,yes,2,13.0791851,80.2566019,13.0792164,80.2569471
edge-1150132674-1123352201-1123352230,1150132674,node-1123352201,node-1123352230,Grand Northern Trunk Road,trunk,188.67,,yes,3,13.1560763,80.2051539,13.1548477,80.2063527
edge-1150132675-10024263549-1123352201,1150132675,node-10024263549,node-1123352201,Grand Northern Trunk Road,trunk,10.77,2,yes,2,13.1561553,80.2050963,13.1560763,80.2051539
edge-1150132676-1123352225-10024263539,1150132676,node-1123352225,node-10024263539,Perambur Redhills High Road,secondary,964.57,2,yes,21,13.1559737,80.2050235,13.1474989,80.2042219
edge-1150132677-276517439-1123352225,1150132677,node-276517439,node-1123352225,Perambur Redhills High Road,secondary,8.01,,yes,2,13.1560197,80.2050804,13.1559737,80.2050235
edge-1150132678-276517439-10024263548,1150132678,node-276517439,node-10024263548,Grand Northern Trunk Road,trunk,10.57,,yes,2,13.1560197,80.2050804,13.1560947,80.2050204
edge-1150132679-10024263548-10024263549,1150132679,node-10024263548,node-10024263549,Perambur Redhills High Road,secondary,10.63,,yes,2,13.1560947,80.2050204,13.1561553,80.2050963
edge-1150132680-9582345660-1184327212,1150132680,node-9582345660,node-1184327212,Grand Northern Trunk Road,trunk,650.54,2,yes,10,13.1781185,80.1950496,13.1832947,80.1922608
edge-1150358673-10316068276-11949829883,1150358673,node-10316068276,node-11949829883,Water canal road,secondary,576.79,2,yes,10,13.1243704,80.1958586,13.1202371,80.1990761
edge-1150624484-10703707758-10703707758,1150624484,node-10703707758,node-10703707758,Muthialpet Roundabout,primary,66.03,,yes,22,13.1043017,80.2868181,13.1043017,80.2868181
edge-1150624485-10703707777-10703707781,1150624485,node-10703707777,node-10703707781,Broadway Road,secondary,58.24,,yes,8,13.1038115,80.2868074,13.1043329,80.2867568
edge-1150624486-10703707786-10703707777,1150624486,node-10703707786,node-10703707777,Broadway Road,secondary,55.94,,yes,8,13.1043104,80.2868667,13.1038115,80.2868074
edge-1150624487-10703707777-254121985,1150624487,node-10703707777,node-254121985,Broadway Road,secondary,590.6,,no,26,13.1038115,80.2868074,13.09851,80.286621
edge-1150624488-10703707762-10703708814,1150624488,node-10703707762,node-10703708814,Old Jail Road,primary,55.07,,yes,6,13.1043793,80.2867323,13.104569,80.2862631
edge-1150624489-10703708814-10703707775,1150624489,node-10703708814,node-10703707775,Old Jail Road,primary,60.71,,yes,8,13.104569,80.2862631,13.1044902,80.2868148
edge-1150667197-9365002394-10704075434,1150667197,node-9365002394,node-10704075434,Perambur High Road,primary,86.72,,yes,3,13.1065577,80.2486192,13.1068561,80.2478802
edge-1150667198-10704075434-674687740,1150667198,node-10704075434,node-674687740,Perambur High Road,primary,295.58,,no,8,13.1068561,80.2478802,13.1072599,80.2452302
edge-1150872406-7802828812-7802828814,1150872406,node-7802828812,node-7802828814,Mount - Medavakkam Road,primary,124.82,2,yes,4,12.9806799,80.1952529,12.9797061,80.1946812
edge-1150883576-2010335682-310004917,1150883576,node-2010335682,node-310004917,Mount - Poonamallee - Avadi Road,primary,4.95,3,yes,2,13.0179598,80.1872539,13.0179402,80.1872949
edge-1150883577-310004917-256127481,1150883577,node-310004917,node-256127481,Mount - Poonamallee - Avadi Road,primary,1275.6,3,yes,20,13.0179402,80.1872949,13.0106444,80.1959435
edge-1151688948-10594234677-315263352,1151688948,node-10594234677,node-315263352,Jawaharlal Nehru Road (100 Feet Road),primary,214.55,,yes,5,13.0586707,80.2116447,13.0567417,80.2116008
edge-1151688949-10594234678-10594234677,1151688949,node-10594234678,node-10594234677,Jawaharlal Nehru Road (100 Feet Road),primary,16.03,,yes,2,13.0588149,80.2116455,13.0586707,80.2116447
edge-1152310896-2197202941-2197202939,1152310896,node-2197202941,node-2197202939,Venkatanarayana Road,secondary,150.58,,yes,9,13.0335189,80.2382686,13.032369,80.2390021
edge-1152310897-2197202945-248697312,1152310897,node-2197202945,node-248697312,Thanikachalam Road,secondary,12.98,2,yes,2,13.0344493,80.2376925,13.0343838,80.2375933
edge-1152344989-30051765-30051246,1152344989,node-30051765,node-30051246,T T Krishnamachari Road,secondary,190.62,,yes,5,13.0366765,80.2556236,13.0380739,80.2566429
edge-1152846644-7809345475-402333321,1152846644,node-7809345475,node-402333321,Jawaharlal Nehru Road (100 Feet Road),primary,481.27,,yes,8,13.1273388,80.2092476,13.1251299,80.205429
edge-1153095634-9573106987-7819314199,1153095634,node-9573106987,node-7819314199,Grand Northern Trunk Road,trunk,336.57,,yes,11,13.1232258,80.2486493,13.1252722,80.2463609
edge-1153095635-276517443-1184327307,1153095635,node-276517443,node-1184327307,Grand Northern Trunk Road,trunk,339.42,,yes,5,13.1253451,80.2463861,13.1232836,80.2486968
edge-1153966435-3820326081-3820326087,1153966435,node-3820326081,node-3820326087,Grand Northern Trunk Road,trunk,262.12,,yes,8,13.1188267,80.2571441,13.1199382,80.2550193
edge-1154233295-308316986-30038743,1154233295,node-308316986,node-30038743,15th Avenue,primary,143.47,,yes,9,13.0343909,80.2099662,13.0350316,80.2107742
edge-1154233296-10734648879-256031685,1154233296,node-10734648879,node-256031685,Unnamed Road,secondary_link,6.63,,yes,2,13.0284845,80.2240221,13.0284717,80.2239623
edge-1154233297-256031685-250363456,1154233297,node-256031685,node-250363456,kumaran colony 1st street,secondary_link,17.06,,yes,3,13.0284717,80.2239623,13.02859,80.2240573
edge-1154239162-290017457-290017469,1154239162,node-290017457,node-290017469,Ambedkar College Road,secondary,232.59,,no,8,13.1142316,80.2614697,13.1133715,80.2595676
edge-1154262680-10183018116-11052681961,1154262680,node-10183018116,node-11052681961,Paper Mills Road,secondary,15.61,,yes,2,13.112499,80.2375043,13.112414,80.237619
edge-1154416722-6808243412-7902431810,1154416722,node-6808243412,node-7902431810,Manapakkam Main Road,secondary,212.27,,no,5,13.0126073,80.1669715,13.0130012,80.1688837
edge-1154416723-6808243410-6808243412,1154416723,node-6808243410,node-6808243412,Manapakkam Main Road,secondary,78.46,,no,5,13.0124217,80.1663043,13.0126073,80.1669715
edge-1154483970-289201854-11292911242,1154483970,node-289201854,node-11292911242,Suryanarayana Chetty Street,primary,177.07,,yes,9,13.125656,80.2947063,13.1271922,80.2951367
edge-1154483971-11292911243-7831280668,1154483971,node-11292911243,node-7831280668,Suryanarayana Chetty Street,primary,178.97,,yes,8,13.1271847,80.2951901,13.1256316,80.294757
edge-1154888757-4226485578-2146414137,1154888757,node-4226485578,node-2146414137,Taramani Link Road,primary,20.08,2,yes,2,12.9802684,80.2284118,12.9801764,80.2282523
edge-1154977483-7831963784-7769959760,1154977483,node-7831963784,node-7769959760,Medavakkam - Mambakkam - Sembakkam Road,primary,1972.71,2,yes,45,12.894235,80.1804518,12.8807791,80.1706293
edge-1155003512-7821849925-1184327426,1155003512,node-7821849925,node-1184327426,Madhavaram - Red Hills Road,primary,1148.81,,yes,39,13.1769687,80.2138335,13.1703053,80.2214127
edge-1155017519-4844625020-1952269837,1155017519,node-4844625020,node-1952269837,Rajiv Gandhi Salai,primary,116.09,3,yes,4,12.9565447,80.2434461,12.9574961,80.2438866
edge-1155715417-1184390585-1896544511,1155715417,node-1184390585,node-1896544511,Medavakkam Main Road,primary,572.5,,yes,22,12.950257,80.1856968,12.9457697,80.1832739
edge-1155731194-2197202962-2197215546,1155731194,node-2197202962,node-2197215546,Venkatanarayana Road,secondary,180.44,,yes,4,13.0391816,80.2345288,13.040571,80.233671
edge-1156565141-290017687-290017682,1156565141,node-290017687,node-290017682,MKB Nagar East Avenue,secondary,840.17,,yes,29,13.1228371,80.2658525,13.115294,80.2657274
edge-1156857450-11204083543-2197496758,1156857450,node-11204083543,node-2197496758,Dr MGR Salai,primary,170.03,,yes,7,13.0527973,80.2432517,13.0525491,80.2417076
edge-1156857451-2482301345-247675875,1156857451,node-2482301345,node-247675875,Thirumalai Road,secondary,12.45,,yes,2,13.0525385,80.240999,13.0524265,80.2410002
edge-1156857452-2197415829-12635083547,1156857452,node-2197415829,node-12635083547,Dr MGR Salai,primary,35.49,,yes,2,13.0525449,80.2412402,13.0526039,80.2415622
edge-1156857453-2482301333-2482301345,1156857453,node-2482301333,node-2482301345,Thirumalai Pillai Road,secondary,16.82,,yes,3,13.0524324,80.2408896,13.0525385,80.240999
edge-1156857454-2482301333-2197415878,1156857454,node-2482301333,node-2197415878,Dr MGR Salai,primary,684.66,,yes,12,13.0524324,80.2408896,13.0537064,80.2347097
edge-1159463312-1702258370-1702258197,1159463312,node-1702258370,node-1702258197,Thirumalai Road,secondary,151.95,,yes,6,13.0486931,80.2401181,13.0473664,80.2398249
edge-1165040932-276612091-7819506949,1165040932,node-276612091,node-7819506949,2nd Main Road,secondary,296.51,,no,3,13.0915418,80.1697124,13.0888788,80.1695745
edge-1165040934-7818369168-306079372,1165040934,node-7818369168,node-306079372,2nd Main Road,secondary,33.2,2,yes,3,13.094518,80.1699159,13.094809,80.1699002
edge-1165040935-306079434-276608584,1165040935,node-306079434,node-276608584,2nd Main Road,secondary,205.58,2,yes,4,13.0979219,80.1700792,13.0997695,80.170132
edge-1173257719-10901554491-10901554492,1173257719,node-10901554491,node-10901554492,Unnamed Road,primary,251.68,1,yes,12,13.0986136,80.2138783,13.100729,80.2145984
edge-1173257720-10901554494-10901554451,1173257720,node-10901554494,node-10901554451,Unnamed Road,primary,258.86,1,yes,10,13.1006664,80.2147154,13.0984798,80.213935
edge-1177309293-12159747809-257439085,1177309293,node-12159747809,node-257439085,Major Mukund Varadharajan Salai,primary,492.63,2,yes,21,12.9205184,80.1967752,12.9169937,80.1942384
edge-1177309294-9806178128-9806136997,1177309294,node-9806178128,node-9806136997,Medavakkam Maempalam,primary,207.02,3,yes,13,12.9188326,80.1957814,12.9204608,80.1966577
edge-1177309295-9806137008-9806178123,1177309295,node-9806137008,node-9806178123,Medavakkam Flyover,primary,204.71,3,yes,10,12.9203745,80.1967323,12.9187716,80.1958579
edge-1177309296-9806178169-8556710539,1177309296,node-9806178169,node-8556710539,Medavakkam Flyover,primary,169.55,3,yes,10,12.9173199,80.1907195,12.9177427,80.1892334
edge-1177309297-9806178213-10937329499,1177309297,node-9806178213,node-10937329499,Medavakkam Maempalam,primary,74.45,3,yes,2,12.9197705,80.1816519,12.9199247,80.1823204
edge-1177309299-2049357494-9806178194,1177309299,node-2049357494,node-9806178194,Velachery Mudhanmai Salai,primary,15.59,2,yes,3,12.9176592,80.1891178,12.917799,80.1891269
edge-1177893272-10942166404-2197640152,1177893272,node-10942166404,node-2197640152,Gandhi Irwin Bridge Road,secondary,264.51,,yes,21,13.0764992,80.265316,13.0788431,80.2653379
edge-1177893273-2197652356-10942166402,1177893273,node-2197652356,node-10942166402,Gandhi Irwin Bridge Road,secondary,271.34,,yes,22,13.0788816,80.26543,13.0764626,80.265442
edge-1177893274-11770880041-11770880040,1177893274,node-11770880041,node-11770880040,St. Andrews Bridge,secondary,64.55,1,yes,2,13.0764602,80.2656142,13.0763258,80.266194
edge-1177893275-10942166372-10942166371,1177893275,node-10942166372,node-10942166371,St. Andrews Bridge,secondary,69.21,1,yes,2,13.0762169,80.2662422,13.0763537,80.2656188
edge-1177893276-10942166388-10942166388,1177893276,node-10942166388,node-10942166388,Unnamed Road,secondary,83.85,,yes,27,13.0764835,80.2652806,13.0764835,80.2652806
edge-1177893277-10942166396-11770880041,1177893277,node-10942166396,node-11770880041,Arunachallam Street,secondary,18.15,,yes,3,13.0764534,80.2654495,13.0764602,80.2656142
edge-1177893278-10942166371-10942166400,1177893278,node-10942166371,node-10942166400,Arunachallam Street,secondary,16.37,,yes,5,13.0763537,80.2656188,13.0763529,80.2654686
edge-1177893279-12125922804-2197639884,1177893279,node-12125922804,node-2197639884,Pantheon Road,secondary,120.48,2,yes,12,13.0762953,80.2652647,13.0757524,80.2643132
edge-1177893280-2197640015-10942166385,1177893280,node-2197640015,node-10942166385,Pantheon Road,secondary,132.05,2,yes,11,13.0757868,80.2642474,13.0764523,80.2652478
edge-1177893281-10942180718-10942180719,1177893281,node-10942180718,node-10942180719,Unnamed Road,secondary_link,8.37,,no,2,13.0760833,80.2647831,13.076017,80.2648197
edge-1177893284-10942180742-10942180741,1177893284,node-10942180742,node-10942180741,Ponniamman Koil Street,secondary,120.2,2,no,3,13.0767058,80.2641819,13.0764718,80.2652653
edge-1177893285-10942180779-10942180779,1177893285,node-10942180779,node-10942180779,Unnamed Road,secondary,62.54,,yes,22,13.0782328,80.2634216,13.0782328,80.2634216
edge-1177893286-10942180774-10942180788,1177893286,node-10942180774,node-10942180788,Gandhi Irwin Road,secondary,232.79,,yes,9,13.0782767,80.2633478,13.0786782,80.2654562
edge-1177893287-10942180787-10942180781,1177893287,node-10942180787,node-10942180781,Gandhi Irwin Road,secondary,226.0,,yes,10,13.0786209,80.2654625,13.0781766,80.2634339
edge-1177893288-10942180765-10942180806,1177893288,node-10942180765,node-10942180806,Whannels Road,secondary,206.1,,yes,18,13.0781239,80.263408,13.076506,80.2642127
edge-1177893289-10942180806-2197639884,1177893289,node-10942180806,node-2197639884,Whannels Road,secondary,84.53,,yes,7,13.076506,80.2642127,13.0757524,80.2643132
edge-1177893290-2197640015-12839667633,1177893290,node-2197640015,node-12839667633,Whannels Road,secondary,284.49,,yes,24,13.0757868,80.2642474,13.078111,80.2633896
edge-1177893291-10942180826-2197640015,1177893291,node-10942180826,node-2197640015,Unnamed Road,secondary,7.95,,yes,2,13.0757165,80.2642609,13.0757868,80.2642474
edge-1177893292-10942180833-11770880038,1177893292,node-10942180833,node-11770880038,Arunachalam Street,secondary,12.38,,yes,4,13.0763165,80.2663236,13.0763981,80.2663966
edge-1177893293-248468132-10942166372,1177893293,node-248468132,node-10942166372,Arunachalam Street,secondary,12.92,,yes,2,13.0761989,80.26636,13.0762169,80.2662422
edge-1178251313-13880733740-13880733740,1178251313,node-13880733740,node-13880733740,Unnamed Road,secondary,72.76,,yes,24,13.0731887,80.2609502,13.0731887,80.2609502
edge-1178251314-10945643905-10945643905,1178251314,node-10945643905,node-10945643905,Unnamed Road,secondary,70.93,,yes,22,13.0733142,80.2611553,13.0733142,80.2611553
edge-1178251315-10945638495-13880733741,1178251315,node-10945638495,node-13880733741,Unnamed Road,secondary,28.47,,yes,2,13.0731296,80.2611874,13.0731729,80.2609283
edge-1178251316-10945638478-10945638504,1178251316,node-10945638478,node-10945638504,Unnamed Road,secondary,27.33,,yes,2,13.0733508,80.2609359,13.0733276,80.2611871
edge-1181335788-10970819059-10970819047,1181335788,node-10970819059,node-10970819047,Durgabai Deshmukh Road,primary,198.61,3,yes,17,13.0164021,80.2598146,13.0147115,80.2592891
edge-1181335789-243051714-10970819072,1181335789,node-243051714,node-10970819072,Durgabai Deshmukh Road,primary,128.21,6,yes,10,13.0147153,80.2591725,13.0158395,80.2594146
edge-1187413787-276518368-11026353611,1187413787,node-276518368,node-11026353611,Stephensons Salai,secondary,297.13,2,yes,3,13.10494,80.2534095,13.1040304,80.2559893
edge-1187413788-2442981843-2167155753,1187413788,node-2442981843,node-2167155753,Ambedkar Kalloori Salai,secondary,231.06,2,yes,9,13.1066396,80.2606894,13.1085881,80.2600442
edge-1187413789-11026309680-2442981843,1187413789,node-11026309680,node-2442981843,Ambedkar Kalloori Salai,secondary,31.86,2,yes,2,13.1063562,80.260733,13.1066396,80.2606894
edge-1187413790-10595725606-11026309687,1187413790,node-10595725606,node-11026309687,Ambedkar Kalloori Salai,secondary,234.9,2,yes,10,13.1086228,80.2600858,13.1066428,80.2607477
edge-1187413791-11026309687-11026309688,1187413791,node-11026309687,node-11026309688,Ambedkar Kalloori Salai,secondary,31.71,2,yes,2,13.1066428,80.2607477,13.1063601,80.2607865
edge-1187413793-11026309659-11026309660,1187413793,node-11026309659,node-11026309660,Stephensons Salai,secondary,336.84,2,yes,2,13.1038867,80.2577805,13.1022325,80.2603861
edge-1187413794-11026309658-11026309659,1187413794,node-11026309658,node-11026309659,Stephensons Salai,secondary,42.13,2,yes,2,13.1038959,80.2573916,13.1038867,80.2577805
edge-1187413795-10168025879-257932173,1187413795,node-10168025879,node-257932173,Stephensons Salai,secondary,342.06,2,yes,4,13.1021039,80.2604185,13.1037509,80.2577509
edge-1187413796-257932173-311285398,1187413796,node-257932173,node-311285398,Stephensons Salai,secondary,39.64,2,yes,2,13.1037509,80.2577509,13.1037948,80.2573877
edge-1187413802-11026353622-311366010,1187413802,node-11026353622,node-311366010,Anna Nagar 3rd Avenue,secondary,297.95,,yes,7,13.0940072,80.2183157,13.0965686,80.2190868
edge-1187413803-11026353623-11026353622,1187413803,node-11026353623,node-11026353622,Anna Nagar 3rd Avenue,secondary,6.51,,yes,2,13.0939487,80.2183124,13.0940072,80.2183157
edge-1187413804-618647392-11026353625,1187413804,node-618647392,node-11026353625,Anna Nagar 3rd Avenue,secondary,283.43,,yes,7,13.0964167,80.2191799,13.0939845,80.218431
edge-1187413805-11026353625-11026353624,1187413805,node-11026353625,node-11026353624,Anna Nagar 3rd Avenue,secondary,6.52,,yes,2,13.0939845,80.218431,13.0939259,80.2184282
edge-1187413810-9596798966-9596798968,1187413810,node-9596798966,node-9596798968,Medavakkam Tank Road,secondary,75.02,,yes,4,13.0862153,80.244871,13.0856695,80.245268
edge-1187413811-11026353630-9596798966,1187413811,node-11026353630,node-9596798966,Medavakkam Tank Road,secondary,59.9,,yes,2,13.086642,80.2445334,13.0862153,80.244871
edge-1188034071-10169019568-259509856,1188034071,node-10169019568,node-259509856,Peters Road,secondary,125.13,,yes,4,13.0538354,80.2652478,13.0537158,80.2663962
edge-1188055531-2001025764-11032112814,1188055531,node-2001025764,node-11032112814,Maloney Road,secondary,22.2,1,yes,3,13.0353119,80.2395203,13.0353622,80.2393229
edge-1188061665-276597122-1391029018,1188061665,node-276597122,node-1391029018,Poompuhar Nagar 1st Main Road,secondary,289.57,,no,12,13.1168677,80.2110985,13.1181924,80.2125111
edge-1188061667-2272421683-674685506,1188061667,node-2272421683,node-674685506,Unnamed Road,primary,24.66,,yes,5,13.1086934,80.2423005,13.1084729,80.2422772
edge-1188061668-11032126775-11032126776,1188061668,node-11032126775,node-11032126776,Chennai Bypass,trunk,30.3,3,yes,2,13.1471711,80.204296,13.1470871,80.2040298
edge-1188061669-918202883-6490354831,1188061669,node-918202883,node-6490354831,Chennai Bypass,trunk_link,606.78,3,yes,15,13.15155,80.2098207,13.1478353,80.2061414
edge-1188061670-11032126777-11032126778,1188061670,node-11032126777,node-11032126778,Chennai Bypass,trunk,29.7,3,yes,2,13.1472474,80.2040214,13.1473314,80.2042818
edge-1188061671-11032126778-1864046652,1188061671,node-11032126778,node-1864046652,Chennai Bypass,trunk,220.19,3,yes,2,13.1473314,80.2042818,13.1480149,80.2061903
edge-1188162248-9572798799-9572798795,1188162248,node-9572798799,node-9572798795,Unnamed Road,primary_link,52.81,,yes,3,13.0744383,80.2214088,13.0744682,80.2218862
edge-1188162249-343747195-11033173757,1188162249,node-343747195,node-11033173757,Unnamed Road,secondary,9.36,,no,2,13.0866192,80.2345591,13.0865355,80.2345497
edge-1188164566-276611952-7823176114,1188164566,node-276611952,node-7823176114,Unnamed Road,secondary,5.2,,no,3,13.0806082,80.1802955,13.0806015,80.180248
edge-1188164567-735219580-735220068,1188164567,node-735219580,node-735220068,Chennai Bangalore Highway,primary,121.67,2,yes,3,13.0613705,80.1616394,13.0613963,80.1627616
edge-1188164568-832908287-832908144,1188164568,node-832908287,node-832908144,EVR Periyar Salai Flyover,primary,72.09,2,yes,4,13.0764791,80.2007458,13.0763826,80.2014027
edge-1188220804-11033738972-243323039,1188220804,node-11033738972,node-243323039,Venkatakrishna Iyer Road,secondary,103.85,,yes,3,13.0265194,80.2643167,13.0266051,80.2633621
edge-1188577752-2482072912-2214509249,1188577752,node-2482072912,node-2214509249,Wallajah Road,secondary,783.78,,yes,17,13.0682205,80.2721044,13.0648674,80.2783915
edge-1188577753-309061988-309061989,1188577753,node-309061988,node-309061989,Anna Salai (Mount Road),primary,57.78,,yes,4,13.0680993,80.271456,13.067803,80.2710191
edge-1188577754-2482072909-309061988,1188577754,node-2482072909,node-309061988,Anna Salai (Mount Road),primary,20.19,,yes,2,13.0682067,80.2716063,13.0680993,80.271456
edge-1188609528-3913282527-277587992,1188609528,node-3913282527,node-277587992,Madhavaram - Red Hills Road,primary,1054.74,,no,42,13.1458254,80.2320941,13.1389264,80.2376127
edge-1188617261-8429442659-13748226577,1188617261,node-8429442659,node-13748226577,Thiruvottriyur High Road,secondary,562.42,,yes,10,13.1323739,80.2922811,13.1277269,80.2902789
edge-1188631353-2214510127-7030452351,1188631353,node-2214510127,node-7030452351,Raja Muthiah Road,secondary,104.42,2,yes,2,13.0842566,80.2705201,13.0833269,80.270656
edge-1188780350-11026353612-11026309658,1188780350,node-11026353612,node-11026309658,Stephensons Salai,secondary,144.65,2,yes,4,13.1039884,80.2561073,13.1038959,80.2573916
edge-1188790640-313027927-30039081,1188790640,node-313027927,node-30039081,Mount - Poonamallee - Avadi Road,primary,427.75,,yes,3,13.0368669,80.1425683,13.036298,80.1464734
edge-1188800422-7825217431-373100551,1188800422,node-7825217431,node-373100551,Ennore High Road,secondary,562.95,,no,4,13.1525799,80.2885934,13.1482345,80.2859258
edge-1188919812-3887299338-11039712408,1188919812,node-3887299338,node-11039712408,Tirumullaivoyal Road,secondary,576.99,,no,12,13.1463738,80.1357984,13.1413275,80.134562
edge-1188972082-13754470072-11617814531,1188972082,node-13754470072,node-11617814531,Montieth Road,secondary,11.9,,no,2,13.0665442,80.2601924,13.0665848,80.2600907
edge-1189076306-247681986-298357281,1189076306,node-247681986,node-298357281,Kodambakkam Railway Flyover,primary,25.76,,yes,2,13.0540537,80.2282332,13.0539522,80.2280194
edge-1189080588-340003064-5306843098,1189080588,node-340003064,node-5306843098,Jawaharlal Nehru Road (100 Feet Road),primary,57.05,,yes,5,13.0829708,80.1986554,13.0824692,80.198596
edge-1189082026-11026353611-11026353612,1189082026,node-11026353611,node-11026353612,Stephensons Salai,secondary,13.61,2,yes,2,13.1040304,80.2559893,13.1039884,80.2561073
edge-1189082512-7059352508-11041646169,1189082512,node-7059352508,node-11041646169,Unnamed Road,primary,867.9,,yes,19,13.1286369,80.1555618,13.1316785,80.1628048
edge-1189087988-247684068-300220412,1189087988,node-247684068,node-300220412,Arcot Road,primary,71.76,1,yes,5,13.047404,80.194954,13.0474888,80.1956079
edge-1189087989-342746905-342746843,1189087989,node-342746905,node-342746843,Arcot Road,primary,301.75,,yes,13,13.0473819,80.1952116,13.0466026,80.1926051
edge-1189127458-2197215648-2197415684,1189127458,node-2197215648,node-2197415684,North Usman Road,secondary,142.81,,yes,5,13.0447477,80.2324952,13.0460119,80.2327276
edge-1189128150-259703176-2217293898,1189128150,node-259703176,node-2217293898,Peters Road,secondary,34.91,,no,2,13.0536332,80.266612,13.0536131,80.2669336
edge-1189143275-1896024990-2034242522,1189143275,node-1896024990,node-2034242522,Major Mukund Varadharajan Salai,primary,73.83,4,yes,4,12.9431474,80.20787,12.9427145,80.2073542
edge-1189151046-280087144-2168960128,1189151046,node-280087144,node-2168960128,St Thomas Mount Subway,primary,16.63,,no,2,12.9943748,80.2012238,12.9942253,80.2012282
edge-1189292659-30037890-11160949572,1189292659,node-30037890,node-11160949572,Unnamed Road,primary_link,15.05,,no,2,13.0566976,80.2566721,13.0566062,80.2567746
edge-1189343702-3926108702-11043753918,1189343702,node-3926108702,node-11043753918,Milk Colony Road,secondary,276.85,,no,10,13.1506309,80.241672,13.1482789,80.2409589
edge-1189343704-294094164-294091587,1189343704,node-294094164,node-294091587,Madhavaram Milk Colony Road,secondary,234.05,,no,8,13.15056,80.241904,13.1524582,80.2428377
edge-1189392495-11044127073-1895991849,1189392495,node-11044127073,node-1895991849,Mount - Medavakkam Road,primary,148.76,,yes,6,12.9490109,80.1852019,12.9502854,80.1856188
edge-1189452648-12625490215-12625490214,1189452648,node-12625490215,node-12625490214,Chozhambedu Main Road,secondary,7.28,,yes,2,13.1178648,80.1496119,13.1178971,80.1495534
edge-1190097794-12197288483-247683967,1190097794,node-12197288483,node-247683967,Arcot Road,primary,212.21,,yes,7,13.0363392,80.1572197,13.0347846,80.1560876
edge-1190097795-2734146738-6595760727,1190097795,node-2734146738,node-6595760727,Arcot Road,primary,252.36,,yes,8,13.0348357,80.1559987,13.03659,80.157456
edge-1190097796-6595760727-247684106,1190097796,node-6595760727,node-247684106,Arcot Road,primary,34.21,,yes,2,13.03659,80.157456,13.0367454,80.1577285
edge-1190097797-247684106-11050411640,1190097797,node-247684106,node-11050411640,Arcot Road,primary,99.75,,yes,3,13.0367454,80.1577285,13.0371448,80.1585529
edge-1190108435-254491199-254491206,1190108435,node-254491199,node-254491206,Perambur Barracks Salai,secondary,282.82,2,yes,7,13.0973747,80.2592517,13.0998747,80.2597313
edge-1190292364-314707095-5619443117,1190292364,node-314707095,node-5619443117,Arcot Road,primary,852.86,1,yes,28,13.0480347,80.2038574,13.0498745,80.2114763
edge-1190305515-7821539480-7821849935,1190305515,node-7821539480,node-7821849935,Unnamed Road,primary,45.09,,yes,3,13.1842365,80.203018,13.1838317,80.2029937
edge-1190305516-3905385589-7723872178,1190305516,node-3905385589,node-7723872178,Unnamed Road,primary,189.09,,yes,5,13.1838227,80.2029289,13.185514,80.2030847
edge-1190357413-12128950150-9983284191,1190357413,node-12128950150,node-9983284191,Unnamed Road,secondary,261.8,,yes,8,13.1096974,80.1659244,13.1098743,80.1635206
edge-1190588627-10232962349-344424423,1190588627,node-10232962349,node-344424423,Perambur High Road,secondary,286.9,,yes,3,13.1082336,80.248871,13.1079238,80.246241
edge-1190588628-11054731792-11054731793,1190588628,node-11054731792,node-11054731793,Unnamed Road,secondary,461.11,,yes,11,13.1080001,80.2461235,13.1084501,80.2503512
edge-1190778607-11054731793-10232962349,1190778607,node-11054731793,node-10232962349,Perambur High Road,secondary,162.86,,yes,3,13.1084501,80.2503512,13.1082336,80.248871
edge-1190789209-338687603-9865525454,1190789209,node-338687603,node-9865525454,Mount - Poonamallee - Avadi Road,primary,289.79,2,yes,7,13.0317721,80.1642923,13.0330653,80.1619699
edge-1190973751-243061235-384600362,1190973751,node-243061235,node-384600362,Luz Church Road,secondary,149.07,,yes,4,13.0386649,80.2586844,13.0387877,80.2573172
edge-1190973752-243061448-247688244,1190973752,node-243061448,node-247688244,Luz Church Road,secondary,176.83,,yes,3,13.0377933,80.2605347,13.0384952,80.25907
edge-1191207570-11059270206-11059270230,1191207570,node-11059270206,node-11059270230,Unnamed Road,primary_link,730.23,,no,25,13.064254,80.2810028,13.0577447,80.2806024
edge-1191536078-339984275-5461538514,1191536078,node-339984275,node-5461538514,Manali High Road,primary,695.91,,yes,11,13.1812399,80.2989134,13.1765007,80.2947158
edge-1191967906-11066145358-7820130608,1191967906,node-11066145358,node-7820130608,Unnamed Road,trunk_link,25.67,,no,2,13.1287101,80.2421235,13.1285215,80.2419868
edge-1192005151-11066391371-11066391372,1192005151,node-11066391371,node-11066391372,Unnamed Road,secondary_link,8.05,,no,2,13.0688872,80.2255768,13.0689357,80.225632
edge-1192005152-11066391373-11066391374,1192005152,node-11066391373,node-11066391374,Unnamed Road,secondary_link,8.26,,no,2,13.0698331,80.2244581,13.0698923,80.2245042
edge-1192005153-11066391380-11066391377,1192005153,node-11066391380,node-11066391377,Anna Arch Flyover,secondary,18.62,2,yes,2,13.0721501,80.2217422,13.0720851,80.2219006
edge-1192032383-11066391354-245579214,1192032383,node-11066391354,node-245579214,Nungambakkam Subway,secondary,15.48,,yes,3,13.0664399,80.231515,13.0664731,80.2313762
edge-1192264363-2049311996-11068347363,1192264363,node-2049311996,node-11068347363,Unnamed Road,primary_link,20.44,,no,2,12.9204499,80.1857443,12.9206231,80.1858076
edge-1192529791-5456147875-1453608032,1192529791,node-5456147875,node-1453608032,Taramani Link Road,primary,120.45,,yes,4,12.9799944,80.2521698,12.9803054,80.251105
edge-1192561360-308313485-7826394587,1192561360,node-308313485,node-7826394587,SIDCO Industrial Estate South Phase Road,secondary,44.46,,yes,2,13.0137243,80.2043941,13.0135883,80.20478
edge-1192573701-9888848060-618620071,1192573701,node-9888848060,node-618620071,Unnamed Road,primary,309.31,,yes,10,13.0998762,80.2250373,13.1000537,80.227861
edge-1192573705-11070568456-11026353623,1192573705,node-11070568456,node-11026353623,Anna Nagar 3rd Avenue,secondary,179.78,,yes,4,13.0923351,80.2182085,13.0939487,80.2183124
edge-1192573708-11026353624-11070568462,1192573708,node-11026353624,node-11070568462,Anna Nagar 3rd Avenue,secondary,177.32,2,yes,3,13.0939259,80.2184282,13.0923349,80.2183168
edge-1192831644-10228235154-10228235155,1192831644,node-10228235154,node-10228235155,Unnamed Road,primary,57.36,,yes,2,13.1321853,80.1712383,13.132217,80.171767
edge-1193457682-308741392-10901554493,1193457682,node-308741392,node-10901554493,Konnur High Road,primary,188.71,2,yes,5,13.0999593,80.2161995,13.1006318,80.2146
edge-1193457684-9888848055-9888848060,1193457684,node-9888848055,node-9888848060,Unnamed Road,primary,1002.79,,yes,21,13.1000119,80.216228,13.0998762,80.2250373
edge-1193458474-10736873868-7731022510,1193458474,node-10736873868,node-7731022510,Suryanarayana Chetty Street,primary,1537.73,,yes,36,13.1298547,80.2958731,13.1431769,80.2996509
edge-1193458475-10736873861-10736873868,1193458475,node-10736873861,node-10736873868,Suryanarayana Chetty Street,primary,6.49,,yes,2,13.1297986,80.2958567,13.1298547,80.2958731
edge-1193458476-10736873860-13373204983,1193458476,node-10736873860,node-13373204983,Suryanarayana Chetty Street,primary,201.33,,yes,5,13.1297979,80.2959208,13.1280519,80.2954288
edge-1193458478-10736873867-10736873860,1193458478,node-10736873867,node-10736873860,Suryanarayana Chetty Street,primary,6.46,,yes,2,13.1298535,80.295938,13.1297979,80.2959208
edge-1193479260-13765800354-7723151018,1193479260,node-13765800354,node-7723151018,Grand Northern Trunk Road (Old NH5),primary,33.83,,no,4,13.1965551,80.1811692,13.1963209,80.1809896
edge-1193479261-7805429422-7805429419,1193479261,node-7805429422,node-7805429419,Grand Northern Trunk Road,trunk,11.45,,yes,2,13.1967233,80.1813177,13.1967563,80.1812175
edge-1193479262-7805429419-5566112875,1193479262,node-7805429419,node-5566112875,Grand Northern Trunk Road (Old NH5),primary,13.69,,yes,2,13.1967563,80.1812175,13.196864,80.1812787
edge-1193479263-7805429419-3874205528,1193479263,node-7805429419,node-3874205528,Grand Northern Trunk Road,trunk,1107.3,2,yes,11,13.1967563,80.1812175,13.2044625,80.1748659
edge-1193479607-294091587-294091596,1193479607,node-294091587,node-294091596,Madhavaram Milk Colony Road,secondary,738.6,,no,21,13.1524582,80.2428377,13.1587987,80.2439751
edge-1193823162-1450839411-1398137314,1193823162,node-1450839411,node-1398137314,East Coast Road,primary,239.63,,yes,6,12.9740481,80.2584392,12.9719195,80.2581429
edge-1193823163-1398137331-1457530962,1193823163,node-1398137331,node-1457530962,East Coast Road,primary,232.1,,yes,6,12.972001,80.2580422,12.9740611,80.2583399
edge-1193910630-7757024546-12129026663,1193910630,node-7757024546,node-12129026663,Thiruvottriyur – Ponneri – Panchetty Road,primary,854.27,,yes,16,13.1540604,80.2750768,13.1540083,80.2828861
edge-1193910631-7757024554-321192794,1193910631,node-7757024554,node-321192794,Thiruvottriyur – Ponneri – Panchetty Road,primary,455.18,,yes,9,13.1537719,80.2791751,13.1540255,80.2750151
edge-1193910633-12129026643-9577445282,1193910633,node-12129026643,node-9577445282,Thiruvottriyur – Ponneri – Panchetty Road,primary,111.46,,yes,3,13.153917,80.285867,13.1541775,80.2848731
edge-1193910634-11082693316-12129026643,1193910634,node-11082693316,node-12129026643,Thiruvottriyur – Ponneri – Panchetty Road,primary,52.06,,yes,3,13.1537299,80.2863077,13.153917,80.285867
edge-1193910635-9577445276-11082693316,1193910635,node-9577445276,node-11082693316,Thiruvottriyur – Ponneri – Panchetty Road,primary,74.41,,yes,3,13.1534648,80.2869387,13.1537299,80.2863077
edge-1193975087-9181560202-11953521210,1193975087,node-9181560202,node-11953521210,Anna Salai (Mount Road),primary,30.37,3,yes,2,13.0360676,80.246323,13.0357998,80.2462679
edge-1194208595-257439085-5745671527,1194208595,node-257439085,node-5745671527,Semmozhi Salai,primary,293.75,2,yes,5,12.9169937,80.1942384,12.914408,80.1947926
edge-1195527180-30051698-11953521211,1195527180,node-30051698,node-11953521211,Anna Salai (Mount Road),primary,20.38,,yes,2,13.0355957,80.2459911,13.0357748,80.246031
edge-1195947900-7812473162-7812490593,1195947900,node-7812473162,node-7812490593,Kodambakkam – Sriperumbudur Road,primary,972.49,,yes,31,13.0150542,80.1357251,13.019787,80.1431668
edge-1196754721-1837807214-30037939,1196754721,node-1837807214,node-30037939,Grand Southern Trunk Road,trunk,1141.0,2,yes,20,12.9375064,80.1283921,12.9299684,80.1212568
edge-1196773155-11779698285-4001265760,1196773155,node-11779698285,node-4001265760,Medavakkam Tank Road,secondary,12.55,,yes,2,13.0855569,80.245167,13.0855829,80.2452798
edge-1196773156-9596798968-4001265763,1196773156,node-9596798968,node-4001265763,Purasawalkam High Road,secondary,11.73,,yes,2,13.0856695,80.245268,13.0856484,80.2451619
edge-1198741667-257439085-2049352415,1198741667,node-257439085,node-2049352415,Major Mukund Varadharajan Salai,primary,199.75,2,yes,7,12.9169937,80.1942384,12.917066,80.1924073
edge-1198741668-2051096418-2049352415,1198741668,node-2051096418,node-2049352415,Medavakkam - Mambakkam - Sembakkam Road,primary,31.95,2,yes,2,12.9173533,80.1924093,12.917066,80.1924073
edge-1198741669-11925340274-9711061513,1198741669,node-11925340274,node-9711061513,Major Mukund Varadharajan Salai,primary,58.1,2,yes,3,12.9170818,80.1922722,12.9171369,80.1917391
edge-1198892559-11121446098-338666204,1198892559,node-11121446098,node-338666204,Unnamed Road,trunk,79.38,1,yes,4,13.0436535,80.1496838,13.0429409,80.1496762
edge-1198892561-11121446097-338666202,1198892561,node-11121446097,node-338666202,Unnamed Road,trunk,57.4,1,yes,3,13.0436298,80.1495626,13.0441412,80.1495046
edge-1198892562-338666198-11121446098,1198892562,node-338666198,node-11121446098,Unnamed Road,trunk,53.47,1,yes,4,13.04413,80.1497383,13.0436535,80.1496838
edge-1199414978-10316068285-10316068282,1199414978,node-10316068285,node-10316068282,Water canal road,secondary,391.58,2,yes,5,13.1322309,80.1921153,13.128963,80.1934619
edge-1199725349-5939197606-2271543367,1199725349,node-5939197606,node-2271543367,Muthuswamy Bridge,primary,154.7,,yes,19,13.0802865,80.2808397,13.0815726,80.281023
edge-1199725350-2271543364-5939197605,1199725350,node-2271543364,node-5939197605,Muthuswamy Bridge,primary,143.46,,yes,18,13.0815217,80.2810762,13.0803358,80.2808888
edge-1201366366-10918138026-247437530,1201366366,node-10918138026,node-247437530,Pallavan Salai,secondary,15.25,,yes,3,13.0772122,80.2762588,13.0770794,80.276291
edge-1201366367-2241833408-966544036,1201366367,node-2241833408,node-966544036,Pallavan Salai,secondary,10.85,,yes,2,13.077115,80.276213,13.0772072,80.2761802
edge-1201588256-10120160542-10120160592,1201588256,node-10120160542,node-10120160592,Velachery Upper Flyover,primary,539.76,,yes,14,12.9781695,80.2248246,12.9756328,80.2205984
edge-1201588257-10120160592-10120160590,1201588257,node-10120160592,node-10120160590,Velachery Upper Flyover,primary,44.87,,yes,7,12.9756328,80.2205984,12.9757596,80.2202138
edge-1201840737-334006953-1398137331,1201840737,node-334006953,node-1398137331,East Coast Road,primary,298.39,,yes,9,12.9693963,80.2575687,12.972001,80.2580422
edge-1201934112-11770880040-10942180833,1201934112,node-11770880040,node-10942180833,Arunachalam Street,secondary,14.18,,yes,4,13.0763258,80.266194,13.0763165,80.2663236
edge-1202024799-290017404-276517449,1202024799,node-290017404,node-276517449,MKB Nagar West Avenue,secondary,504.78,,no,8,13.1229023,80.2592924,13.1183652,80.2594434
edge-1202024842-247436728-247436729,1202024842,node-247436728,node-247436729,Cochrane Basin Road,secondary,44.75,,no,2,13.1065007,80.2724532,13.106873,80.2722963
edge-1202024843-603480775-247436728,1202024843,node-603480775,node-247436728,Cochrane Basin Road,secondary,274.44,,no,11,13.1044391,80.2734528,13.1065007,80.2724532
edge-1202063737-298357800-13991726718,1202063737,node-298357800,node-13991726718,4th Avenue,secondary,368.38,,yes,6,13.0467594,80.2188113,13.0437789,80.2174356
edge-1202063738-277433905-277435125,1202063738,node-277433905,node-277435125,Rangarajapuram Main Road,secondary,527.27,,yes,8,13.0467058,80.226224,13.0478996,80.2215145
edge-1203463115-249269141-249269160,1203463115,node-249269141,node-249269160,Grand Southern Trunk Road,trunk,76.46,2,yes,3,12.9441527,80.1346304,12.944719,80.1350306
edge-1203888498-11158572903-249497699,1203888498,node-11158572903,node-249497699,Unnamed Road,secondary_link,43.06,,yes,4,13.0067779,80.2575987,13.0063909,80.2575913
edge-1203895015-11158696492-11158696496,1203895015,node-11158696492,node-11158696496,Unnamed Road,secondary,33.78,,yes,6,13.0112009,80.2230702,13.0114955,80.2230235
edge-1204647704-13904341351-2001025757,1204647704,node-13904341351,node-2001025757,Sir Thyagaraya Road,secondary,387.5,3,yes,6,13.039961,80.2438308,13.0403971,80.240288
edge-1205691052-12625583461-10281683488,1205691052,node-12625583461,node-10281683488,Unnamed Road,primary,251.5,,yes,3,12.987272,80.251599,12.9850757,80.2521534
edge-1205691053-11173435364-6774041896,1205691053,node-11173435364,node-6774041896,Unnamed Road,primary,43.96,,yes,2,12.9862657,80.2517351,12.9866501,80.2516402
edge-1205852873-9869953179-9869953178,1205852873,node-9869953179,node-9869953178,Grand Northern Trunk Road,primary,369.68,,yes,7,13.1339905,80.2157235,13.1309775,80.2143338
edge-1205852874-11174423224-11174423223,1205852874,node-11174423224,node-11174423223,Grand Northern Trunk Road,primary,6.51,,yes,2,13.1305695,80.2140849,13.1305238,80.2140473
edge-1206085531-11041776900-10115906291,1206085531,node-11041776900,node-10115906291,New Avadi Road,secondary,1112.59,,yes,20,13.0926348,80.2262322,13.0875505,80.2345907
edge-1206788493-9728607870-12539908759,1206788493,node-9728607870,node-12539908759,Thiruvika Salai,secondary,125.18,,yes,4,13.0389366,80.2676627,13.0378119,80.2676899
edge-1206836407-247714661-330413879,1206836407,node-247714661,node-330413879,Racecourse Road,secondary,97.85,1,yes,9,13.0052438,80.2125876,13.0060297,80.2128898
edge-1206879466-11183232599-11183232600,1206879466,node-11183232599,node-11183232600,Unnamed Road,primary_link,10.08,,no,2,12.9833506,80.2178496,12.9833477,80.2179426
edge-1207346136-7731062365-11187180994,1207346136,node-7731062365,node-11187180994,Unnamed Road,primary,17.52,,no,2,13.1734361,80.3058133,13.1734716,80.3056556
edge-1208320327-3287846867-11044127073,1208320327,node-3287846867,node-11044127073,Mount - Medavakkam Road,primary,622.45,,yes,20,12.9440494,80.1829517,12.9490109,80.1852019
edge-1208949273-277587992-11454997987,1208949273,node-277587992,node-11454997987,Madhavaram - Red Hills Road,primary,140.37,2,yes,3,13.1389264,80.2376127,13.1377128,80.2379494
edge-1210791248-7799977298-11474824441,1210791248,node-7799977298,node-11474824441,Chennai - Chittoor - Bangalore Road (Old NH4),primary,1483.7,,yes,46,13.0449982,80.115743,13.0547764,80.123861
edge-1210949599-11397712710-248468930,1210949599,node-11397712710,node-248468930,Unnamed Road,secondary,320.15,,yes,17,13.0675607,80.2588594,13.0695183,80.2567411
edge-1210961436-314643678-314643669,1210961436,node-314643678,node-314643669,NSK Salai,primary,240.13,,yes,6,13.0506076,80.2146095,13.0513071,80.2167055
edge-1211048659-11474824448-248454208,1211048659,node-11474824448,node-248454208,Chennai - Chittoor - Bangalore Road (Old NH4),primary,1517.08,,yes,54,13.0547978,80.1239563,13.0449163,80.115606
edge-1211048661-331888444-249269150,1211048661,node-331888444,node-249269150,Unnamed Road,trunk,390.64,2,yes,4,12.9466424,80.1365524,12.9495179,80.138621
edge-1211048662-249269160-331888444,1211048662,node-249269160,node-331888444,Grand Southern Trunk Road,trunk,270.07,2,yes,2,12.944719,80.1350306,12.9466424,80.1365524
edge-1211074460-9913682314-2271543448,1211074460,node-9913682314,node-2271543448,Muthuswamy Road,primary,89.35,,yes,5,13.0850451,80.2836834,13.0854441,80.2843995
edge-1211074461-11096437549-6926845391,1211074461,node-11096437549,node-6926845391,Anna Salai (Mount Road),primary,345.04,,yes,8,13.0361034,80.2461051,13.0391271,80.2468172
edge-1211074465-308209327-250365152,1211074465,node-308209327,node-250365152,Unnamed Road,secondary_link,260.13,,yes,6,13.0451626,80.2401677,13.0462446,80.2422806
edge-1211074466-1701464406-2068622267,1211074466,node-1701464406,node-2068622267,Gopathi Narayanaswami Flyover,secondary,5.84,,yes,2,13.0440559,80.2383224,13.0440819,80.2383692
edge-1211074468-2250346222-277435623,1211074468,node-2250346222,node-277435623,7th Avenue,secondary,12.24,,no,2,13.0314435,80.2159063,13.0313339,80.2158956
edge-1211074469-2250346222-2250346242,1211074469,node-2250346222,node-2250346242,11th Avenue,secondary,198.01,,yes,4,13.0314435,80.2159063,13.0315887,80.2177279
edge-1211074471-308317083-2250346323,1211074471,node-308317083,node-2250346323,Inner Ring Road,primary,48.86,,yes,4,13.0344574,80.2121826,13.0340394,80.2120523
edge-1211074472-13997368928-11220909946,1211074472,node-13997368928,node-11220909946,Ashok Pillar Road,secondary,143.43,,yes,3,13.0360019,80.2044486,13.0358165,80.2057589
edge-1211074473-11220909947-13997368929,1211074473,node-11220909947,node-13997368929,Ashok Pillar Road,secondary,143.53,,yes,4,13.0356997,80.2057471,13.0359326,80.2044446
edge-1211074474-9189120657-308316986,1211074474,node-9189120657,node-308316986,15th Avenue,primary,28.34,,yes,2,13.034141,80.2099146,13.0343909,80.2099662
edge-1211074476-277435623-13794389907,1211074476,node-277435623,node-13794389907,11th Avenue,secondary,451.27,,yes,8,13.0313339,80.2158956,13.0318881,80.2117701
edge-1211074477-277498945-277434349,1211074477,node-277498945,node-277434349,Arya Gowda Road,secondary,111.9,,no,3,13.0419282,80.2218068,13.0429082,80.2220416
edge-1211074478-2197215546-2197203003,1211074478,node-2197215546,node-2197203003,Panagal Park,secondary,19.0,,yes,3,13.040571,80.233671,13.0405658,80.2338434
edge-1211074479-12415866922-248697312,1211074479,node-12415866922,node-248697312,Venkatanarayana Road,secondary,120.78,1,yes,3,13.0334551,80.2381716,13.0343838,80.2375933
edge-1211074481-9531343917-9181560202,1211074481,node-9531343917,node-9181560202,Anna Salai (Mount Road),primary,342.65,,yes,9,13.0390833,80.2469712,13.0360676,80.246323
edge-1211197946-309178281-10968481991,1211197946,node-309178281,node-10968481991,Anna Salai (Mount Road),primary,332.66,,yes,15,13.067875,80.2708859,13.0664255,80.268369
edge-1211197948-309178256-5460705612,1211197948,node-309178256,node-5460705612,Anna Salai (Mount Road),primary,105.49,,yes,5,13.0662769,80.268431,13.0657269,80.267641
edge-1212225187-13880733754-13880733755,1212225187,node-13880733754,node-13880733755,Pantheon Road,secondary,355.49,,yes,12,13.0710218,80.2584185,13.0732315,80.260774
edge-1213008163-247714662-12125873714,1213008163,node-247714662,node-12125873714,Racecourse Road,secondary,95.41,2,yes,3,13.0052297,80.2126552,13.0044672,80.2122514
edge-1213289624-251299059-2407556311,1213289624,node-251299059,node-2407556311,Service Road,trunk_link,465.69,,yes,11,12.980061,80.1628777,12.9816786,80.1668099
edge-1213515278-2165484594-2165484616,1213515278,node-2165484594,node-2165484616,Major Mukund Varadharajan Salai,primary,275.17,,yes,7,12.953368,80.2118374,12.9556768,80.212751
edge-1213546502-9872385102-247438428,1213546502,node-9872385102,node-247438428,Broadway Road,secondary,133.39,,no,6,13.0896638,80.285469,13.0884768,80.2852912
edge-1213759081-11245112267-6749046128,1213759081,node-11245112267,node-6749046128,Ambattur Estate Road,primary,758.15,2,yes,8,13.0891684,80.161534,13.0888092,80.1685238
edge-1213765616-276608308-13284659908,1213765616,node-276608308,node-13284659908,1st Avenue,secondary,164.2,2,yes,3,13.0887777,80.1696061,13.0873048,80.1695001
edge-1213765617-13284659908-1952411368,1213765617,node-13284659908,node-1952411368,1st Avenue,secondary,212.53,2,yes,7,13.0873048,80.1695001,13.0854571,80.169893
edge-1215801618-276639704-11264708809,1215801618,node-276639704,node-11264708809,Ambattur Estate Road,primary,37.01,2,no,3,13.0892457,80.1608891,13.08924,80.1612308
edge-1215805186-735219572-11264679158,1215805186,node-735219572,node-11264679158,Jawaharlal Nehru Road (100 Feet Road),primary,22.33,3,yes,3,13.0764857,80.1991517,13.0762864,80.1991768
edge-1215805187-11264679158-338720683,1215805187,node-11264679158,node-338720683,Jawaharlal Nehru Road (100 Feet Road),primary,33.58,3,yes,2,13.0762864,80.1991768,13.0759872,80.1992191
edge-1216170515-7814859426-10567785200,1216170515,node-7814859426,node-10567785200,Mount - Medavakkam Road,primary,11.27,2,yes,2,12.9665767,80.1888764,12.9664808,80.1888427
edge-1216196765-2271478415-2271478323,1216196765,node-2271478415,node-2271478323,Wall Tax Road,trunk,535.94,,yes,13,13.091413,80.2752715,13.0866209,80.2757841
edge-1217024017-6074258024-1446415769,1217024017,node-6074258024,node-1446415769,Dr MGR Main Road,secondary,55.6,,yes,3,12.9635281,80.246546,12.9640055,80.2463933
edge-1217024018-1454653737-1454653729,1217024018,node-1454653737,node-1454653729,Dr MGR Main Road,secondary,50.84,,yes,3,12.9640017,80.2464835,12.9635751,80.2466445
edge-1217541967-11953612798-11281483079,1217541967,node-11953612798,node-11281483079,Vivekananda nagar main road,secondary,19.59,1,yes,4,13.1232872,80.2015378,13.1234583,80.2015157
edge-1217541968-11281483080-6759592269,1217541968,node-11281483080,node-6759592269,Vivekananda Nagar Main Road,secondary,39.4,1,yes,3,13.1238109,80.2015481,13.1234566,80.2015473
edge-1217541969-6759592269-11953612798,1217541969,node-6759592269,node-11953612798,Vivekananda nagar main road,secondary,18.91,1,yes,5,13.1234566,80.2015473,13.1232872,80.2015378
edge-1217541970-6770945714-11281483080,1217541970,node-6770945714,node-11281483080,Vivekananda nagar main road,secondary,9.75,1,yes,2,13.123898,80.2015375,13.1238109,80.2015481
edge-1217541971-11281483078-6770945714,1217541971,node-11281483078,node-6770945714,Vivekananda nagar main road,secondary,19.81,1,yes,3,13.1237208,80.2015217,13.123898,80.2015375
edge-1218723364-30037891-264481342,1218723364,node-30037891,node-264481342,Anna Salai (Mount Road),primary,453.81,3,yes,17,13.0577844,80.2576907,13.0604208,80.2608883
edge-1218725120-11292801140-11292801151,1218725120,node-11292801140,node-11292801151,Strahans Road,secondary,43.38,,yes,3,13.097871,80.2518025,13.0978708,80.2514153
edge-1218725121-11292801154-9637496699,1218725121,node-11292801154,node-9637496699,Strahans Road,primary,14.21,,yes,3,13.0981348,80.2511143,13.0982186,80.2510154
edge-1218725122-11292801153-11292801154,1218725122,node-11292801153,node-11292801154,Otteri Bridge,primary,29.8,,yes,2,13.0979536,80.251317,13.0981348,80.2511143
edge-1218727011-254497224-11292812955,1218727011,node-254497224,node-11292812955,D'Mellows Salai,secondary,37.01,,yes,3,13.0942828,80.2681408,13.0940836,80.2684063
edge-1218727012-11292812955-10277778750,1218727012,node-11292812955,node-10277778750,Elephant Gate Bridge Road,secondary,50.69,,yes,5,13.0940836,80.2684063,13.0945124,80.2685475
edge-1218727013-11292812953-11292812955,1218727013,node-11292812953,node-11292812955,Elephant Gate Bridge Road,secondary,10.72,,yes,2,13.0939892,80.2683862,13.0940836,80.2684063
edge-1218727014-11292812957-10277778745,1218727014,node-11292812957,node-10277778745,Basin Bridge Road,secondary,10.98,,yes,2,13.0940109,80.2684607,13.0939138,80.2684423
edge-1218727015-11292812955-11292812957,1218727015,node-11292812955,node-11292812957,Basin Bridge Road,secondary,10.0,,yes,2,13.0940836,80.2684063,13.0940109,80.2684607
edge-1218727016-11292812953-254497224,1218727016,node-11292812953,node-254497224,D'Mellows Salai,secondary,42.75,2,yes,4,13.0939892,80.2683862,13.0942828,80.2681408
edge-1218729896-254497196-2214510152,1218729896,node-254497196,node-2214510152,Raja Muthiah Road,secondary,5.11,,yes,2,13.0842894,80.2704402,13.0843346,80.2704317
edge-1218729897-2214510152-11292824785,1218729897,node-2214510152,node-11292824785,Vepery High Road,secondary,10.05,,yes,2,13.0843346,80.2704317,13.0842968,80.270516
edge-1218729898-11292824785-2214510127,1218729898,node-11292824785,node-2214510127,Raja Muthiah Road,secondary,4.49,,yes,2,13.0842968,80.270516,13.0842566,80.2705201
edge-1218729899-254497196-254491155,1218729899,node-254497196,node-254491155,Vepery High Road,secondary,834.83,,yes,24,13.0842894,80.2704402,13.0855773,80.2629079
edge-1219504709-303284207-2271543502,1219504709,node-303284207,node-2271543502,North Fort Road,primary,382.8,,yes,10,13.0852543,80.2879154,13.0877738,80.2898747
edge-1219504710-11037108552-303284207,1219504710,node-11037108552,node-303284207,North Fort Road,primary,5.5,,yes,2,13.0852503,80.2878648,13.0852543,80.2879154
edge-1219504712-4086883012-247435318,1219504712,node-4086883012,node-247435318,North Fort Road,primary,149.14,,yes,5,13.0856272,80.2891764,13.0851444,80.2879178
edge-1219504713-247435318-11299713964,1219504713,node-247435318,node-11299713964,North Fort Road,primary,6.25,,yes,2,13.0851444,80.2879178,13.0851394,80.2878603
edge-1219744655-6590644585-11302101383,1219744655,node-6590644585,node-11302101383,College Road,secondary,40.33,,yes,3,13.0673225,80.2518451,13.0673215,80.2514749
edge-1219918530-10228235212-10228247533,1219918530,node-10228235212,node-10228247533,Unnamed Road,primary,1305.49,2,yes,29,13.1534229,80.194476,13.15841,80.2022846
edge-1219918531-10228235210-10228235212,1219918531,node-10228235210,node-10228235212,Unnamed Road,primary,66.3,,yes,4,13.1529142,80.1941599,13.1534229,80.194476
edge-1219943247-338665895-7810046661,1219943247,node-338665895,node-7810046661,Arcot Road,primary,40.59,,yes,3,13.0377441,80.1606494,13.0377731,80.1610229
edge-1220199729-243066458-243066459,1220199729,node-243066458,node-243066459,TTK Road,secondary,82.21,,no,2,13.0475717,80.2612511,13.0482192,80.2616175
edge-1220251244-289175736-289200583,1220251244,node-289175736,node-289200583,Thiruvottriyur High Road,secondary,345.21,,no,8,13.1184913,80.2850868,13.1212712,80.286505
edge-1221472749-1183471409-2188511111,1221472749,node-1183471409,node-2188511111,Ramkrishna Mutt Road,secondary,127.05,,yes,5,13.0357677,80.2678895,13.0346403,80.2680223
edge-1221658235-1470581765-339986193,1221658235,node-1470581765,node-339986193,Manali Oil Refinary Road,primary,948.49,,yes,8,13.1764336,80.2786746,13.177882,80.2700461
edge-1221659080-1470581758-1184362570,1221659080,node-1470581758,node-1184362570,Manali Oil Refinary Road,primary,1051.64,,yes,8,13.1761495,80.2811888,13.175321,80.2908351
edge-1221659085-1470581766-1470581758,1221659085,node-1470581766,node-1470581758,Manali Oil Refinary Road,primary,204.09,,yes,2,13.1764592,80.2793308,13.1761495,80.2811888
edge-1221710299-303284388-2271543538,1221710299,node-303284388,node-2271543538,Rajaji Salai,primary,78.07,,yes,2,13.0888071,80.2904488,13.0881339,80.290244
edge-1221710300-2271543502-303284387,1221710300,node-2271543502,node-303284387,Rajaji Salai,primary,102.91,,yes,4,13.0877738,80.2898747,13.0886173,80.2902607
edge-1221710301-303284387-247435500,1221710301,node-303284387,node-247435500,Rajaji Salai,primary,27.58,,yes,2,13.0886173,80.2902607,13.0888458,80.2903598
edge-1221710302-11330683032-11330683033,1221710302,node-11330683032,node-11330683033,Unnamed Road,secondary,21.53,,no,2,13.0886783,80.2901336,13.0888603,80.2902015
edge-1221710303-247435500-303284388,1221710303,node-247435500,node-303284388,Unnamed Road,secondary,10.56,,no,2,13.0888458,80.2903598,13.0888071,80.2904488
edge-1221710304-11330683034-10102276266,1221710304,node-11330683034,node-10102276266,Unnamed Road,secondary,33.95,,yes,4,13.0888532,80.2900973,13.088918,80.2903957
edge-1221909417-11043964126-10208687985,1221909417,node-11043964126,node-10208687985,Unnamed Road,primary,141.43,2,yes,3,13.0891719,80.1613959,13.0879015,80.1613331
edge-1221909418-11043964126-11245112267,1221909418,node-11043964126,node-11245112267,Ambattur Estate Road,primary,14.96,2,yes,2,13.0891719,80.1613959,13.0891684,80.161534
edge-1221909419-11043964127-276608309,1221909419,node-11043964127,node-276608309,Unnamed Road,primary,15.86,3,yes,2,13.0892338,80.161318,13.0893764,80.161322
edge-1221909420-11264708809-11043964127,1221909420,node-11264708809,node-11043964127,Ambattur Estate Road,primary,9.47,2,no,2,13.08924,80.1612308,13.0892338,80.161318
edge-1222194400-329974537-299382073,1222194400,node-329974537,node-299382073,Mount - Medavakkam Road,primary,36.29,,no,2,12.9938922,80.2012281,12.9935659,80.2012362
edge-1225570036-249797465-247974345,1225570036,node-249797465,node-247974345,CP Ramaswamy Road,secondary,221.17,,yes,10,13.0308997,80.2566508,13.0289174,80.2564883
edge-1226689460-11375128178-278989586,1226689460,node-11375128178,node-278989586,Pachaiyappan Street,secondary,380.61,,no,12,13.0309859,80.1974322,13.0314553,80.2008036
edge-1226689461-11375128179-11375128178,1226689461,node-11375128179,node-11375128178,Pachaiyappan Street,secondary,35.22,,no,2,13.0309963,80.1971073,13.0309859,80.1974322
edge-1227090163-11378966113-11378966121,1227090163,node-11378966113,node-11378966121,OMR Service Road Flyover,primary_link,241.26,2,yes,9,12.9987991,80.2484203,12.9988551,80.2487999
edge-1227090164-11378966124-11378966113,1227090164,node-11378966124,node-11378966113,OMR Service Road Flyover,primary_link,137.3,2,yes,2,12.997609,80.2487579,12.9987991,80.2484203
edge-1227090165-11378966121-11378966132,1227090165,node-11378966121,node-11378966132,OMR Service Road Flyover,primary_link,129.26,2,yes,2,12.9988551,80.2487999,12.9977208,80.2490608
edge-1227090166-11378966125-11378966124,1227090166,node-11378966125,node-11378966124,OMR Service Road Flyover,primary_link,30.5,2,yes,3,12.9973675,80.2488909,12.997609,80.2487579
edge-1227090167-11378966132-11378966123,1227090167,node-11378966132,node-11378966123,OMR Service Road Flyover,primary_link,28.82,2,yes,2,12.9977208,80.2490608,12.9974713,80.2489887
edge-1227545251-7831280668-7831280673,1227545251,node-7831280668,node-7831280673,Suryanarayana Street,primary,178.83,,yes,11,13.1256316,80.294757,13.1240773,80.2943894
edge-1228478447-5458564176-12656887188,1228478447,node-5458564176,node-12656887188,Anna Salai (Mount Road),primary,158.45,3,yes,4,13.0614521,80.2623762,13.0605507,80.2612433
edge-1228478448-309182932-5458564176,1228478448,node-309182932,node-5458564176,Unnamed Road,primary,112.99,,yes,3,13.0621081,80.2631703,13.0614521,80.2623762
edge-1228478450-5460685934-248467445,1228478450,node-5460685934,node-248467445,Anna Salai (Mount Road),primary,199.95,,yes,2,13.0609092,80.2614829,13.0620586,80.2629025
edge-1228989443-1937742729-964604190,1228989443,node-1937742729,node-964604190,Major Mukund Varadharajan Salai,primary,218.48,4,yes,8,12.9418588,80.2063839,12.9432528,80.2077917
edge-1228989444-2165484616-978454279,1228989444,node-2165484616,node-978454279,Major Mukund Varadharajan Salai,primary,100.43,,yes,2,12.9556768,80.212751,12.9565214,80.2130794
edge-1229033616-315260055-308317083,1229033616,node-315260055,node-308317083,Jawaharlal Nehru Road (100 Feet Road),primary,320.09,,yes,7,13.0373232,80.2124402,13.0344574,80.2121826
edge-1229033617-315260055-256606767,1229033617,node-315260055,node-256606767,4th Avenue,secondary,16.25,,yes,2,13.0373232,80.2124402,13.0373172,80.2122903
edge-1229033618-256606767-7027588133,1229033618,node-256606767,node-7027588133,Jawaharlal Nehru Road (100 Feet Road),primary,15.61,,yes,2,13.0373172,80.2122903,13.0374574,80.2122978
edge-1229033619-12880492467-277434297,1229033619,node-12880492467,node-277434297,Jawaharlal Nehru Road (100 Feet Road),primary,740.54,,yes,10,13.0376205,80.2123063,13.0442799,80.2122478
edge-1229033620-7027588134-315260055,1229033620,node-7027588134,node-315260055,Jawaharlal Nehru Road (100 Feet Road),primary,15.11,,yes,2,13.0374591,80.2124417,13.0373232,80.2124402
edge-1229033621-7027588134-7027588117,1229033621,node-7027588134,node-7027588117,Dr Ambedkar Road,secondary,457.96,,yes,10,13.0374591,80.2124417,13.0405022,80.2150596
edge-1229035285-9189193690-11397712710,1229035285,node-9189193690,node-11397712710,Montieth Road,secondary,56.12,,yes,3,13.0679279,80.2585071,13.0675607,80.2588594
edge-1229211204-618642002-257937799,1229211204,node-618642002,node-257937799,Portious Road,secondary,38.55,,no,3,13.1025415,80.2310587,13.1027712,80.2307921
edge-1229235738-1952269837-6771724332,1229235738,node-1952269837,node-6771724332,Rajiv Gandhi Salai,primary,57.81,3,yes,2,12.9574961,80.2438866,12.9579758,80.2440923
edge-1229241061-13855405772-11399757803,1229241061,node-13855405772,node-11399757803,Unnamed Road,secondary,57.84,,yes,5,13.1080456,80.2448728,13.1081807,80.2444168
edge-1229576761-7826394587-11190420699,1229576761,node-7826394587,node-11190420699,SIDCO Industrial Estate South Phase Road,secondary,117.81,,yes,4,13.0135883,80.20478,13.0132413,80.2058074
edge-1229594169-310535744-310535742,1229594169,node-310535744,node-310535742,Dr Muthulakshmi Salai,secondary,90.86,2,yes,2,12.9977453,80.2559662,12.9969294,80.2559195
edge-1230134124-11407760007-333218976,1230134124,node-11407760007,node-333218976,Unnamed Road,secondary_link,14.98,,no,2,13.0885116,80.2633057,13.0884061,80.2633917
edge-1231030954-4294199689-7101220995,1231030954,node-4294199689,node-7101220995,Rajiv Gandhi IT Expressway,primary,268.44,1,yes,4,12.99067,80.2507287,12.9883249,80.251317
edge-1231044883-9575366940-1945613057,1231044883,node-9575366940,node-1945613057,Unnamed Road,primary,20.74,,yes,2,12.9008871,80.2281811,12.9009007,80.2279903
edge-1232161315-9885084116-10970891292,1232161315,node-9885084116,node-10970891292,Alandur Road,secondary,10.04,,no,2,13.0183734,80.218775,13.0183082,80.2187109
edge-1232326683-254142553-289175832,1232326683,node-254142553,node-289175832,Thiruvottriyur High Road,secondary,163.32,,no,3,13.1160606,80.28344,13.117284,80.2842743
edge-1232329871-2034242522-2077234673,1232329871,node-2034242522,node-2077234673,Major Mukund Varadharajan Salai,primary,1156.94,4,yes,32,12.9427145,80.2073542,12.9331007,80.2037682
edge-1232329872-1896024971-1941344306,1232329872,node-1896024971,node-1941344306,Velachery Mudhanmai Salai,primary,2.55,4,yes,2,12.9309422,80.2030198,12.9309194,80.2030176
edge-1232381656-3670178099-11431663710,1232381656,node-3670178099,node-11431663710,Elephant Gate Bridge Road,secondary,68.18,,yes,2,13.0927611,80.274262,13.0932389,80.2738674
edge-1232381657-11431663711-2271478447,1232381657,node-11431663711,node-2271478447,Elephant Gate Bridge Road,secondary,67.7,,yes,3,13.0932832,80.2739237,13.0928113,80.2743186
edge-1232381658-610410593-11431663719,1232381658,node-610410593,node-11431663719,Unnamed Road,secondary,72.31,,yes,9,13.0925959,80.2745206,13.0923317,80.2751074
edge-1232381659-11431663719-247438025,1232381659,node-11431663719,node-247438025,Unnamed Road,secondary,77.94,,yes,9,13.0923317,80.2751074,13.0925415,80.2744626
edge-1232686633-10024263539-11032126780,1232686633,node-10024263539,node-11032126780,Paper Mills Road,secondary,13.4,,yes,2,13.1474989,80.2042219,13.1473786,80.204215
edge-1234220606-2197202980-2001077836,1234220606,node-2197202980,node-2001077836,Thanikachalam Road,secondary,149.6,,yes,4,13.0404287,80.2399497,13.0390937,80.2397784
edge-1234240073-11454997986-277587992,1234240073,node-11454997986,node-277587992,Madhavaram - Red Hills Road,primary,132.27,2,yes,3,13.1377555,80.2378216,13.1389264,80.2376127
edge-1234240074-5397491673-277587993,1234240074,node-5397491673,node-277587993,Madhavaram - Red Hills Road,primary,98.3,2,yes,3,13.137601,80.2379703,13.1367307,80.2381246
edge-1234869340-344731818-13765800353,1234869340,node-344731818,node-13765800353,Grand Northern Trunk Road (Old NH5),primary,333.28,,yes,8,13.1941061,80.1832757,13.1963532,80.1812525
edge-1234958753-300455623-1453486869,1234958753,node-300455623,node-1453486869,Rajiv Gandhi Salai,primary,113.2,2,yes,4,12.9539713,80.2424189,12.9549082,80.2428276
edge-1235211588-12625583481-1241194854,1235211588,node-12625583481,node-1241194854,Rajiv Gandhi IT Expressway,primary,445.08,1,yes,12,12.988077,80.2512668,12.9919704,80.2503136
edge-1235211589-11465923795-4294199689,1235211589,node-11465923795,node-4294199689,Rajiv Gandhi IT Expressway,primary,144.82,1,yes,4,12.9919348,80.25041,12.99067,80.2507287
edge-1235214290-5562486549-11378966125,1235214290,node-5562486549,node-11378966125,Rajiv Gandhi IT Expressway,primary,340.81,4,yes,5,12.994403,80.2496895,12.9973675,80.2488909
edge-1235214291-11378966123-11768869712,1235214291,node-11378966123,node-11768869712,Rajiv Gandhi IT Expressway,primary,349.59,4,yes,3,12.9974713,80.2489887,12.9944221,80.2497747
edge-1235214292-11378966125-11465971236,1235214292,node-11378966125,node-11465971236,Rajiv Gandhi IT Expressway,primary,284.23,2,yes,4,12.9973675,80.2488909,12.9998566,80.2482941
edge-1235214293-11465971237-11378966123,1235214293,node-11465971237,node-11378966123,Rajiv Gandhi IT Expressway,primary,275.84,2,yes,4,12.9998869,80.2484104,12.9974713,80.2489887
edge-1235214294-11465971236-11465900505,1235214294,node-11465971236,node-11465900505,Rajiv Gandhi IT Expressway,primary,152.58,4,yes,3,12.9998566,80.2482941,13.0011876,80.2479516
edge-1235214295-5562486541-268789822,1235214295,node-5562486541,node-268789822,Rajiv Gandhi IT Expressway,primary,221.17,2,yes,9,13.0051386,80.2472642,13.0066442,80.24615
edge-1235236012-6816373602-11466178182,1235236012,node-6816373602,node-11466178182,Unnamed Road,primary_link,15.76,1,no,2,12.9497375,80.2363336,12.9498786,80.2363472
edge-1235236013-1949066120-415858044,1235236013,node-1949066120,node-415858044,Pallavaram - Thoraipakkam Road,primary,258.46,,yes,6,12.949,80.240227,12.9495044,80.2379008
edge-1235236015-1949066122-257439107,1235236015,node-1949066122,node-257439107,Rajiv Gandhi Salai,primary,29.5,2,yes,2,12.9486826,80.240571,12.9489332,80.2406604
edge-1235236016-978589424-11466178184,1235236016,node-978589424,node-11466178184,Rajiv Gandhi Salai,primary,33.35,2,yes,2,12.9490503,80.2406972,12.9493353,80.2407932
edge-1235236018-11466178183-978589424,1235236018,node-11466178183,node-978589424,Pallavaram - Thoraipakkam Road,primary,31.9,,yes,2,12.9491319,80.240415,12.9490503,80.2406972
edge-1235236019-1945646201-11466178187,1235236019,node-1945646201,node-11466178187,Unnamed Road,primary_link,15.05,1,yes,3,12.9555709,80.2432235,12.9556198,80.243094
edge-1235959004-11474768510-11474824466,1235959004,node-11474768510,node-11474824466,Mumbai Highway,trunk,1275.63,3,yes,33,13.0560864,80.1178494,13.0577371,80.1284541
edge-1235964068-11474824282-11474768507,1235964068,node-11474824282,node-11474768507,Poonamallee High Road Flyover,trunk,347.53,3,yes,14,13.0545977,80.1235417,13.0551071,80.1204466
edge-1235964069-11474824377-11474824283,1235964069,node-11474824377,node-11474824283,Poonamallee High Road Flyover,trunk,376.7,3,yes,9,13.0565927,80.1271723,13.0547744,80.1243031
edge-1235964071-11474824366-11474824448,1235964071,node-11474824366,node-11474824448,Unnamed Road,trunk_link,310.01,,yes,19,13.0550378,80.1211875,13.0547978,80.1239563
edge-1235964074-12164798288-11474824377,1235964074,node-12164798288,node-11474824377,Poonamallee High Road Flyover,trunk,104.53,3,yes,2,13.0571947,80.1279135,13.0565927,80.1271723
edge-1235964075-11991750452-11474824704,1235964075,node-11991750452,node-11474824704,Bengaluru - Chennai Highway,trunk,1429.65,3,yes,35,13.0614409,80.1514277,13.0611851,80.1383874
edge-1235964076-11474824466-11991750455,1235964076,node-11474824466,node-11991750455,Bengaluru - Chennai Highway,trunk,2594.19,3,yes,66,13.0577371,80.1284541,13.0615514,80.1514824
edge-1235964078-11474824482-11474824555,1235964078,node-11474824482,node-11474824555,Unnamed Road,trunk_link,104.89,,yes,9,13.0580208,80.1286835,13.0583165,80.1295961
edge-1235964079-11474824513-11474824459,1235964079,node-11474824513,node-11474824459,Unnamed Road,trunk_link,18.14,,yes,2,13.0573371,80.1280951,13.0571779,80.1280585
edge-1235964080-11474824519-11474824526,1235964080,node-11474824519,node-11474824526,Unnamed Road,trunk_link,59.79,,yes,8,13.0576783,80.1287667,13.0574629,80.1282634
edge-1235964097-1123425448-11474824704,1235964097,node-1123425448,node-11474824704,Thiruverkadu - Ambattur Road,secondary,57.32,,no,6,13.0616988,80.138431,13.0611851,80.1383874
edge-1235964098-11474824720-11474824711,1235964098,node-11474824720,node-11474824711,Unnamed Road,secondary_link,46.39,,yes,10,13.061667,80.1384282,13.0614039,80.138744
edge-1235964110-11474824809-11474824810,1235964110,node-11474824809,node-11474824810,Unnamed Road,trunk_link,22.6,,yes,2,13.0614413,80.1426017,13.0613303,80.1424269
edge-1235964111-11474824811-11474824812,1235964111,node-11474824811,node-11474824812,Unnamed Road,trunk_link,26.21,,yes,2,13.0613098,80.1421614,13.0613882,80.1419332
edge-1235964347-11474824283-11474824282,1235964347,node-11474824283,node-11474824282,Poonamallee High Road Flyover,trunk,84.78,3,yes,2,13.0547744,80.1243031,13.0545977,80.1235417
edge-1235965289-11474791658-11474824800,1235965289,node-11474791658,node-11474824800,Unnamed Road,trunk_link,24.89,,yes,2,13.0616044,80.1432719,13.0617195,80.143469
edge-1235965290-11474791659-11474791660,1235965290,node-11474791659,node-11474791660,Unnamed Road,trunk_link,29.08,,yes,2,13.0617704,80.1439688,13.0616938,80.1442255
edge-1236469261-2197202945-11836494226,1236469261,node-2197202945,node-11836494226,Venkatanarayana Road,secondary,95.2,2,yes,5,13.0344493,80.2376925,13.0337157,80.2381456
edge-1236493354-303510937-303008048,1236493354,node-303510937,node-303008048,Anna Salai (Mount Road),primary,743.87,,yes,18,13.03109,80.2399589,13.0347483,80.2456729
edge-1236542487-1949065381-11466178183,1236542487,node-1949065381,node-11466178183,Pallavaram - Thoraipakkam Road,primary,166.62,,yes,3,12.9494932,80.2389229,12.9491319,80.240415
edge-1236543824-2168356844-247714667,1236543824,node-2168356844,node-247714667,Five Furlong Road,secondary,119.52,2,no,7,13.0036069,80.2120106,13.0025385,80.2121142
edge-1236769443-11474824704-11474824462,1236769443,node-11474824704,node-11474824462,Bengaluru - Chennai Highway,trunk,1152.63,3,yes,28,13.0611851,80.1383874,13.0576336,80.12851
edge-1236769444-11474824704-11474824786,1236769444,node-11474824704,node-11474824786,Unnamed Road,secondary,10.97,,no,2,13.0611851,80.1383874,13.0610866,80.138381
edge-1236769456-735219363-11484549865,1236769456,node-735219363,node-11484549865,Chennai Bangalore Highway,trunk,73.44,3,yes,2,13.0613034,80.160504,13.0613583,80.1598283
edge-1236769459-11484549883-11484549903,1236769459,node-11484549883,node-11484549903,Unnamed Road,trunk_link,80.48,2,yes,9,13.0608199,80.1597894,13.061409,80.1594109
edge-1237149196-249269150-331892258,1237149196,node-249269150,node-331892258,Grand Southern Trunk Road,trunk,143.58,2,yes,2,12.9495179,80.138621,12.9504963,80.1394857
edge-1237149197-3029329417-13330006638,1237149197,node-3029329417,node-13330006638,Grand Southern Trunk Road,trunk,749.69,2,yes,16,12.9562425,80.1433048,12.9505351,80.1396618
edge-1237386658-11492771294-996585803,1237386658,node-11492771294,node-996585803,Govindaswamy Karuppiah Moopanar Flyover,secondary,24.25,,yes,2,13.0276103,80.2453141,13.0275372,80.2451032
edge-1237386659-996578958-11492771295,1237386659,node-996578958,node-11492771295,Govindaswamy Karuppiah Moopanar Flyover,secondary,24.39,,yes,2,13.0275807,80.2450844,13.0276454,80.2452995
edge-1237386660-11492771295-11492771303,1237386660,node-11492771295,node-11492771303,Govindaswamy Karuppiah Moopanar Flyover,secondary,43.83,,yes,13,13.0276454,80.2452995,13.0279345,80.2455459
edge-1237386661-11492771307-11492771294,1237386661,node-11492771307,node-11492771294,Govindaswamy Karuppiah Moopanar Flyover,secondary,46.54,,yes,14,13.0279191,80.2455783,13.0276103,80.2453141
edge-1237642820-2486858895-11495672440,1237642820,node-2486858895,node-11495672440,Unnamed Road,secondary_link,50.9,1,yes,13,13.0787973,80.2565947,13.0790691,80.2562782
edge-1237642821-2486858896-11495672415,1237642821,node-2486858896,node-11495672415,Taravath Madhavan Nair Bridge Road,secondary,11.59,2,yes,3,13.0788492,80.2566562,13.078745,80.2566581
edge-1237642823-11495672408-2486858895,1237642823,node-11495672408,node-2486858895,Taravath Madhavan Nair Bridge Road,secondary,5.58,2,yes,2,13.0787472,80.2565975,13.0787973,80.2565947
edge-1237642828-248467578-248467580,1237642828,node-248467578,node-248467580,Taravath Madhavan Nair Bridge,secondary,67.2,2,yes,10,13.0769656,80.2569294,13.0775263,80.2567034
edge-1237642829-2486858890-2486858885,1237642829,node-2486858890,node-2486858885,Taravath Madhavan Nair Bridge,secondary,66.19,2,yes,8,13.0775356,80.2567503,13.0769857,80.2569785
edge-1237642830-13880733762-11495672516,1237642830,node-13880733762,node-11495672516,Police Commissioner Office Road,secondary,358.21,2,yes,13,13.0732604,80.2607687,13.0753,80.2582733
edge-1237642831-11495672537-11495672597,1237642831,node-11495672537,node-11495672597,Police Commissioner Office Road,secondary,343.66,2,yes,13,13.0753845,80.258288,13.073422,80.2606672
edge-1237642832-11495672529-2197639879,1237642832,node-11495672529,node-2197639879,Gandhi - Irwin Road,secondary,27.48,1,yes,7,13.0754678,80.2582897,13.0755501,80.2585279
edge-1237642833-2487062565-11495672549,1237642833,node-2487062565,node-11495672549,Halls Road,secondary,17.75,1,yes,4,13.0752455,80.258038,13.0753556,80.2581567
edge-1237642834-11495672519-11495672485,1237642834,node-11495672519,node-11495672485,Taravath Madhavan Nair Bridge Road,secondary,24.31,2,yes,5,13.0753974,80.258202,13.075582,80.2580824
edge-1237642835-11495672499-11495672527,1237642835,node-11495672499,node-11495672527,Taravath Madhavan Nair Bridge Road,secondary,9.03,2,yes,3,13.0755122,80.2582111,13.0754474,80.2582613
edge-1237642836-11495672531-11495672537,1237642836,node-11495672531,node-11495672537,Gandhi - Irwin Road,secondary,31.03,2,yes,7,13.0754925,80.2585478,13.0753845,80.258288
edge-1237642838-11495672518-11495672519,1237642838,node-11495672518,node-11495672519,Police Commissioner Office Road,secondary,6.48,2,yes,2,13.0753503,80.2582373,13.0753974,80.258202
edge-1237642839-12718161001-11495672532,1237642839,node-12718161001,node-11495672532,Halls Road,secondary,16.18,2,yes,4,13.0753066,80.2581851,13.0752085,80.2580748
edge-1237642840-11495672537-11495672518,1237642840,node-11495672537,node-11495672518,Gandhi Irwin Road,secondary,6.68,2,yes,2,13.0753845,80.258288,13.0753503,80.2582373
edge-1237642841-11495672527-11495672537,1237642841,node-11495672527,node-11495672537,Taravath Madhavan Nair Bridge Road,secondary,7.57,2,yes,2,13.0754474,80.2582613,13.0753845,80.258288
edge-1237642842-11495672549-11495672553,1237642842,node-11495672549,node-11495672553,Unnamed Road,secondary_link,14.03,,yes,5,13.0753556,80.2581567,13.0754805,80.2581525
edge-1237651172-1183401913-11495764267,1237651172,node-1183401913,node-11495764267,Lattice Bridge,secondary,73.3,2,yes,4,12.9818238,80.2530305,12.9819605,80.253692
edge-1237651173-11495764263-3350192362,1237651173,node-11495764263,node-3350192362,Lattice Bridge,secondary,138.99,2,yes,8,12.9821057,80.2542648,12.9817508,80.2530456
edge-1237651174-11495764267-11495764264,1237651174,node-11495764267,node-11495764264,Lattice Bridge,secondary,63.52,1,yes,11,12.9819605,80.253692,12.9821498,80.2542393
edge-1238038906-256606768-12880492468,1238038906,node-256606768,node-12880492468,4th Avenue,secondary,51.75,,yes,3,13.037435,80.213026,13.0373224,80.2125721
edge-1239082019-6799326136-268789816,1239082019,node-6799326136,node-268789816,Sardar Patel Road,primary,21.13,2,yes,2,13.0066016,80.2428757,13.006597,80.2426807
edge-1239084573-303239169-338720802,1239084573,node-303239169,node-338720802,EVR Periyar Salai,primary,238.03,2,yes,5,13.0764331,80.2037216,13.0762716,80.201542
edge-1240094203-11521295233-10024263540,1240094203,node-11521295233,node-10024263540,Paper mills road,secondary,88.02,,yes,4,13.1467813,80.2040641,13.1475658,80.2041693
edge-1240094204-11521295236-11521295237,1240094204,node-11521295236,node-11521295237,Paper mills road,secondary,27.83,,yes,4,13.1463496,80.2041801,13.146563,80.2040548
edge-1240094205-11521295237-11521295233,1240094205,node-11521295237,node-11521295233,Paper mills road,secondary,24.29,,yes,2,13.146563,80.2040548,13.1467813,80.2040641
edge-1240094206-7822087529-277589268,1240094206,node-7822087529,node-277589268,Puthagaram Road,secondary,22.6,,no,3,13.1354964,80.1907707,13.1355444,80.1905679
edge-1240102340-7821736153-7821736173,1240102340,node-7821736153,node-7821736173,Madhavaram - Red Hills Road,primary,64.79,2,yes,5,13.1296422,80.2417078,13.1290847,80.2415872
edge-1240400629-10285915626-3829218332,1240400629,node-10285915626,node-3829218332,Semmozhi Salai,primary,193.32,2,yes,2,12.9034408,80.2131331,12.9027912,80.2147875
edge-1240400631-3829218332-10285915211,1240400631,node-3829218332,node-10285915211,Semmozhi Salai,primary,8.97,2,yes,2,12.9027912,80.2147875,12.9027611,80.2148643
edge-1240400633-10285915211-2001018426,1240400633,node-10285915211,node-2001018426,Semmozhi Salai,primary,383.17,2,yes,6,12.9027611,80.2148643,12.9017227,80.2182174
edge-1240400635-2001018426-2001018424,1240400635,node-2001018426,node-2001018424,Semmozhi Salai,primary,19.88,2,yes,3,12.9017227,80.2182174,12.9016985,80.2183991
edge-1240415152-251298251-277912684,1240415152,node-251298251,node-277912684,Mount - Medavakkam Road,primary,100.67,,no,6,12.981246,80.1955182,12.982054,80.1959361
edge-1242715234-11548884490-11690678213,1242715234,node-11548884490,node-11690678213,Konnur High Road,primary,114.94,2,yes,4,13.0985402,80.2344546,13.0986214,80.2333967
edge-1242783656-250319205-11549371805,1242783656,node-250319205,node-11549371805,Unnamed Road,secondary,118.68,,yes,4,13.0350786,80.2385798,13.0344933,80.2376637
edge-1242783657-11032112814-2197202945,1242783657,node-11032112814,node-2197202945,Thanikachalam Road,secondary,205.42,2,yes,8,13.0353622,80.2393229,13.0344493,80.2376925
edge-1244015352-11563742521-11563742522,1244015352,node-11563742521,node-11563742522,Unnamed Road,primary_link,21.65,,no,2,13.0348857,80.155467,13.0350558,80.1555642
edge-1245422681-996578156-2212827590,1245422681,node-996578156,node-2212827590,Gandhi Mandapam Road,secondary,8.4,2,yes,2,13.0241956,80.2431431,13.0241214,80.2431284
edge-1246231904-7101220995-310535870,1246231904,node-7101220995,node-310535870,Rajiv Gandhi IT Expressway,primary,46.48,1,yes,2,12.9883249,80.251317,12.9879188,80.2514186
edge-1246774212-2269872893-2269872884,1246774212,node-2269872893,node-2269872884,Unnamed Road,primary,23.6,,yes,4,13.1056679,80.2801803,13.1054795,80.2802805
edge-1246827594-12816192320-12343127626,1246827594,node-12816192320,node-12343127626,Unnamed Road,secondary,169.74,,yes,10,12.963883,80.2145133,12.9637838,80.2159863
edge-1246827595-249112790-12816192319,1246827595,node-249112790,node-12816192319,Bazaar Main Road,secondary,153.76,2,yes,7,12.963531,80.2158831,12.9638686,80.2145126
edge-1246833830-11591428076-11591428077,1246833830,node-11591428076,node-11591428077,Unnamed Road,primary,10.14,,no,2,12.9075863,80.2024646,12.9074957,80.2024536
edge-1248024531-978534727-6245878228,1248024531,node-978534727,node-6245878228,Inner Ring Road (Southern Sector),primary,188.54,2,yes,7,12.9674983,80.2170909,12.9685541,80.2157378
edge-1249810080-8429442663-8429442660,1249810080,node-8429442663,node-8429442660,Thiruvottriyur High Road,secondary,226.98,,yes,4,13.1345792,80.293106,13.1326681,80.2923711
edge-1250226058-264031473-9502019375,1250226058,node-264031473,node-9502019375,RK Mutt Road,secondary,62.7,,yes,3,13.0255659,80.2654488,13.0260325,80.2657737
edge-1250226059-264040504-264031473,1250226059,node-264040504,node-264031473,RK Mutt Road,secondary,169.37,,yes,6,13.0243186,80.2645535,13.0255659,80.2654488
edge-1250674994-264031433-410615449,1250674994,node-264031433,node-410615449,RK Mutt Road,secondary,116.28,,yes,7,13.0276854,80.2661747,13.02665,80.2660337
edge-1250674995-13949004855-9502019367,1250674995,node-13949004855,node-9502019367,RK Mutt Road,secondary,48.91,,yes,4,13.0262182,80.2659332,13.0258334,80.265728
edge-1251058799-1945613008-2000952961,1251058799,node-1945613008,node-2000952961,Rajiv Gandhi Salai,primary,1879.98,2,yes,34,12.9234475,80.2307872,12.9067263,80.2283336
edge-1251563029-11634160743-358003308,1251563029,node-11634160743,node-358003308,Unnamed Road,secondary,23.9,,no,2,13.0270386,80.2602835,13.0269824,80.2604964
edge-1251563030-11634160744-358003303,1251563030,node-11634160744,node-358003303,RA Puram 2nd Main Road,secondary,22.15,,no,2,13.0270922,80.2600273,13.0270527,80.2602277
edge-1252781414-247714667-2168960246,1252781414,node-247714667,node-2168960246,Five Furlong Road,secondary,277.05,2,no,12,13.0025385,80.2121142,13.0004962,80.2135615
edge-1253605785-1398137314-279610153,1253605785,node-1398137314,node-279610153,East Coast Road,primary,187.8,,yes,8,12.9719195,80.2581429,12.9702562,80.2579716
edge-1254794625-11052681961-675769133,1254794625,node-11052681961,node-675769133,Paper Mills Road,secondary,139.03,,yes,4,13.112414,80.237619,13.1116947,80.2386672
edge-1254910515-342790391-342790322,1254910515,node-342790391,node-342790322,Arcot Road,primary,196.14,,yes,7,13.0384498,80.166797,13.0382369,80.1650006
edge-1255150775-11668317992-256024885,1255150775,node-11668317992,node-256024885,Chennai Bypass Expressway,trunk,568.93,3,yes,3,13.0059067,80.1272489,13.0110224,80.1273385
edge-1255201324-12887410825-1183407410,1255201324,node-12887410825,node-1183407410,Rajiv Gandhi Salai,primary,2516.79,2,yes,43,12.9010074,80.2278943,12.9234759,80.2305006
edge-1255887153-344424387-13855405773,1255887153,node-344424387,node-13855405773,Perambur High Road,secondary,129.96,,no,9,13.1080163,80.2450232,13.108612,80.2441415
edge-1255918763-10281683507-10281683503,1255918763,node-10281683507,node-10281683503,Unnamed Road,secondary,172.06,,yes,5,12.9649219,80.2087041,12.9652122,80.2071462
edge-1256554797-1184327218-391522662,1256554797,node-1184327218,node-391522662,Kaliamman Koil Street,secondary,101.3,,yes,4,13.060872,80.1959934,13.0616618,80.1964594
edge-1256554799-391522662-277500250,1256554799,node-391522662,node-277500250,Kaliamman Koil Street,secondary,158.68,,yes,4,13.0616618,80.1964594,13.062934,80.1971224
edge-1257313454-2272421603-2272421636,1257313454,node-2272421603,node-2272421636,Morasali Maran Flyover,primary,110.06,,yes,5,13.1071143,80.2420436,13.1081035,80.2420211
edge-1257313455-2272421635-2272421624,1257313455,node-2272421635,node-2272421624,Morasali Maran Flyover,primary,122.63,,yes,3,13.1080992,80.2420952,13.1069965,80.2420867
edge-1257313456-2272421686-2272421635,1257313456,node-2272421686,node-2272421635,Morasali Maran Flyover,primary,222.08,,yes,15,13.1090287,80.2436484,13.1080992,80.2420952
edge-1257313457-2272421636-674685480,1257313457,node-2272421636,node-674685480,Morasali Maran Flyover,primary,193.53,,yes,14,13.1081035,80.2420211,13.1088659,80.2433783
edge-1257323828-11027493350-259773456,1257323828,node-11027493350,node-259773456,Avvai Shanmugam Salai,secondary_link,270.22,,no,5,13.0477262,80.2662884,13.0475239,80.268773
edge-1258018712-320261868-12478397602,1258018712,node-320261868,node-12478397602,EVR Periyar Salai,primary,14.13,2,yes,3,13.0771132,80.211775,13.0770854,80.2119023
edge-1261397617-248467505-11722109038,1261397617,node-248467505,node-11722109038,Unnamed Road,secondary,15.25,,yes,2,13.0682704,80.269388,13.0682961,80.2692497
edge-1261397618-11722109038-11722109039,1261397618,node-11722109038,node-11722109039,Harris Bridge,secondary,70.45,2,yes,2,13.0682961,80.2692497,13.0684648,80.2686228
edge-1261397619-11722109039-12126266611,1261397619,node-11722109039,node-12126266611,Adithanar Road,secondary,418.43,1,yes,20,13.0684648,80.2686228,13.0706213,80.2655571
edge-1262132519-11645330644-303682764,1262132519,node-11645330644,node-303682764,Grand Southern Trunk Road,trunk,20.0,2,yes,2,12.9561557,80.1430521,12.9563171,80.1431335
edge-1262394724-1183259283-303511274,1262394724,node-1183259283,node-303511274,Anna Salai (Mount Road),primary,22.16,,yes,2,13.0246862,80.2292563,13.0245613,80.2290969
edge-1262565456-248680296-2800814643,1262565456,node-248680296,node-2800814643,Valluvar Kottam High Road,secondary,23.42,,yes,3,13.0657569,80.2435436,13.0657283,80.2433294
edge-1262763681-735219656-6503577741,1262763681,node-735219656,node-6503577741,EVR Periyar Salai,primary,642.1,3,yes,24,13.0742621,80.1910557,13.0755168,80.1966109
edge-1263131202-254122198-2269894995,1263131202,node-254122198,node-2269894995,Ebrahim Sahib Street,primary,120.93,,yes,6,13.1020491,80.2944713,13.1018401,80.2935208
edge-1263458724-11738746848-11738746847,1263458724,node-11738746848,node-11738746847,Unnamed Road,primary_link,2.73,,yes,2,13.0058577,80.2017271,13.0058638,80.2017515
edge-1263458725-304920831-11738746848,1263458725,node-304920831,node-11738746848,Unnamed Road,primary_link,97.42,,yes,13,13.0051569,80.201362,13.0058577,80.2017271
edge-1266357626-1425128532-2000961419,1266357626,node-1425128532,node-2000961419,Kalaingar Karunanidhi Salai,primary,140.51,,yes,8,12.9006528,80.2324568,12.9007094,80.2311628
edge-1266754860-12635083546-321713462,1266754860,node-12635083546,node-321713462,Valluvar Kottam High Road,primary_link,30.69,,yes,2,13.0525072,80.2415636,13.0523092,80.2413662
edge-1266754861-2197496759-2197496762,1266754861,node-2197496759,node-2197496762,Dr MGR Salai,primary,13.53,,yes,3,13.05262,80.2416502,13.0526376,80.2417737
edge-1267302780-7111954111-7111954112,1267302780,node-7111954111,node-7111954112,Velachery Main Road,secondary,13.33,2,yes,2,12.9915857,80.2195977,12.9914896,80.2196713
edge-1267302781-7111954110-7111954111,1267302781,node-7111954110,node-7111954111,Velachery Bypass Road,primary,6.73,2,yes,2,12.9915416,80.2195552,12.9915857,80.2195977
edge-1267302782-249112798-7111954110,1267302782,node-249112798,node-7111954110,Velachery Main Road,secondary,13.85,,yes,2,12.9914386,80.2196271,12.9915416,80.2195552
edge-1267304320-338466300-338466283,1267304320,node-338466300,node-338466283,Taramani Link Road,primary,221.2,2,yes,3,12.9812317,80.2379385,12.9811546,80.2358986
edge-1267308317-11770604691-11770604692,1267308317,node-11770604691,node-11770604692,Unnamed Road,primary_link,8.98,,no,2,13.0338371,80.1607575,13.0337671,80.1607161
edge-1267312823-10596342792-10596342789,1267312823,node-10596342792,node-10596342789,Unnamed Road,secondary,15.25,,yes,2,13.0348613,80.2303642,13.0348538,80.2302236
edge-1267312995-9869953178-7045368187,1267312995,node-9869953178,node-7045368187,Unnamed Road,primary_link,25.46,,yes,3,13.1309775,80.2143338,13.1307663,80.2144182
edge-1267313330-11770608948-11770608949,1267313330,node-11770608948,node-11770608949,Unnamed Road,primary_link,6.2,,no,2,13.0496423,80.209923,13.0495873,80.2099323
edge-1267320826-3746864618-11770721475,1267320826,node-3746864618,node-11770721475,Unnamed Road,primary,22.74,,no,2,12.9675273,80.1490703,12.9673783,80.1492141
edge-1267322167-2197415657-11770736432,1267322167,node-2197415657,node-11770736432,Doraiswamy Subway,secondary,20.0,,no,2,13.0409367,80.2302089,13.0409715,80.2300278
edge-1267323746-13997368927-10175133026,1267323746,node-13997368927,node-10175133026,PT Rajan Salai,secondary,746.3,,yes,7,13.0360395,80.204373,13.0426488,80.2055053
edge-1267323747-11770765974-11770765974,1267323747,node-11770765974,node-11770765974,Rajamannar Salai,secondary,38.52,,yes,20,13.0426793,80.2056087,13.0426793,80.2056087
edge-1267324815-1702257618-1702257640,1267324815,node-1702257618,node-1702257640,Unnamed Road,secondary_link,23.46,,yes,2,13.0448963,80.2401185,13.0450661,80.23999
edge-1267324816-1701428463-308209330,1267324816,node-1701428463,node-308209330,Gopathi Narayanaswami Road,secondary,251.74,,yes,7,13.0461746,80.2423009,13.0450146,80.2403338
edge-1267324817-1702257551-11777931844,1267324817,node-1702257551,node-11777931844,Dr Nair Road,secondary,53.35,,yes,3,13.0444751,80.2406434,13.0448612,80.2403563
edge-1267324818-1702257674-1702257652,1267324818,node-1702257674,node-1702257652,Unnamed Road,secondary_link,20.96,,yes,2,13.045278,80.2403799,13.045115,80.240477
edge-1267326370-357930115-2794019583,1267326370,node-357930115,node-2794019583,Unnamed Road,primary_link,20.99,,no,2,13.0674795,80.2085972,13.067635,80.2087071
edge-1267341899-248468148-248468326,1267341899,node-248468148,node-248468326,Mangapathi Street,secondary,85.97,,yes,3,13.0769946,80.2665597,13.0768966,80.267347
edge-1267341900-248468326-243325386,1267341900,node-248468326,node-243325386,Unnamed Road,secondary,99.04,,yes,2,13.0768966,80.267347,13.0760151,80.2672158
edge-1267341901-243325386-248468132,1267341901,node-243325386,node-248468132,Arunachalam Street,secondary,94.92,,yes,2,13.0760151,80.2672158,13.0761989,80.26636
edge-1267341902-11770880038-248468148,1267341902,node-11770880038,node-248468148,West Cooum River Road,secondary,68.85,,yes,3,13.0763981,80.2663966,13.0769946,80.2665597
edge-1267348714-11770937618-11770937617,1267348714,node-11770937618,node-11770937617,Unnamed Road,primary_link,6.94,,no,2,12.901401,80.228023,12.9013962,80.2280868
edge-1267376329-2000952961-1945613045,1267376329,node-2000952961,node-1945613045,Rajiv Gandhi Salai,primary,637.76,2,yes,14,12.9067263,80.2283336,12.9010003,80.2279993
edge-1267376331-1945613045-1945613057,1267376331,node-1945613045,node-1945613057,Rajiv Gandhi Salai,primary,11.12,2,yes,3,12.9010003,80.2279993,12.9009007,80.2279903
edge-1267606507-10281695784-257430090,1267606507,node-10281695784,node-257430090,3rd Avenue,secondary,311.33,,no,3,13.0059873,80.2703378,13.0035774,80.2688769
edge-1267606508-10281695784-10281695793,1267606508,node-10281695784,node-10281695793,Besant Avenue Road,secondary,107.24,,yes,14,13.0059873,80.2703378,13.0068053,80.2701478
edge-1267718956-735219883-7590634896,1267718956,node-735219883,node-7590634896,Maduravoyal Interchange,trunk,64.42,3,yes,2,13.0607975,80.161157,13.0602191,80.1611234
edge-1267718957-735219630-11484549866,1267718957,node-735219630,node-11484549866,Unnamed Road,trunk,56.33,3,yes,2,13.0615134,80.159325,13.0614483,80.1598407
edge-1268051972-11777390230-11777390229,1268051972,node-11777390230,node-11777390229,Unnamed Road,primary_link,10.77,,yes,4,12.8967468,80.2277421,12.8967486,80.2276448
edge-1268054034-11777477469-11777477470,1268054034,node-11777477469,node-11777477470,Unnamed Road,secondary_link,7.99,,no,2,13.0653109,80.234412,13.0653584,80.2344674
edge-1268072848-338666255-338666202,1268072848,node-338666255,node-338666202,Unnamed Road,trunk,135.51,1,yes,5,13.0429424,80.149483,13.0441412,80.1495046
edge-1268072849-11777564457-12594931114,1268072849,node-11777564457,node-12594931114,Unnamed Road,trunk_link,20.09,,no,2,13.0427705,80.1496539,13.0427891,80.1494694
edge-1268072852-247675521-11549371804,1268072852,node-247675521,node-11549371804,Burkit Road,secondary,51.81,,yes,3,13.0341938,80.2371528,13.0344269,80.237561
edge-1268072853-248697312-11777642688,1268072853,node-248697312,node-11777642688,burkit road,secondary,33.57,2,yes,2,13.0343838,80.2375933,13.0342486,80.2373162
edge-1268072854-248700641-247675521,1268072854,node-248700641,node-247675521,Burkit Road,secondary,20.88,,no,2,13.0341555,80.2369641,13.0341938,80.2371528
edge-1268072855-2001025764-2001025756,1268072855,node-2001025764,node-2001025756,Maloney Road,secondary,25.56,1,yes,4,13.0353119,80.2395203,13.0354525,80.2393377
edge-1268072856-2001025756-11549371807,1268072856,node-2001025756,node-11549371807,Unnamed Road,secondary,16.15,,yes,2,13.0354525,80.2393377,13.0354304,80.2391904
edge-1268072857-2001025756-11032112814,1268072857,node-2001025756,node-11032112814,thanikachalam road,secondary,10.17,2,no,2,13.0354525,80.2393377,13.0353622,80.2393229
edge-1268086126-2001018424-964603708,1268086126,node-2001018424,node-964603708,Semmozhi Salai,primary,498.66,2,yes,8,12.9016985,80.2183991,12.9011603,80.2229656
edge-1268086890-2216437784-1183471359,1268086890,node-2216437784,node-1183471359,Dr Radhakrishnan Salai,primary,120.27,,yes,3,13.0434033,80.2750021,13.0433493,80.276111
edge-1268086891-247973381-310728681,1268086891,node-247973381,node-310728681,Dr Natesan Road,secondary,8.97,,yes,2,13.0433746,80.2742818,13.043454,80.2742963
edge-1268086892-2212976299-2216437784,1268086892,node-2212976299,node-2216437784,Dr Radhakrishnan Salai,primary,56.68,,yes,2,13.0434158,80.274479,13.0434033,80.2750021
edge-1268086893-1183471390-11777716180,1268086893,node-1183471390,node-11777716180,Dr Radhakrishnan Salai,primary,122.55,,yes,2,13.0432982,80.2761421,13.043333,80.2750114
edge-1268086894-11777716180-2212976288,1268086894,node-11777716180,node-2212976288,Dr Radhakrishnan Salai,primary,58.23,,yes,2,13.043333,80.2750114,13.0433495,80.2744741
edge-1268087368-1168642548-1168642565,1268087368,node-1168642548,node-1168642565,Kaliamman Koil Street,secondary,14.65,,yes,2,13.0698152,80.2008548,13.0697047,80.2007812
edge-1268105310-1701428425-6926845391,1268105310,node-1701428425,node-6926845391,Anna Salai (Mount Road),primary,9.95,,yes,2,13.0392158,80.2468293,13.0391271,80.2468172
edge-1268105311-303008065-9531343917,1268105311,node-303008065,node-9531343917,Anna Salai (Mount Road),primary,10.75,3,yes,2,13.0391772,80.2469947,13.0390833,80.2469712
edge-1268105312-30051247-303008065,1268105312,node-30051247,node-303008065,Anna Salai (Mount Road),primary,33.56,3,yes,2,13.0394741,80.2470503,13.0391772,80.2469947
edge-1268106525-342790278-11777920672,1268106525,node-342790278,node-11777920672,Alapakkam Main Road,secondary,393.27,2,yes,31,13.0379832,80.1627415,13.0412011,80.1633802
edge-1268106526-11777920672-11777920694,1268106526,node-11777920672,node-11777920694,Alapakkam Main Road,secondary,389.96,2,yes,27,13.0412011,80.1633802,13.0379967,80.1627985
edge-1268110513-1702257592-1702257551,1268110513,node-1702257592,node-1702257551,Dr Nair Road,secondary,53.68,,yes,4,13.0448962,80.2404096,13.0444751,80.2406434
edge-1268111119-11777941559-11777941560,1268111119,node-11777941559,node-11777941560,Unnamed Road,primary_link,10.49,,no,2,12.9494665,80.2222781,12.9493723,80.2222831
edge-1268111120-11777941561-11777941562,1268111120,node-11777941561,node-11777941562,Unnamed Road,primary_link,10.43,,no,2,12.9494837,80.2225717,12.94939,80.2225763
edge-1268111121-11777941563-11777941564,1268111121,node-11777941563,node-11777941564,Unnamed Road,primary_link,11.84,,no,2,12.9493419,80.220673,12.9492369,80.2206912
edge-1268111122-11777941565-11777941566,1268111122,node-11777941565,node-11777941566,Unnamed Road,primary_link,11.73,,no,2,12.9491175,80.218457,12.9490125,80.2184674
edge-1268111795-11777938257-11777938258,1268111795,node-11777938257,node-11777938258,Unnamed Road,primary_link,10.8,,no,2,12.9489278,80.2166038,12.9488316,80.2166172
edge-1268115261-10175118715-10175118716,1268115261,node-10175118715,node-10175118716,Unnamed Road,secondary,15.98,,yes,2,13.0443599,80.2125864,13.0443933,80.2124429
edge-1268115262-10175118716-315260922,1268115262,node-10175118716,node-315260922,Jawaharlal Nehru Road,primary,10.19,,yes,2,13.0443933,80.2124429,13.0443017,80.2124429
edge-1268115263-10175118716-10175133017,1268115263,node-10175118716,node-10175133017,Unnamed Road,secondary,21.77,,yes,2,13.0443933,80.2124429,13.0443735,80.212243
edge-1268115264-14038650548-1168642592,1268115264,node-14038650548,node-1168642592,Jawaharlal Nehru Road (100 Feet Road),primary,336.13,,yes,5,13.0444883,80.2122399,13.0475073,80.2121042
edge-1268115265-277434297-10175133017,1268115265,node-277434297,node-10175133017,Jawaharlal Nehru Road (100 Feet Road),primary,10.42,,yes,2,13.0442799,80.2122478,13.0443735,80.212243
edge-1268115266-10175118715-315260922,1268115266,node-10175118715,node-315260922,2nd Avenue,secondary,16.84,,yes,2,13.0443599,80.2125864,13.0443017,80.2124429
edge-1268115267-11041692609-10175118716,1268115267,node-11041692609,node-10175118716,Jawaharlal Nehru Road,primary,9.68,,yes,3,13.0444803,80.2124407,13.0443933,80.2124429
edge-1268115268-11041692606-13977284533,1268115268,node-11041692606,node-13977284533,Jawaharlal Nehru Road,primary,10.03,,yes,2,13.0446545,80.2124375,13.0445643,80.2124392
edge-1268123666-11292801151-11292801153,1268123666,node-11292801151,node-11292801153,Strahans Road,primary,14.08,,yes,2,13.0978708,80.2514153,13.0979536,80.251317
edge-1268123667-9507057522-257932125,1268123667,node-9507057522,node-257932125,Strahans Road,primary,10.67,,yes,2,13.0980062,80.2513667,13.0979368,80.2514348
edge-1268125256-11778054654-11778054660,1268125256,node-11778054654,node-11778054660,Unnamed Road,primary_link,26.04,,no,7,13.0456019,80.2589862,13.0454223,80.2589309
edge-1268132318-269768005-30037875,1268132318,node-269768005,node-30037875,Anna Salai (Mount Road),primary,297.35,,yes,4,13.0266853,80.2330185,13.0280247,80.2353917
edge-1268132319-11778113355-11778113354,1268132319,node-11778113355,node-11778113354,Unnamed Road,primary_link,17.95,,yes,2,13.0281596,80.2357827,13.0282831,80.235676
edge-1268297819-12155150204-2197415869,1268297819,node-12155150204,node-2197415869,Mahalingapuram Flyover,secondary,149.69,,no,2,13.0519784,80.2340847,13.0532748,80.234457
edge-1268300093-11779835672-7045884683,1268300093,node-11779835672,node-7045884683,Unnamed Road,secondary_link,20.65,,no,2,13.0758076,80.2178616,13.0758057,80.2180522
edge-1268332870-735219552-391489411,1268332870,node-735219552,node-391489411,EVR Periyar Salai,primary,590.78,3,yes,20,13.0687754,80.180115,13.0668355,80.1751864
edge-1268554518-309322970-11782067217,1268554518,node-309322970,node-11782067217,College Road,primary,85.53,,yes,5,13.0661202,80.2440472,13.0662413,80.244827
edge-1268585652-331293023-1184544883,1268585652,node-331293023,node-1184544883,Unnamed Road,secondary,215.85,,yes,3,13.1086835,80.1776862,13.1085039,80.1796707
edge-1268585653-7171991240-331293023,1268585653,node-7171991240,node-331293023,Unnamed Road,secondary,6.87,,no,2,13.1086221,80.1776792,13.1086835,80.1776862
edge-1268585654-7800957470-331293023,1268585654,node-7800957470,node-331293023,Unnamed Road,secondary,110.31,,yes,2,13.108761,80.1766707,13.1086835,80.1776862
edge-1268585657-331293033-7800957470,1268585657,node-331293033,node-7800957470,Unnamed Road,secondary,9.75,,yes,2,13.1087688,80.176581,13.108761,80.1766707
edge-1268948166-247688244-243061235,1268948166,node-247688244,node-243061235,Luz Church Road,secondary,46.09,,yes,3,13.0384952,80.25907,13.0386649,80.2586844
edge-1269011895-11770922115-6074258024,1269011895,node-11770922115,node-6074258024,Dr MGR Main Road,secondary,7.81,,yes,2,12.9634896,80.2466063,12.9635281,80.246546
edge-1269011896-11770922115-1454653729,1269011896,node-11770922115,node-1454653729,Rajiv Gandhi Salai,primary,10.37,3,yes,2,12.9634896,80.2466063,12.9635751,80.2466445
edge-1270315499-254142547-254142553,1270315499,node-254142547,node-254142553,Thiruvottriyur High Road,secondary,173.84,,no,5,13.1147553,80.2825577,13.1160606,80.28344
edge-1270468056-308316983-2250346272,1270468056,node-308316983,node-2250346272,Unnamed Road,secondary_link,12.95,,yes,4,13.0321295,80.2118246,13.0320237,80.2118715
edge-1270815079-7027588117-7027588121,1270815079,node-7027588117,node-7027588121,Dr Ambedkar Road,secondary,439.93,,yes,5,13.0405022,80.2150596,13.0437768,80.2173384
edge-1271355231-7802828814-7802828822,1271355231,node-7802828814,node-7802828822,Mount - Medavakkam Road,primary,257.53,2,yes,15,12.9797061,80.1946812,12.9775967,80.1938044
edge-1273089014-11822112634-11822112639,1273089014,node-11822112634,node-11822112639,Cooks Road,primary,45.51,,yes,4,13.1045757,80.2532302,13.1049652,80.2533379
edge-1273089970-276518368-11822112638,1273089970,node-276518368,node-11822112638,Cooks Road,primary,36.13,,yes,3,13.10494,80.2534095,13.1046394,80.2532828
edge-1273089971-11822112638-11822112634,1273089971,node-11822112638,node-11822112634,Cooks Road,primary,9.09,,yes,2,13.1046394,80.2532828,13.1045757,80.2532302
edge-1273319504-1945613045-6994331907,1273319504,node-1945613045,node-6994331907,Kalaingar Karunanidhi Salai,primary,15.11,,yes,2,12.9010003,80.2279993,12.900997,80.2281387
edge-1273585250-313026024-338687603,1273585250,node-313026024,node-338687603,Mount - Poonamallee - Avadi Road,primary,563.13,,yes,7,13.0292446,80.1687968,13.0317721,80.1642923
edge-1276014954-11846819087-11846819088,1276014954,node-11846819087,node-11846819088,Unnamed Road,primary_link,7.97,,no,2,12.8913576,80.1761713,12.891295,80.1762071
edge-1276282932-1184327336-3886129121,1276282932,node-1184327336,node-3886129121,Singaperumalkoil - Sriperumbudur - Thiruvallur - Red Hills Road,primary,408.63,,yes,10,13.1939255,80.174171,13.1945388,80.1706278
edge-1276294298-11849235184-11849235185,1276294298,node-11849235184,node-11849235185,Unnamed Road,primary_link,8.09,,no,2,13.1398298,80.1795749,13.1397869,80.1796352
edge-1276299030-11849334873-11849334874,1276299030,node-11849334873,node-11849334874,Unnamed Road,primary_link,11.28,,no,2,13.1387093,80.1785365,13.1386405,80.178613
edge-1278055350-11865433778-9864935126,1278055350,node-11865433778,node-9864935126,Unnamed Road,primary_link,45.34,,yes,4,13.1979013,80.1569784,13.1975164,80.1571161
edge-1278055351-11865433777-9864935198,1278055351,node-11865433777,node-9864935198,ORR Service Road,primary,53.48,2,yes,7,13.1979367,80.1570022,13.1975412,80.1567232
edge-1278067156-6799048018-30037877,1278067156,node-6799048018,node-30037877,Unnamed Road,secondary,25.95,,yes,2,13.0310314,80.23986,13.0311611,80.2396609
edge-1278116988-359084663-12419531177,1278116988,node-359084663,node-12419531177,Taramani Link Road,primary,24.6,,yes,3,12.9799864,80.252609,12.9798118,80.2527349
edge-1278116989-246866976-359084663,1278116989,node-246866976,node-359084663,Rajiv Gandhi IT Expressway,primary,9.86,3,yes,2,12.9798977,80.2526097,12.9799864,80.252609
edge-1278116990-246866976-5456147875,1278116990,node-246866976,node-5456147875,Taramani Link Road,primary,48.86,,yes,2,12.9798977,80.2526097,12.9799944,80.2521698
edge-1278468227-10107394344-10107394336,1278468227,node-10107394344,node-10107394336,Tambaram Eastern Bypass Road,primary,627.88,,yes,14,12.8914656,80.1274856,12.8931701,80.1219637
edge-1278468228-10107394336-10107394335,1278468228,node-10107394336,node-10107394335,Alapakkam - Puthur Road,primary,14.52,,no,2,12.8931701,80.1219637,12.8932914,80.121914
edge-1279992152-247690631-2214509300,1279992152,node-247690631,node-2214509300,Triplicane High Road,secondary,669.19,,no,22,13.0609158,80.274329,13.0668762,80.2737409
edge-1280154089-264480977-10696575481,1280154089,node-264480977,node-10696575481,Uttamar Gandhi Salai (Nungambakkam High Road),primary,89.08,,yes,2,13.0545223,80.2498506,13.0538289,80.2502624
edge-1281083960-11890771129-11890771130,1281083960,node-11890771129,node-11890771130,Unnamed Road,primary_link,9.9,,no,2,12.9020111,80.1840508,12.9019869,80.1841387
edge-1281942588-11896725848-11687900051,1281942588,node-11896725848,node-11687900051,Jawaharlal Nehru Road (100 Feet Road),primary,11.05,,yes,2,13.0545241,80.2115786,13.054426,80.2115948
edge-1282455642-11281483081-402333451,1282455642,node-11281483081,node-402333451,Unnamed Road,secondary,21.82,,no,2,13.1232421,80.2015487,13.1230479,80.2015775
edge-1282455643-11281483079-11281483078,1282455643,node-11281483079,node-11281483078,Vivekananda nagar main road,secondary,29.2,1,yes,2,13.1234583,80.2015157,13.1237208,80.2015217
edge-1283900228-2271487875-2271478415,1283900228,node-2271487875,node-2271478415,Wall Tax Road,trunk,117.37,,yes,3,13.0924682,80.2752986,13.091413,80.2752715
edge-1284587871-2271733895-289201854,1284587871,node-2271733895,node-289201854,Suryanarayana Street,primary,279.51,,yes,9,13.1232066,80.2941382,13.125656,80.2947063
edge-1285068351-1183430748-11921436277,1285068351,node-1183430748,node-11921436277,Rajiv Gandhi IT Expressway,primary,146.81,3,yes,2,12.9804711,80.2526333,12.9817908,80.2525927
edge-1285126922-11549371807-250319205,1285126922,node-11549371807,node-250319205,Unnamed Road,secondary,76.95,,yes,3,13.0354304,80.2391904,13.0350786,80.2385798
edge-1285126923-11549371805-2197202945,1285126923,node-11549371805,node-2197202945,Venkatanarayana Road,secondary,5.8,2,yes,2,13.0344933,80.2376637,13.0344493,80.2376925
edge-1285126924-11549371804-11549371805,1285126924,node-11549371804,node-11549371805,Unnamed Road,secondary,13.35,,yes,2,13.0344269,80.237561,13.0344933,80.2376637
edge-1285489404-8429442671-276518999,1285489404,node-8429442671,node-276518999,Thiruvottriyur High Road,secondary,473.51,,yes,9,13.1399276,80.2949891,13.1439001,80.2965635
edge-1285521222-9869953178-11174423224,1285521222,node-9869953178,node-11174423224,Grand Northern Trunk Road,primary,53.07,,yes,3,13.1309775,80.2143338,13.1305695,80.2140849
edge-1285521223-11174423223-276517791,1285521223,node-11174423223,node-276517791,Grand Northern Trunk Road,primary,31.05,,yes,3,13.1305238,80.2140473,13.1302667,80.2139462
edge-1285521224-1109183387-276517791,1285521224,node-1109183387,node-276517791,Paper Mills Road,secondary,37.84,,yes,3,13.1304004,80.2136291,13.1302667,80.2139462
edge-1285521225-7810037839-11925158532,1285521225,node-7810037839,node-11925158532,Unnamed Road,primary_link,20.81,,yes,2,13.1298613,80.2137949,13.1298993,80.2136067
edge-1285552740-11925414190-11925414189,1285552740,node-11925414190,node-11925414189,Unnamed Road,motorway_link,35.49,,yes,2,13.1866794,80.149691,13.1864406,80.1494735
edge-1285556242-2052912551-11925355854,1285556242,node-2052912551,node-11925355854,Unnamed Road,primary_link,12.18,,no,2,12.9222108,80.1972412,12.9221767,80.197348
edge-1285825371-2250346302-277435875,1285825371,node-2250346302,node-277435875,Unnamed Road,secondary_link,8.27,,no,2,13.0322807,80.2200363,13.0322087,80.2200554
edge-1285857449-7780225590-339982697,1285857449,node-7780225590,node-339982697,Sadayankuppam Road,primary_link,10.2,,no,2,13.184576,80.2699813,13.1845792,80.2700755
edge-1285857807-11927664444-11927664445,1285857807,node-11927664444,node-11927664445,Unnamed Road,primary_link,6.0,,no,2,13.0466502,80.1931719,13.0467039,80.1931662
edge-1285883361-3886149721-294001201,1285883361,node-3886149721,node-294001201,Chennai Bypass,trunk,744.53,3,yes,8,13.1370483,80.1761393,13.1323058,80.1715871
edge-1285883362-11927847557-1183216653,1285883362,node-11927847557,node-1183216653,Chennai Bypass,trunk,18.44,3,yes,2,13.1370621,80.1772305,13.1370878,80.1770623
edge-1285883363-1183216752-11927847560,1285883363,node-1183216752,node-11927847560,Chennai Bypass,trunk,760.69,3,yes,10,13.1323215,80.1714386,13.1371684,80.1760664
edge-1285883364-11927847559-11927847558,1285883364,node-11927847559,node-11927847558,Chennai Bypass,trunk,20.69,3,yes,2,13.1372297,80.1771732,13.1372049,80.1773626
edge-1285883365-11927847558-1183216708,1285883365,node-11927847558,node-1183216708,Chennai Bypass,trunk,62.09,3,yes,3,13.1372049,80.1773626,13.1371227,80.1779297
edge-1285883366-308870205-11927847557,1285883366,node-308870205,node-11927847557,Chennai Bypass,trunk,71.94,3,yes,2,13.13697,80.1778881,13.1370621,80.1772305
edge-1285883367-1183216653-3886149721,1285883367,node-1183216653,node-3886149721,Chennai Bypass,trunk,100.35,3,yes,3,13.1370878,80.1770623,13.1370483,80.1761393
edge-1285883368-11927847560-11927847559,1285883368,node-11927847560,node-11927847559,Chennai Bypass,trunk,120.57,3,yes,5,13.1371684,80.1760664,13.1372297,80.1771732
edge-1285888240-11927907559-11927907560,1285888240,node-11927907559,node-11927907560,Unnamed Road,primary_link,7.21,,no,2,13.1882661,80.2697086,13.18827,80.2697751
edge-1285888241-11927907561-11927907562,1285888241,node-11927907561,node-11927907562,Unnamed Road,primary_link,8.2,,no,2,13.1882711,80.2699549,13.1882695,80.2698792
edge-1285926454-257439107-978589424,1285926454,node-257439107,node-978589424,Rajiv Gandhi Salai,primary,13.62,2,yes,2,12.9489332,80.2406604,12.9490503,80.2406972
edge-1286250291-254491184-254491185,1286250291,node-254491184,node-254491185,Perambur Barracks Salai,secondary,20.8,2,no,4,13.0869406,80.2584869,13.0871168,80.2585432
edge-1286250292-254491185-13807668473,1286250292,node-254491185,node-13807668473,Perambur Barracks Salai,secondary,255.74,2,no,3,13.0871168,80.2585432,13.0894158,80.2586066
edge-1286291016-11930865102-11930865105,1286291016,node-11930865102,node-11930865105,Unnamed Road,primary,84.75,,yes,10,13.1865473,80.192801,13.1863819,80.192159
edge-1286291017-11930865101-11930865102,1286291017,node-11930865101,node-11930865102,Unnamed Road,primary,19.08,,yes,2,13.1865754,80.1929749,13.1865473,80.192801
edge-1286291018-277587657-277587960,1286291018,node-277587657,node-277587960,Madhavaram - Red Hills Road,primary,373.47,,no,18,13.1878477,80.1891807,13.186702,80.1921835
edge-1286291019-277587960-1184327349,1286291019,node-277587960,node-1184327349,Grand Northern Trunk Road,trunk,51.21,2,yes,3,13.186702,80.1921835,13.1862427,80.1921484
edge-1286291020-277587960-11930865101,1286291020,node-277587960,node-11930865101,Madhavaram - Red Hills Road,primary,87.17,,yes,6,13.186702,80.1921835,13.1865754,80.1929749
edge-1286360547-10105885266-10105885273,1286360547,node-10105885266,node-10105885273,Unnamed Road,secondary,92.08,,yes,3,13.1265032,80.2657843,13.1273268,80.2658383
edge-1286481935-1184327448-276517433,1286481935,node-1184327448,node-276517433,Grand Northern Trunk Road (Old NH5),primary,13.72,,yes,2,13.1842363,80.1920561,13.1842542,80.1921815
edge-1286481936-1184327448-1184327157,1286481936,node-1184327448,node-1184327157,Grand Northern Trunk Road,trunk,120.55,2,yes,4,13.1842363,80.1920561,13.1853177,80.1920142
edge-1286481937-1184327403-276517433,1286481937,node-1184327403,node-276517433,Grand Northern Trunk Road,trunk,117.32,3,yes,5,13.1853058,80.192123,13.1842542,80.1921815
edge-1286481940-7805429421-1865961953,1286481940,node-7805429421,node-1865961953,Grand Northern Trunk Road,trunk,1447.93,2,yes,20,13.1968328,80.1813745,13.1891269,80.1916799
edge-1286481941-11932337670-5566112875,1286481941,node-11932337670,node-5566112875,Grand Northern Trunk Road,trunk,123.41,3,yes,4,13.1974822,80.1803371,13.196864,80.1812787
edge-1286735945-11934416992-11932337670,1286735945,node-11934416992,node-11932337670,Grand Northern Trunk Road,trunk,980.14,2,yes,16,13.2045354,80.174917,13.1974822,80.1803371
edge-1286746151-2186599553-6245818911,1286746151,node-2186599553,node-6245818911,Unnamed Road,primary_link,12.0,,no,2,12.9231856,80.1604903,12.9232894,80.1605205
edge-1286834230-11935145709-8700571133,1286834230,node-11935145709,node-8700571133,Inner Ring Road (Southern Sector),primary,18.75,2,yes,2,12.9680114,80.2174995,12.9680818,80.2173423
edge-1286834231-2197525463-11935145709,1286834231,node-2197525463,node-11935145709,Inner Ring Road (Southern Sector),primary,9.09,2,yes,2,12.9679817,80.2175777,12.9680114,80.2174995
edge-1286834232-9575558229-12483820630,1286834232,node-9575558229,node-12483820630,Inner Ring Road (Southern Sector),primary,260.05,2,yes,12,12.9680782,80.2175135,12.969783,80.2186821
edge-1286834233-978534807-9575558229,1286834233,node-978534807,node-9575558229,Inner Ring Road (Southern Sector),primary,17.41,2,yes,2,12.9681431,80.2173673,12.9680782,80.2175135
edge-1286834234-7825587396-978534727,1286834234,node-7825587396,node-978534727,Inner Ring Road (Southern Sector),primary,17.01,2,yes,2,12.9674216,80.2172267,12.9674983,80.2170909
edge-1286834235-1141164574-7825587396,1286834235,node-1141164574,node-7825587396,Inner Ring Road (Southern Sector),primary,23.4,2,yes,5,12.9672193,80.2172574,12.9674216,80.2172267
edge-1286834236-7825587411-7825587402,1286834236,node-7825587411,node-7825587402,Inner Ring Road (Southern Sector),primary,18.47,2,yes,2,12.9675515,80.2171253,12.9674837,80.2172809
edge-1286834237-7825587402-9575558218,1286834237,node-7825587402,node-9575558218,Inner Ring Road (Southern Sector),primary,15.6,2,yes,3,12.9674837,80.2172809,12.9674286,80.2174131
edge-1286972342-1184362386-7757024523,1286972342,node-1184362386,node-7757024523,Unnamed Road,secondary,40.33,,yes,5,13.161355,80.2689238,13.1613951,80.2692933
edge-1286972343-11936247919-1184362386,1286972343,node-11936247919,node-1184362386,Unnamed Road,secondary,45.15,,yes,7,13.1613323,80.2693274,13.161355,80.2689238
edge-1286982548-9580877957-276746333,1286982548,node-9580877957,node-276746333,Vanagaram - Ambathur - Puzhal Road,primary,37.87,,yes,4,13.1581945,80.2030263,13.158264,80.2026839
edge-1286982549-11936397494-11936397495,1286982549,node-11936397494,node-11936397495,Unnamed Road,trunk_link,18.13,,yes,2,13.1482567,80.2077639,13.1482963,80.2076015
edge-1286990821-11936481870-663690621,1286990821,node-11936481870,node-663690621,Unnamed Road,primary_link,19.14,,yes,4,13.071935,80.2746906,13.0717678,80.2747146
edge-1286998363-10228235196-276746164,1286998363,node-10228235196,node-276746164,Unnamed Road,secondary,8.69,,no,2,13.1444638,80.1882534,13.1444305,80.188326
edge-1287010201-11936667497-11936667497,1287010201,node-11936667497,node-11936667497,Unnamed Road,primary,47.54,,no,20,13.0980819,80.2684129,13.0980819,80.2684129
edge-1287015856-11292801143-11292801145,1287015856,node-11292801143,node-11292801145,Unnamed Road,primary_link,4.72,,no,3,13.0985394,80.2510861,13.0985335,80.2511293
edge-1287043716-11936947158-11936947159,1287043716,node-11936947158,node-11936947159,Unnamed Road,primary_link,24.1,,no,2,13.1010138,80.1942459,13.1010267,80.194468
edge-1287058151-3820326078-3820326081,1287058151,node-3820326078,node-3820326081,Grand Northern Trunk Road,trunk,256.57,,yes,4,13.1182782,80.2594447,13.1188267,80.2571441
edge-1287058152-3820326078-276517449,1287058152,node-3820326078,node-276517449,Unnamed Road,secondary,9.67,,no,2,13.1182782,80.2594447,13.1183652,80.2594434
edge-1287062804-11484549904-11937070761,1287062804,node-11484549904,node-11937070761,Unnamed Road,trunk_link,10.62,,no,2,13.0614189,80.1593298,13.0613241,80.1593178
edge-1287062806-11937070762-11937070763,1287062806,node-11937070762,node-11937070763,Unnamed Road,trunk_link,11.67,,no,2,13.061695,80.1588085,13.0615904,80.1587999
edge-1287278205-5566112875-7805429421,1287278205,node-5566112875,node-7805429421,Grand Northern Trunk Road,trunk,10.94,3,yes,2,13.196864,80.1812787,13.1968328,80.1813745
edge-1287282046-11032124248-11938877648,1287282046,node-11032124248,node-11938877648,Unnamed Road,primary_link,37.5,,yes,3,13.1300613,80.2135541,13.1303678,80.2134102
edge-1287282047-11938877650-11938877651,1287282047,node-11938877650,node-11938877651,Unnamed Road,primary_link,47.71,,yes,3,13.1304487,80.2134721,13.1304909,80.2139086
edge-1287290033-9368672356-11938949875,1287290033,node-9368672356,node-11938949875,Velachery Main Road,secondary,126.13,2,yes,3,12.9910125,80.2200334,12.9901027,80.2207226
edge-1287290035-11938949875-11938949873,1287290035,node-11938949875,node-11938949873,Velachery Main Road,secondary,110.53,2,yes,5,12.9901027,80.2207226,12.9908569,80.2200706
edge-1287318428-12718141239-11939180172,1287318428,node-12718141239,node-11939180172,General Patters Road,secondary,30.44,,yes,3,13.0656157,80.2676641,13.0653448,80.2676732
edge-1287318429-11939180188-11939180191,1287318429,node-11939180188,node-11939180191,General Patters Road,secondary,127.1,,yes,5,13.0601856,80.2656011,13.0590492,80.2655677
edge-1287318430-11939180194-11939180195,1287318430,node-11939180194,node-11939180195,Unnamed Road,secondary_link,4.62,,no,2,13.0629733,80.267207,13.0629596,80.2672473
edge-1287318431-11939180173-11939180174,1287318431,node-11939180173,node-11939180174,General Patters Road,secondary,73.57,,yes,2,13.0649036,80.2676093,13.0642532,80.2674847
edge-1287318432-11939180174-11939180175,1287318432,node-11939180174,node-11939180175,General Patters Road,secondary,39.74,,yes,2,13.0642532,80.2674847,13.0638999,80.2674295
edge-1287318433-11939180172-11939180173,1287318433,node-11939180172,node-11939180173,General Patters Road,secondary,49.55,,yes,2,13.0653448,80.2676732,13.0649036,80.2676093
edge-1287318434-11939180175-11939180181,1287318434,node-11939180175,node-11939180181,General Patters Road,secondary,324.41,,yes,9,13.0638999,80.2674295,13.061655,80.2658088
edge-1287318435-11939180181-11939180188,1287318435,node-11939180181,node-11939180188,General Patters Road,secondary,197.63,,yes,8,13.061655,80.2658088,13.0601856,80.2656011
edge-1287318436-11939180191-11939180192,1287318436,node-11939180191,node-11939180192,General Patters Road,secondary,84.44,,yes,3,13.0590492,80.2655677,13.0582961,80.2654679
edge-1287318437-5463245850-5458607975,1287318437,node-5463245850,node-5458607975,Unnamed Road,secondary,35.43,,yes,4,13.058105,80.265022,13.0579706,80.265317
edge-1287318438-243065936-5463245850,1287318438,node-243065936,node-5463245850,Whites Road,secondary,16.75,,yes,2,13.0580802,80.2648695,13.058105,80.265022
edge-1287319962-7030431045-12336231582,1287319962,node-7030431045,node-12336231582,Unnamed Road,primary_link,19.0,,yes,3,13.0743998,80.2207452,13.0743159,80.2205924
edge-1287321817-11939197273-11939197274,1287321817,node-11939197273,node-11939197274,Unnamed Road,primary_link,5.88,,no,2,12.9360572,80.1822621,12.9360635,80.182316
edge-1287323975-343158176-11939209054,1287323975,node-343158176,node-11939209054,Unnamed Road,secondary_link,12.54,,yes,2,13.0749932,80.2180072,13.0748813,80.217993
edge-1287324523-257924699-9637496686,1287324523,node-257924699,node-9637496686,Anderson Road,secondary,9.16,,yes,2,13.097426,80.2420828,13.0975061,80.2421025
edge-1287324524-9637496706-9637496686,1287324524,node-9637496706,node-9637496686,Konnur High Road,primary,443.74,,yes,13,13.09798,80.2380391,13.0975061,80.2421025
edge-1287344227-247437529-11939353037,1287344227,node-247437529,node-11939353037,Pallavan Salai,secondary,19.98,,yes,2,13.0737818,80.2764982,13.0736238,80.2765861
edge-1287344228-966544068-247437529,1287344228,node-966544068,node-247437529,Anna Salai,primary,42.7,,yes,3,13.0735117,80.276218,13.0737818,80.2764982
edge-1287346388-2271543448-11939347654,1287346388,node-2271543448,node-11939347654,North Fort Road,primary,24.07,,yes,4,13.0854441,80.2843995,13.0854909,80.2846154
edge-1287346389-11939347655-2271543483,1287346389,node-11939347655,node-2271543483,Unnamed Road,secondary,43.62,,yes,3,13.0852969,80.28452,13.0856838,80.2845759
edge-1287351208-11939396847-5306758372,1287351208,node-11939396847,node-5306758372,Unnamed Road,secondary,18.78,,yes,2,13.0854684,80.1984833,13.0854392,80.1986541
edge-1287357034-1952450382-11939445529,1287357034,node-1952450382,node-11939445529,Unnamed Road,secondary,16.69,,yes,2,13.0852392,80.2240492,13.0852877,80.224195
edge-1287357276-10901554491-10901554489,1287357276,node-10901554491,node-10901554489,New Avadi Road,primary,12.57,,yes,2,13.0986136,80.2138783,13.0985641,80.2139826
edge-1287357278-11939438383-10901554491,1287357278,node-11939438383,node-10901554491,Unnamed Road,primary,10.82,,yes,2,13.0985233,80.213841,13.0986136,80.2138783
edge-1287357279-10901554451-11939438383,1287357279,node-10901554451,node-11939438383,New Avadi Road,primary,11.27,,yes,2,13.0984798,80.213935,13.0985233,80.213841
edge-1287366914-7794392130-11939433512,1287366914,node-7794392130,node-11939433512,Chennai Bypass Expressway,trunk,1132.53,3,yes,10,12.9869859,80.1210059,12.9967402,80.1233343
edge-1287366915-11939433512-347353687,1287366915,node-11939433512,node-347353687,Chennai Bypass Expressway,trunk,42.5,3,yes,2,12.9967402,80.1233343,12.9970676,80.1235367
edge-1287366916-11939433513-7794392129,1287366916,node-11939433513,node-7794392129,Chennai Bypass Expressway,trunk,1123.97,3,yes,10,12.9966623,80.1234556,12.9869788,80.1211599
edge-1287366917-347353689-11939433513,1287366917,node-347353689,node-11939433513,Chennai Bypass Expressway,trunk,45.35,3,yes,2,12.997014,80.1236675,12.9966623,80.1234556
edge-1287367422-11939525827-11939525825,1287367422,node-11939525827,node-11939525825,Padi Flyover,primary,39.36,,yes,3,13.0989188,80.1964179,13.098739,80.1967096
edge-1287367423-340003552-11939525836,1287367423,node-340003552,node-11939525836,Padi Flyover,primary,29.71,,yes,3,13.0987193,80.1964398,13.0987223,80.1961772
edge-1287384094-11939636905-243066455,1287384094,node-11939636905,node-243066455,TTK Road,secondary,31.23,,yes,3,13.0455999,80.2598776,13.0453213,80.2598607
edge-1287384095-11939636907-12632867530,1287384095,node-11939636907,node-12632867530,Unnamed Road,primary_link,27.07,,yes,6,13.0452085,80.260572,13.0453952,80.2606257
edge-1287586753-12237413214-11939209053,1287586753,node-12237413214,node-11939209053,EVR Periyar Salai,primary,9.94,2,yes,3,13.0749017,80.217863,13.0749148,80.2177722
edge-1287586754-11939209054-12237413214,1287586754,node-11939209054,node-12237413214,EVR Periyar Salai,primary,14.26,2,yes,3,13.0748813,80.217993,13.0749017,80.217863
edge-1287586755-11590990230-303239169,1287586755,node-11590990230,node-303239169,EVR Periyar Salai,primary,823.78,2,yes,26,13.0770081,80.211262,13.0764331,80.2037216
edge-1287590113-30142983-5793660751,1287590113,node-30142983,node-5793660751,East Coast Road,primary,50.83,2,yes,2,12.8971859,80.2473217,12.897636,80.2474036
edge-1287590114-30142985-7170102963,1287590114,node-30142985,node-7170102963,East Coast Road,primary,50.61,2,yes,2,12.8976224,80.2474759,12.8971781,80.2473747
edge-1287592046-248467465-11955691694,1287592046,node-248467465,node-11955691694,Ethiraj Salai,secondary,42.09,,yes,2,13.0641216,80.2594541,13.0642994,80.2591111
edge-1287592047-2482057562-11617814512,1287592047,node-2482057562,node-11617814512,Unnamed Road,secondary,11.79,,yes,3,13.0643696,80.2590649,13.064341,80.2591677
edge-1287595645-14070407315-2197215502,1287595645,node-14070407315,node-2197215502,South Usman Road,secondary,23.79,,yes,7,13.0350093,80.2301702,13.0351877,80.2302661
edge-1287682510-247684064-342732354,1287682510,node-247684064,node-342732354,Arcot Road,primary,188.76,,yes,7,13.0477807,80.2035736,13.0474118,80.2018729
edge-1287938298-11936397490-1123352254,1287938298,node-11936397490,node-1123352254,Grand Northern Trunk Road,trunk,225.89,2,yes,5,13.1522368,80.209726,13.1534491,80.208052
edge-1288008566-248467505-11939287864,1288008566,node-248467505,node-11939287864,Unnamed Road,secondary,7.59,,yes,2,13.0682704,80.269388,13.0682902,80.2694551
edge-1288010212-7723872178-7821539480,1288010212,node-7723872178,node-7821539480,Madhavaram - Red Hills Road,primary,143.16,,yes,5,13.185514,80.2030847,13.1842365,80.203018
edge-1288011394-11944753128-11944753129,1288011394,node-11944753128,node-11944753129,Unnamed Road,secondary,10.61,,no,2,13.0091399,80.2142983,13.0092102,80.2142321
edge-1288011799-996580357-2216189430,1288011799,node-996580357,node-2216189430,Pasumpon Muthuramalingar Thevar Salai,secondary,196.12,,yes,6,13.0296374,80.2456563,13.0293636,80.2474439
edge-1288582929-7822087580-402352084,1288582929,node-7822087580,node-402352084,Unnamed Road,secondary,27.24,2,no,2,13.1342028,80.1931907,13.1339598,80.1932229
edge-1288635096-11949829612-11032126777,1288635096,node-11949829612,node-11032126777,Chennai Bypass,trunk,108.41,3,yes,2,13.1468678,80.2030992,13.1472474,80.2040214
edge-1288635097-11949829611-11949829612,1288635097,node-11949829611,node-11949829612,Chennai Bypass,trunk,87.99,3,yes,2,13.1465943,80.2023367,13.1468678,80.2030992
edge-1288635098-11949829614-11949829613,1288635098,node-11949829614,node-11949829613,Chennai Bypass,trunk,111.84,3,yes,2,13.1468625,80.2034318,13.1465007,80.2024681
edge-1288635099-11032126776-11949829614,1288635099,node-11032126776,node-11949829614,Chennai Bypass,trunk,69.4,3,yes,2,13.1470871,80.2040298,13.1468625,80.2034318
edge-1288635126-11949829883-11949829887,1288635126,node-11949829883,node-11949829887,Unnamed Road,secondary,33.3,,yes,7,13.1202371,80.1990761,13.1203745,80.1992913
edge-1288649399-10120161717-243326004,1288649399,node-10120161717,node-243326004,Taramani Road,primary,29.49,2,yes,4,12.975928,80.2211155,12.9760873,80.2213325
edge-1288869985-11951492660-11951492663,1288869985,node-11951492660,node-11951492663,Usman road flyover,secondary,156.18,2,no,4,13.0445272,80.2324932,13.0431335,80.232351
edge-1288869986-11951492663-11951550376,1288869986,node-11951492663,node-11951550376,North Usman Road Flyover,secondary,513.75,,no,15,13.0431335,80.232351,13.0386555,80.2313184
edge-1288869987-11951550376-11951550377,1288869987,node-11951550376,node-11951550377,Unnamed Road,secondary,211.32,,no,3,13.0386555,80.2313184,13.0368368,80.2307524
edge-1288869995-11951550377-11951550378,1288869995,node-11951550377,node-11951550378,Unnamed Road,secondary,17.37,,no,2,13.0368368,80.2307524,13.0366856,80.2307122
edge-1288869997-11951550395-11951550396,1288869997,node-11951550395,node-11951550396,Unnamed Road,secondary,85.94,,no,2,13.028218,80.2309469,13.0289863,80.230861
edge-1288869998-11951550396-11951550406,1288869998,node-11951550396,node-11951550406,Unnamed Road,secondary,643.33,,no,8,13.0289863,80.230861,13.0347438,80.2303139
edge-1288908453-12159371329-10187875469,1288908453,node-12159371329,node-10187875469,Koyambedu Flyover,primary,117.22,,yes,2,13.0741476,80.2000261,13.0734304,80.2008193
edge-1289092241-4461968967-4462007069,1289092241,node-4461968967,node-4462007069,East Coast Road,primary,46.33,,yes,2,12.9661908,80.2569221,12.9657816,80.2568415
edge-1289092243-13063335446-334006924,1289092243,node-13063335446,node-334006924,East Coast Road,primary,44.22,,yes,2,12.9663702,80.2568531,12.966763,80.256917
edge-1289092594-11953613092-6776189247,1289092594,node-11953613092,node-6776189247,Unnamed Road,primary_link,22.33,2,no,3,12.9608441,80.2454737,12.9609357,80.2452907
edge-1289111742-5460685946-309178263,1289111742,node-5460685946,node-309178263,Anna Salai (Mount Road),primary,10.27,,yes,2,13.0657047,80.2673868,13.065758,80.2674642
edge-1289111743-6968051463-309182932,1289111743,node-6968051463,node-309182932,Anna Salai (Mount Road),primary,617.35,3,yes,16,13.0656647,80.2675441,13.0621081,80.2631703
edge-1289114189-249798090-243323026,1289114189,node-249798090,node-243323026,Pasumpon Muthuramalingar Thevar Salai,secondary,90.75,,yes,5,13.0293085,80.2474348,13.0291745,80.2482608
edge-1289114190-243323026-249797804,1289114190,node-243323026,node-249797804,Pasumpon Muthuramalingar Thevar Salai,secondary,38.98,,yes,2,13.0291745,80.2482608,13.0291167,80.2486157
edge-1289114389-11953733752-11953733749,1289114389,node-11953733752,node-11953733749,Unnamed Road,primary_link,26.16,,yes,4,13.037483,80.2466376,13.0375097,80.2464186
edge-1289114390-11953733753-11962752129,1289114390,node-11953733753,node-11962752129,Unnamed Road,primary_link,25.11,,yes,4,13.0374148,80.2463947,13.0373571,80.2466166
edge-1289115299-2216437870-11027493350,1289115299,node-2216437870,node-11027493350,Avvai Shanmugam Salai,secondary,12.96,,no,2,13.0477395,80.2661695,13.0477262,80.2662884
edge-1289116081-309316810-2213431439,1289116081,node-309316810,node-2213431439,Unnamed Road,primary,39.9,,yes,3,13.0772204,80.2407225,13.076866,80.2406702
edge-1289116082-30037246-12625037591,1289116082,node-30037246,node-12625037591,EVR Periyar Salai,primary,30.4,,yes,2,13.0779389,80.2444133,13.0779626,80.2446929
edge-1289116083-30037247-9593473426,1289116083,node-30037247,node-9593473426,EVR Periyar Salai,primary,11.32,,yes,2,13.0773336,80.2406122,13.0773615,80.2407127
edge-1289116084-2212827729-9593473428,1289116084,node-2212827729,node-9593473428,EVR Periyar Salai,primary,23.43,,yes,2,13.077184,80.2406155,13.0771334,80.2404055
edge-1289116085-2212827729-30037247,1289116085,node-2212827729,node-30037247,Unnamed Road,primary,16.64,,yes,2,13.077184,80.2406155,13.0773336,80.2406122
edge-1289116873-12124272231-309338769,1289116873,node-12124272231,node-309338769,Kilpauk Garden Road,secondary,100.59,,yes,5,13.0834096,80.2383057,13.0835237,80.2373846
edge-1289116875-12717786868-5455846922,1289116875,node-12717786868,node-5455846922,Unnamed Road,secondary,309.43,,yes,14,13.0835258,80.2387923,13.0829009,80.2413964
edge-1289269143-11949829613-11955267029,1289269143,node-11949829613,node-11955267029,Chennai Bypass,trunk,617.75,3,yes,5,13.1465007,80.2024681,13.1437345,80.1976237
edge-1289269144-11955267029-308870208,1289269144,node-11955267029,node-308870208,Chennai Bypass,trunk,120.35,3,yes,2,13.1437345,80.1976237,13.142974,80.1968328
edge-1289269145-11955267030-11949829611,1289269145,node-11955267030,node-11949829611,Chennai Bypass,trunk,578.71,3,yes,5,13.1440704,80.1977535,13.1465943,80.2023367
edge-1289269146-11955267031-11955267030,1289269146,node-11955267031,node-11955267030,Chennai Bypass,trunk,77.22,3,yes,2,13.1435763,80.1972524,13.1440704,80.1977535
edge-1290162105-11959664542-262454145,1290162105,node-11959664542,node-262454145,Jawaharlal Nehru Road (100 Feet Road),primary,91.79,,yes,2,13.0693429,80.205652,13.0697923,80.2049411
edge-1290162106-833105014-12159347769,1290162106,node-833105014,node-12159347769,EVR Periyar Salai Flyover,primary,84.91,2,yes,2,13.0756657,80.1975036,13.0754589,80.196749
edge-1290162107-30038725-338720677,1290162107,node-30038725,node-338720677,Jawaharlal Nehru Road (100 Feet Road),primary,58.65,2,yes,2,13.0754064,80.1990697,13.0759334,80.1990474
edge-1290165694-277435126-7027588125,1290165694,node-277435126,node-7027588125,Rathnammal Street,secondary,9.02,,no,2,13.0481766,80.2192443,13.0481887,80.219162
edge-1290165695-255719152-247681982,1290165695,node-255719152,node-247681982,Dr MGR Salai,primary,34.1,,yes,2,13.0537521,80.2344307,13.0538133,80.2341222
edge-1291718503-7822169832-7822169844,1291718503,node-7822169832,node-7822169844,Kaliamman Koil Street,secondary,95.41,,yes,5,13.0606517,80.1959146,13.0598833,80.1955253
edge-1292070437-254491191-344492738,1292070437,node-254491191,node-344492738,Perambur Barracks Salai,secondary,97.89,2,no,4,13.0934773,80.2588649,13.0943566,80.2589084
edge-1292375972-365988846-30268463,1292375972,node-365988846,node-30268463,Sardar Patel Road,primary,10.09,,yes,2,13.0113903,80.2232821,13.0114299,80.2231983
edge-1293058182-8429442664-8429442663,1293058182,node-8429442664,node-8429442663,Thiruvottriyur High Road,secondary,71.9,,yes,2,13.1351927,80.2933157,13.1345792,80.293106
edge-1293354479-247714665-11925287669,1293354479,node-247714665,node-11925287669,Five Furlong Road,secondary,8.43,2,yes,2,13.0037866,80.2120421,13.003711,80.2120362
edge-1293563475-11041723930-11991319537,1293563475,node-11041723930,node-11991319537,Unnamed Road,primary_link,20.13,,yes,2,12.9736507,80.2504409,12.9736978,80.2502615
edge-1293569115-11991399003-11991399004,1293569115,node-11991399003,node-11991399004,Unnamed Road,primary_link,23.34,,no,2,13.0563277,80.2113783,13.0563198,80.2115936
edge-1293574910-12809003400-364649093,1293574910,node-12809003400,node-364649093,Mount - Poonamallee - Avadi Road,primary,306.74,3,yes,6,13.0165909,80.1895413,13.0179409,80.1870733
edge-1293622004-11991750452-11991750455,1293622004,node-11991750452,node-11991750455,Vanagaram - Ambathur - Puzhal Road,primary,13.64,2,yes,2,13.0614409,80.1514277,13.0615514,80.1514824
edge-1293622006-1878169820-11991750451,1293622006,node-1878169820,node-11991750451,Vanagaram - Ambathur - Puzhal Road,primary,10.31,2,no,2,13.0618149,80.1516452,13.0617298,80.1516073
edge-1293622007-11991750451-11484539820,1293622007,node-11991750451,node-11484539820,Vanagaram - Ambathur - Puzhal Road,primary,14.88,2,yes,3,13.0617298,80.1516073,13.061602,80.1515762
edge-1294655394-2086712172-2086711946,1294655394,node-2086712172,node-2086711946,Mount - Medavakkam Road,primary,123.91,2,yes,5,12.9560672,80.1868375,12.9571766,80.1869442
edge-1294900820-10024263548-11047548600,1294900820,node-10024263548,node-11047548600,Grand Northern Trunk Road,trunk,1383.85,2,yes,25,13.1560947,80.2050204,13.1677411,80.2009047
edge-1295348804-12003228032-5225935888,1295348804,node-12003228032,node-5225935888,Unnamed Road,primary_link,30.51,,yes,4,12.987381,80.2557094,12.9876088,80.2556474
edge-1296314151-249076751-264480977,1296314151,node-249076751,node-264480977,Uttamar Gandhi Salai (Nungambakkam High Road),primary,188.74,,yes,7,13.0560292,80.2490552,13.0545223,80.2498506
edge-1296314152-12011988225-249076751,1296314152,node-12011988225,node-249076751,Unnamed Road,primary,12.04,,yes,2,13.0560847,80.2489598,13.0560292,80.2490552
edge-1296314153-9819018841-243049428,1296314153,node-9819018841,node-243049428,Uttamar Gandhi Salai (Nungambakkam High Road),primary,110.77,,yes,6,13.0612456,80.2470513,13.0603928,80.2475786
edge-1296314154-309213773-2197496792,1296314154,node-309213773,node-2197496792,Unnamed Road,primary,9.33,,yes,2,13.0537205,80.2501813,13.0537989,80.2501505
edge-1296343868-268790432-2198054394,1296343868,node-268790432,node-2198054394,Gandhi Mandapam Flyover,primary,13.09,2,yes,2,13.0073267,80.2380038,13.0072634,80.2381057
edge-1296343869-2198054394-12012274237,1296343869,node-2198054394,node-12012274237,Gandhi Mandapam Flyover,primary,12.82,2,yes,2,13.0072634,80.2381057,13.0072353,80.2379909
edge-1298028180-289177114-282904616,1298028180,node-289177114,node-282904616,East Kalmandapam Road,secondary,68.91,,yes,5,13.1146421,80.2924966,13.1142183,80.2929526
edge-1298029299-254142644-247435509,1298029299,node-254142644,node-247435509,West Madha Church Street,secondary,298.62,,yes,10,13.1086868,80.2941087,13.1061462,80.2932331
edge-1298029300-12025222835-254142644,1298029300,node-12025222835,node-254142644,West Madha Church Street,secondary,298.88,,yes,11,13.1061785,80.2931469,13.1086868,80.2941087
edge-1298029301-311309463-12025222844,1298029301,node-311309463,node-12025222844,Unnamed Road,primary_link,47.39,1,yes,4,13.106138,80.2929773,13.1060267,80.2933517
edge-1298029302-12025222845-12025222846,1298029302,node-12025222845,node-12025222846,Unnamed Road,secondary_link,7.97,,no,2,13.1079559,80.2937895,13.107929,80.2938577
edge-1298029304-12025222848-12025222849,1298029304,node-12025222848,node-12025222849,Unnamed Road,secondary_link,7.74,,no,2,13.1084925,80.2939899,13.1084695,80.2940574
edge-1298945366-251297472-251297471,1298945366,node-251297472,node-251297471,Ponniamman Koil Street,secondary,17.4,,no,4,12.9648117,80.1961371,12.964658,80.1961207
edge-1298969108-10901563825-10901563813,1298969108,node-10901563825,node-10901563813,E Seeyalam Street Flyover,secondary,25.39,2,no,2,13.1082251,80.2147936,13.1082847,80.2145673
edge-1298969109-10578751650-10901563825,1298969109,node-10578751650,node-10901563825,Unnamed Road,secondary,28.47,2,no,2,13.1082132,80.2150562,13.1082251,80.2147936
edge-1299180434-264481139-5458112120,1299180434,node-264481139,node-5458112120,Haddows Road,primary,177.58,,yes,6,13.0627957,80.2476733,13.0613798,80.2472007
edge-1299490967-12037467233-12037467233,1299490967,node-12037467233,node-12037467233,Anna Nagar 3rd Avenue,secondary,54.04,2,yes,21,13.0923479,80.2182972,13.0923479,80.2182972
edge-1300448237-342790322-342790262,1300448237,node-342790322,node-342790262,Arcot Road,primary,339.63,,yes,11,13.0382369,80.1650006,13.0378187,80.1619081
edge-1300455468-11925469155-10607444958,1300455468,node-11925469155,node-10607444958,Kamarajar Salai,primary,224.17,,yes,6,13.0393304,80.2789643,13.0374019,80.2783632
edge-1300577960-10564814005-247973396,1300577960,node-10564814005,node-247973396,Kutchery Road,secondary,206.49,,no,4,13.0346921,80.2718673,13.0342553,80.2737173
edge-1300653477-342746843-342746911,1300653477,node-342746843,node-342746911,Arcot Road,primary,351.87,,yes,11,13.0466026,80.1926051,13.0464375,80.1893647
edge-1300782387-11484539859-11484539860,1300782387,node-11484539859,node-11484539860,Vanagaram - Ambathur - Puzhal Road,primary,14.05,2,yes,2,13.0615238,80.1515345,13.0614086,80.1514813
edge-1300895093-12049174141-12049174138,1300895093,node-12049174141,node-12049174138,Unnamed Road,secondary,21.31,,yes,4,13.0711248,80.2539667,13.0712306,80.2541266
edge-1300895094-12049174138-12049174144,1300895094,node-12049174138,node-12049174144,Unnamed Road,secondary_link,27.3,,yes,4,13.0712306,80.2541266,13.0709903,80.2541115
edge-1300895095-12049174138-248467716,1300895095,node-12049174138,node-248467716,Halls Road,secondary,20.3,,yes,4,13.0712306,80.2541266,13.0710827,80.2540178
edge-1301483536-347531379-7733494764,1301483536,node-347531379,node-7733494764,Tirumullaivoyal Road,secondary,1170.99,,no,31,13.1480447,80.1362184,13.1544492,80.1334298
edge-1301526051-4001265349-384508838,1301526051,node-4001265349,node-384508838,Balfour Road,secondary,76.73,,no,2,13.0830962,80.2440382,13.082465,80.243752
edge-1302262326-5445207905-5306843095,1302262326,node-5445207905,node-5306843095,Jawaharlal Nehru Road (100 Feet Road),primary,297.71,,yes,5,13.0875067,80.1984671,13.090183,80.1985064
edge-1303001946-978588902-1949065381,1303001946,node-978588902,node-1949065381,Pallavaram - Thoraipakkam Road,primary,109.24,,yes,4,12.9496731,80.2379331,12.9494932,80.2389229
edge-1303006610-12067549678-5189436423,1303006610,node-12067549678,node-5189436423,Poonamallee - Kundrathur - Pallavaram Road,primary,1035.47,,no,39,12.9825069,80.1292521,12.9852216,80.1211104
edge-1303006611-256202975-2191940177,1303006611,node-256202975,node-2191940177,Poonamallee - Kundrathur - Pallavaram Road,primary,282.14,,no,5,12.9795096,80.1290373,12.9820172,80.129289
edge-1303006613-1888223398-2191940177,1303006613,node-1888223398,node-2191940177,Poonamallee - Kundrathur - Pallavaram Road,primary,52.93,,yes,6,12.9824836,80.1293056,12.9820172,80.129289
edge-1303006614-2191940177-1888223398,1303006614,node-2191940177,node-1888223398,Poonamallee - Kundrathur - Pallavaram Road,primary,52.1,,yes,6,12.9820172,80.129289,12.9824836,80.1293056
edge-1303006615-1888223398-12067549678,1303006615,node-1888223398,node-12067549678,Poonamallee - Kundrathur - Pallavaram Road,primary,6.35,,no,2,12.9824836,80.1293056,12.9825069,80.1292521
edge-1303180229-247681993-277435460,1303180229,node-247681993,node-277435460,Nagerkoyil Sudalaimuthu Krishnan (NSK) Salai,primary,121.9,,yes,5,13.0519547,80.2189987,13.0522605,80.2200793
edge-1303682143-964604092-8049513010,1303682143,node-964604092,node-8049513010,Pallavaram - Thoraipakkam Road,primary,291.74,2,yes,5,12.951306,80.1743983,12.9507134,80.1770203
edge-1306082445-247438022-11431663719,1306082445,node-247438022,node-11431663719,Unnamed Road,secondary,20.49,,no,3,13.0923212,80.2752963,13.0923317,80.2751074
edge-1307169389-12105562231-6816373604,1307169389,node-12105562231,node-6816373604,Unnamed Road,primary_link,15.45,,no,2,12.9500069,80.2354405,12.9498718,80.235407
edge-1307169390-6816373604-12105562232,1307169390,node-6816373604,node-12105562232,Unnamed Road,primary_link,11.85,,no,2,12.9498718,80.235407,12.9497674,80.2353851
edge-1307491535-276746333-12108250287,1307491535,node-276746333,node-12108250287,Vanagaram - Ambathur - Puzhal Road,primary,1858.34,2,yes,48,13.158264,80.2026839,13.1503697,80.1909641
edge-1307491536-12108250287-10228235210,1307491536,node-12108250287,node-10228235210,Unnamed Road,primary,448.75,2,yes,11,13.1503697,80.1909641,13.1529142,80.1941599
edge-1307491537-12108250286-12108250287,1307491537,node-12108250286,node-12108250287,Unnamed Road,primary,34.08,2,no,2,13.1502019,80.1907007,13.1503697,80.1909641
edge-1307945722-3208163484-3886149732,1307945722,node-3208163484,node-3886149732,Vanagaram - Ambathur - Puzhal Road,primary,196.07,2,yes,9,13.13699,80.1771182,13.1356312,80.1759653
edge-1307945723-12112457471-10228235170,1307945723,node-12112457471,node-10228235170,Unnamed Road,primary,172.88,2,yes,5,13.1356688,80.1758648,13.1368501,80.1769012
edge-1308546190-5461664857-12117947877,1308546190,node-5461664857,node-12117947877,Unnamed Road,secondary_link,10.17,,no,2,13.1500161,80.2043399,13.1500192,80.204246
edge-1308794742-9682211479-384600365,1308794742,node-9682211479,node-384600365,Musiri Subramanium Road,secondary,17.96,,yes,2,13.0389122,80.2572202,13.0388619,80.2573777
edge-1308794743-247688167-384600365,1308794743,node-247688167,node-384600365,Unnamed Road,secondary,12.46,,yes,2,13.0389562,80.2574399,13.0388619,80.2573777
edge-1308816938-10227936149-12478019975,1308816938,node-10227936149,node-12478019975,Greams Road,secondary,445.7,,yes,14,13.0630738,80.2543434,13.0667061,80.2541352
edge-1308955101-3672851071-2800814662,1308955101,node-3672851071,node-2800814662,Nelson Manickam Road,secondary,11.56,2,yes,2,13.0665673,80.2312946,13.0665452,80.2313989
edge-1308977400-290650289-2272263335,1308977400,node-290650289,node-2272263335,9th Street,secondary,9.09,,yes,2,13.1110647,80.226639,13.1110049,80.2265818
edge-1308977402-2272263335-9679839181,1308977402,node-2272263335,node-9679839181,9th Street,secondary,10.15,,yes,2,13.1110049,80.2265818,13.1110937,80.2265599
edge-1308993345-309178263-11939180171,1308993345,node-309178263,node-11939180171,Anna Salai (Mount Road),primary,13.54,,yes,2,13.065758,80.2674642,13.0658332,80.2675625
edge-1308994910-12121878790-12121878791,1308994910,node-12121878790,node-12121878791,Unnamed Road,secondary_link,8.87,,no,2,13.0924749,80.2745308,13.0925378,80.2745812
edge-1309008528-294094164-3926108702,1309008528,node-294094164,node-3926108702,Unnamed Road,secondary,26.33,,no,2,13.15056,80.241904,13.1506309,80.241672
edge-1309188112-12123477279-12123477284,1309188112,node-12123477279,node-12123477284,Unnamed Road,secondary_link,19.07,,yes,6,13.0503882,80.2801238,13.0505465,80.2801616
edge-1309199927-30051249-12123541764,1309199927,node-30051249,node-12123541764,TTK Road,secondary,9.96,,yes,2,13.0287832,80.2497725,13.0288622,80.2498159
edge-1309215138-331888109-12123666613,1309215138,node-331888109,node-12123666613,MIT Flyover Ramp,trunk_link,29.19,,yes,2,12.949312,80.1383367,12.9495199,80.1385011
edge-1309220933-276519905-9580765115,1309220933,node-276519905,node-9580765115,Chennai - Ennore Road,primary,5.66,,yes,3,13.1857674,80.3031251,13.1858028,80.3031627
edge-1309249045-254497368-254491187,1309249045,node-254497368,node-254491187,Perambur Barracks Salai,secondary,41.09,2,no,2,13.0904955,80.2586533,13.0908619,80.2587029
edge-1309267620-12067412557-310504041,1309267620,node-12067412557,node-310504041,DGS Dhinakaran Road,primary,8.24,,yes,2,13.0189591,80.2673958,13.019,80.2674592
edge-1309267621-264040311-12067412556,1309267621,node-264040311,node-12067412556,DGS Dhinakaran Road,primary,9.7,,yes,2,13.0189362,80.2675193,13.0188823,80.2674489
edge-1309267623-2188756795-310503318,1309267623,node-2188756795,node-310503318,DGS Dhinakaran Road,primary,498.73,2,yes,14,13.018854,80.2674063,13.018911,80.2629344
edge-1309299238-10183032523-2166981270,1309299238,node-10183032523,node-2166981270,Paper Mills Road,secondary,330.06,,no,13,13.1135215,80.2357006,13.1147334,80.2329796
edge-1309299240-276517798-2272401244,1309299240,node-276517798,node-2272401244,Paper Mills Road,secondary,339.36,,no,6,13.1160817,80.2316871,13.1175702,80.2289524
edge-1309309587-12124205154-256606639,1309309587,node-12124205154,node-256606639,Anna Main Road,secondary,34.97,,yes,4,13.0376905,80.1928415,13.0379867,80.1927408
edge-1309309588-256606636-12124205154,1309309588,node-256606636,node-12124205154,Anna Main Road,secondary,9.13,,yes,2,13.0376334,80.192902,13.0376905,80.1928415
edge-1309309590-256606639-12124205157,1309309590,node-256606639,node-12124205157,Munusamy Salai,secondary,36.74,,yes,3,13.0379867,80.1927408,13.0383029,80.1928108
edge-1309309591-12124205157-12124205155,1309309591,node-12124205157,node-12124205155,Anna Main Road,secondary,35.25,,yes,3,13.0383029,80.1928108,13.0379885,80.1928175
edge-1309322626-9189427499-6590472098,1309322626,node-9189427499,node-6590472098,Unnamed Road,secondary,31.53,,yes,2,13.0834953,80.2382988,13.0834755,80.2385892
edge-1309322627-252299870-12124272231,1309322627,node-252299870,node-12124272231,Kilpauk Garden Road,secondary,29.59,,yes,2,13.0833862,80.2385778,13.0834096,80.2383057
edge-1309524286-2186539359-1937584311,1309524286,node-2186539359,node-1937584311,Major Mukund Varadharajan Salai,primary,19.39,2,yes,2,12.9227722,80.1517041,12.9227858,80.1518825
edge-1309524287-257439100-11778077582,1309524287,node-257439100,node-11778077582,Major Mukund Varadharajan Salai,primary,18.83,2,yes,2,12.9226911,80.1518833,12.922686,80.1517096
edge-1309527713-9580806418-9580806417,1309527713,node-9580806418,node-9580806417,Unnamed Road,primary_link,9.92,,yes,2,13.1857118,80.303261,13.1856459,80.3033228
edge-1309527714-9580806418-13856045901,1309527714,node-9580806418,node-13856045901,Manali High Road,primary,465.9,,yes,16,13.1857118,80.303261,13.1860914,80.3073157
edge-1309527715-9580806431-276519905,1309527715,node-9580806431,node-276519905,Unnamed Road,primary_link,14.51,,yes,2,13.1856733,80.3032179,13.1857674,80.3031251
edge-1309527716-9580806431-9580806418,1309527716,node-9580806431,node-9580806418,Manali High Road,primary,6.33,,yes,2,13.1856733,80.3032179,13.1857118,80.303261
edge-1309533837-12125922805-12125922809,1309533837,node-12125922805,node-12125922809,Unnamed Road,secondary_link,17.28,,yes,5,13.0760837,80.2652591,13.0761594,80.2651218
edge-1309546399-248467508-10269961847,1309546399,node-248467508,node-10269961847,Adithanar Road,secondary,144.56,1,yes,13,13.0689777,80.2673925,13.0685231,80.2686407
edge-1309587144-12126266603-248467508,1309587144,node-12126266603,node-248467508,Adithanar Road,secondary,270.05,1,yes,14,13.0706565,80.265603,13.0689777,80.2673925
edge-1309589994-12126266611-12126266604,1309589994,node-12126266611,node-12126266604,Adithanar Road,secondary,8.2,1,yes,2,13.0706213,80.2655571,13.0706903,80.2655304
edge-1309589995-12126266604-12126266603,1309589995,node-12126266604,node-12126266603,Adithanar Road,secondary,8.72,1,yes,2,13.0706903,80.2655304,13.0706565,80.265603
edge-1309604112-7809509804-11521295236,1309604112,node-7809509804,node-11521295236,Paper Mills Road,secondary,23.35,2,yes,3,13.1465499,80.2041199,13.1463496,80.2041801
edge-1309791528-3208166756-3898399606,1309791528,node-3208166756,node-3898399606,Unnamed Road,secondary,10.85,,no,2,13.1419021,80.1946446,13.1418229,80.1947032
edge-1309829161-11953521210-303008051,1309829161,node-11953521210,node-303008051,Anna Salai (Mount Road),primary,27.5,3,yes,2,13.0357998,80.2462679,13.0355603,80.2462047
edge-1309829162-11953521211-11096437549,1309829162,node-11953521211,node-11096437549,Anna Salai (Mount Road),primary,37.41,,yes,2,13.0357748,80.246031,13.0361034,80.2461051
edge-1309998322-12128950152-12128950150,1309998322,node-12128950152,node-12128950150,Unnamed Road,secondary,261.74,,yes,7,13.1099348,80.1635264,13.1096974,80.1659244
edge-1309998323-276609002-276609003,1309998323,node-276609002,node-276609003,Unnamed Road,secondary,163.18,,yes,7,13.1094113,80.1690944,13.1093558,80.1675944
edge-1310004906-12129026661-12129026668,1310004906,node-12129026661,node-12129026668,Thiruvottriyur – Ponneri – Panchetty Road,primary,330.29,,yes,6,13.1539976,80.2858944,13.152783,80.2886781
edge-1310004907-12129026663-12129026661,1310004907,node-12129026663,node-12129026661,Thiruvottriyur – Ponneri – Panchetty Road,primary,343.07,,yes,11,13.1540083,80.2828861,13.1539976,80.2858944
edge-1310004908-12129026641-7825217431,1310004908,node-12129026641,node-7825217431,Ennore High Road,primary,15.37,,yes,2,13.1526705,80.2887006,13.1525799,80.2885934
edge-1310004909-7825217431-7825217424,1310004909,node-7825217431,node-7825217424,Ennore High Road,primary,14.9,,yes,2,13.1525799,80.2885934,13.1527095,80.2886284
edge-1310004910-12129026641-7825217424,1310004910,node-12129026641,node-7825217424,Thiruvottriyur – Ponneri – Panchetty Road,primary,8.94,,yes,2,13.1526705,80.2887006,13.1527095,80.2886284
edge-1310004911-7825217424-12129026668,1310004911,node-7825217424,node-12129026668,Ennore High Road,primary,9.79,,yes,2,13.1527095,80.2886284,13.152783,80.2886781
edge-1310004912-12129026668-12129026665,1310004912,node-12129026668,node-12129026665,Thiruvottriyur – Ponneri – Panchetty Road,primary,8.93,,yes,2,13.152783,80.2886781,13.1527501,80.2887533
edge-1310004913-12129026665-12129026641,1310004913,node-12129026665,node-12129026641,Ennore High Road,primary,10.53,,yes,2,13.1527501,80.2887533,13.1526705,80.2887006
edge-1310037651-12129327899-369643898,1310037651,node-12129327899,node-369643898,Inner Ring Road,primary,45.18,,yes,2,13.0212393,80.2062902,13.0216456,80.2062933
edge-1310037652-308313811-12129327900,1310037652,node-308313811,node-12129327900,Inner Ring Road,primary,47.39,,yes,2,13.021629,80.2064889,13.0212029,80.2064785
edge-1310290992-308209330-1702257592,1310290992,node-308209330,node-1702257592,Dr Nair Road,secondary,15.52,,yes,2,13.0450146,80.2403338,13.0448962,80.2404096
edge-1310290993-1702257690-308209330,1310290993,node-1702257690,node-308209330,Thirumalai Road,secondary,40.83,,yes,3,13.0453311,80.2401427,13.0450146,80.2403338
edge-1311147219-11454997987-5397491673,1311147219,node-11454997987,node-5397491673,Unnamed Road,primary,12.64,,yes,2,13.1377128,80.2379494,13.137601,80.2379703
edge-1311147220-277587993-11454997988,1311147220,node-277587993,node-11454997988,Unnamed Road,primary,12.41,,yes,2,13.1367307,80.2381246,13.1366224,80.2381523
edge-1311147221-2165508042-11454997986,1311147221,node-2165508042,node-11454997986,Unnamed Road,primary,158.11,,yes,6,13.1364919,80.2380901,13.1377555,80.2378216
edge-1311152545-300218831-314707095,1311152545,node-300218831,node-314707095,Arcot Road,primary,149.75,1,yes,5,13.0476901,80.2025211,13.0480347,80.2038574
edge-1311170225-11687096742-12278647255,1311170225,node-11687096742,node-12278647255,Stephenson Road,secondary,37.19,,no,3,13.1097561,80.2592845,13.109776,80.2596273
edge-1311213117-11032053266-10696409421,1311213117,node-11032053266,node-10696409421,Unnamed Road,secondary,10.72,,yes,2,13.0675135,80.2548901,13.067585,80.2549565
edge-1311213118-6598418481-13780458102,1311213118,node-6598418481,node-13780458102,Ethiraj Salai,secondary,41.87,,yes,4,13.0670623,80.255147,13.0673233,80.2548806
edge-1311213119-13780458102-13880733725,1311213119,node-13780458102,node-13880733725,Ethiraj Salai,secondary,10.28,,yes,3,13.0673233,80.2548806,13.0672744,80.2549581
edge-1311245038-13542719422-11939636905,1311245038,node-13542719422,node-11939636905,TTK Road,secondary,275.41,,yes,13,13.0431613,80.2595015,13.0455999,80.2598776
edge-1311245039-12717801277-1685049658,1311245039,node-12717801277,node-1685049658,TTK Road,secondary,267.32,2,yes,7,13.0428231,80.2595039,13.0407049,80.2583616
edge-1311723470-1363311923-310535910,1311723470,node-1363311923,node-310535910,Thiruvalluvar Road,primary,388.4,,yes,9,12.9876645,80.2560597,12.9873557,80.2596279
edge-1311723471-9819235511-8140811080,1311723471,node-9819235511,node-8140811080,Dr. Muthulakshmi Road,secondary,12.25,,yes,2,12.9876844,80.2558837,12.9875765,80.2558611
edge-1311723472-8140811080-8140811078,1311723472,node-8140811080,node-8140811078,Thiruvalluvar Salai,primary,11.29,,yes,2,12.9875765,80.2558611,12.9875915,80.255758
edge-1311723473-13875637491-10310854936,1311723473,node-13875637491,node-10310854936,Dr. Muthulakshmi Road,secondary,653.0,,yes,14,12.9908394,80.2559744,12.9967052,80.2558262
edge-1311723475-12003228032-8140811078,1311723475,node-12003228032,node-8140811078,Kalki Krishnamurty Road,secondary,23.99,,yes,3,12.987381,80.2557094,12.9875915,80.255758
edge-1311796825-1453608010-5456147874,1311796825,node-1453608010,node-5456147874,Rajiv Gandhi Salai,primary,110.4,3,yes,4,12.9785883,80.2523245,12.9795568,80.2525381
edge-1312086432-1975496454-247675888,1312086432,node-1975496454,node-247675888,Valluvar Kottam High Road,secondary,47.24,,yes,6,13.0568463,80.2426311,13.0572301,80.2427961
edge-1312086435-1975496446-11665241682,1312086435,node-1975496446,node-11665241682,Valluvar Kottam High Road,secondary,280.64,,yes,14,13.0569224,80.2428023,13.0594039,80.2424925
edge-1312364941-11047548600-7825686837,1312364941,node-11047548600,node-7825686837,Grand Northern Trunk Road,trunk,943.99,2,yes,6,13.1677411,80.2009047,13.1751683,80.196682
edge-1312364942-7825686837-9582345660,1312364942,node-7825686837,node-9582345660,Grand Northern Trunk Road,trunk,372.63,2,yes,7,13.1751683,80.196682,13.1781185,80.1950496
edge-1312364943-9582345647-344909932,1312364943,node-9582345647,node-344909932,Grand Northern Trunk Road (Old NH5),primary,54.49,,yes,6,13.1841259,80.1921993,13.1841975,80.1917236
edge-1312595084-3886177210-344731818,1312595084,node-3886177210,node-344731818,Grand Northern Trunk Road (Old NH5),primary,119.73,,yes,5,13.1933008,80.1840092,13.1941061,80.1832757
edge-1312595085-13765800353-7723151041,1312595085,node-13765800353,node-7723151041,Grand Northern Trunk Road (Old NH5),primary,334.4,,yes,8,13.1963532,80.1812525,13.1941742,80.1833606
edge-1312595087-1123352233-10024263549,1312595087,node-1123352233,node-10024263549,Grand Northern Trunk Road,trunk,300.85,2,yes,12,13.1585245,80.2037747,13.1561553,80.2050963
edge-1312595088-321181767-12157435010,1312595088,node-321181767,node-12157435010,Madhavaram Flyover,primary,378.92,,yes,3,13.1438994,80.2199174,13.1407518,80.2185769
edge-1312595089-12157435009-278751644,1312595089,node-12157435009,node-278751644,Madhavaram Flyover,primary,366.55,,yes,4,13.1408177,80.2184938,13.1438596,80.2197963
edge-1312595090-9869953179-1109183363,1312595090,node-9869953179,node-1109183363,Jawaharlal Nehru Road (100 Feet Road),primary,329.36,,yes,4,13.1339905,80.2157235,13.1312337,80.2146125
edge-1312595091-11032124263-7809345475,1312595091,node-11032124263,node-7809345475,Jawaharlal Nehru Road (100 Feet Road),primary,273.13,,yes,3,13.1285268,80.2114552,13.1273388,80.2092476
edge-1313080417-9593473426-11771199325,1313080417,node-9593473426,node-11771199325,EVR Periyar Salai,primary,361.47,,yes,9,13.0773615,80.2407127,13.0778869,80.2440035
edge-1313080418-11771199325-30037246,1313080418,node-11771199325,node-30037246,EVR Periyar Salai,primary,44.76,,yes,2,13.0778869,80.2440035,13.0779389,80.2444133
edge-1313161328-247684103-338665895,1313161328,node-247684103,node-338665895,Arcot Road,primary,118.03,,yes,5,13.0375445,80.1595795,13.0377441,80.1606494
edge-1313161329-342790469-12197288483,1313161329,node-342790469,node-12197288483,Arcot Road,primary,288.36,,yes,12,13.0374719,80.1595973,13.0363392,80.1572197
edge-1313198079-12155078076-1168642589,1313198079,node-12155078076,node-1168642589,Vadapalani Flyover,primary,12.42,,yes,2,13.0476326,80.2122641,13.0475223,80.2122822
edge-1313198080-1168642592-12155078077,1313198080,node-1168642592,node-12155078077,Vadapalani Flyover,primary,12.14,,yes,2,13.0475073,80.2121042,13.0476164,80.2121077
edge-1313198081-12155078078-6212976330,1313198081,node-12155078078,node-6212976330,Vadapalani Flyover,primary,16.57,,yes,2,13.0523682,80.2119276,13.0525097,80.2118795
edge-1313198082-6212976333-12155078079,1313198082,node-6212976333,node-12155078079,Vadapalani Flyover,primary,14.27,,yes,2,13.0525483,80.2120573,13.0524205,80.2120697
edge-1313203553-247681986-12155112527,1313203553,node-247681986,node-12155112527,Kodambakkam Railway Flyover,primary,5.69,,no,2,13.0540537,80.2282332,13.0540563,80.2282857
edge-1313203554-12155112528-298387415,1313203554,node-12155112528,node-298387415,Kodambakkam Railway Flyover,primary,2.89,,no,2,13.0538587,80.2340135,13.0538558,80.23404
edge-1313205070-2197415803-12155150204,1313205070,node-2197415803,node-12155150204,Mahalingapuram Flyover,secondary,13.01,,no,2,13.0518649,80.2340557,13.0519784,80.2340847
edge-1313205071-1975496413-2197415908,1313205071,node-1975496413,node-2197415908,Mahalingapuram Flyover,secondary,21.05,,no,2,13.0555881,80.2347533,13.0557772,80.2347628
edge-1313206839-308209403-250365152,1313206839,node-308209403,node-250365152,Gopathi Narayanaswami Flyover,secondary,9.97,,yes,2,13.0461987,80.2422015,13.0462446,80.2422806
edge-1313206840-308209330-1701464407,1313206840,node-308209330,node-1701464407,Gopathi Narayanaswami Road,secondary,241.6,,yes,6,13.0450146,80.2403338,13.043947,80.2383913
edge-1313206841-1701464407-2068622278,1313206841,node-1701464407,node-2068622278,Gopathi Narayanaswami Road,secondary,4.84,,no,2,13.043947,80.2383913,13.0439749,80.238357
edge-1313206842-1701464406-308209325,1313206842,node-1701464406,node-308209325,Unnamed Road,secondary_link,4.85,,no,2,13.0440559,80.2383224,13.0440995,80.2383232
edge-1313206843-1701428463-1701464413,1313206843,node-1701428463,node-1701464413,Gopathi Narayanaswami Flyover,secondary,7.31,,yes,2,13.0461746,80.2423009,13.0461415,80.2422426
edge-1313215842-1701428539-1701464441,1313215842,node-1701428539,node-1701464441,Anna Flyover,secondary,14.08,,yes,2,13.0506545,80.2488699,13.050743,80.2489628
edge-1313215843-1702258599-357985282,1313215843,node-1702258599,node-357985282,Anna Flyover,primary,12.09,,yes,2,13.0498573,80.2497806,13.0499637,80.2498037
edge-1313215844-301947509-247686556,1313215844,node-301947509,node-247686556,Anna Flyover,primary,11.71,,yes,2,13.0499391,80.2498734,13.0498371,80.2499002
edge-1313221970-2481982260-259510042,1313221970,node-2481982260,node-259510042,Sathyam Flyover,secondary,6.72,2,yes,2,13.0546229,80.2557266,13.054592,80.2556733
edge-1313221971-2481982261-2481982260,1313221971,node-2481982261,node-2481982260,Sathyam Flyover,secondary,8.6,2,yes,2,13.0546718,80.2556651,13.0546229,80.2557266
edge-1313221972-12155244489-259703221,1313221972,node-12155244489,node-259703221,Sathyam Flyover,secondary,8.83,2,no,2,13.0542299,80.2601986,13.0542232,80.2602798
edge-1313221973-259703221-12155244487,1313221973,node-259703221,node-12155244487,Sathyam Flyover,secondary,6.37,2,yes,2,13.0542232,80.2602798,13.054263,80.2603221
edge-1313221974-12155244488-259703221,1313221974,node-12155244488,node-259703221,Sathyam Flyover,secondary,6.86,2,yes,2,13.0541933,80.2603352,13.0542232,80.2602798
edge-1313224160-2481982244-259509956,1313224160,node-2481982244,node-259509956,Royapettah Flyover,secondary,19.19,,yes,4,13.0540986,80.2617582,13.0540828,80.2615843
edge-1313224161-259703179-2481982244,1313224161,node-259703179,node-2481982244,Royapettah Flyover,secondary,20.93,,yes,4,13.054152,80.2615778,13.0540986,80.2617582
edge-1313224162-2481982244-308297211,1313224162,node-2481982244,node-308297211,Royapettah Flyover,secondary,10.53,,no,2,13.0540986,80.2617582,13.0540877,80.2618548
edge-1313226241-302897390-1685107220,1313226241,node-302897390,node-1685107220,Music Academy Flyover,primary,14.1,,yes,2,13.0449946,80.2622084,13.044974,80.2623368
edge-1313226242-302897393-367026937,1313226242,node-302897393,node-367026937,Music Academy Flyover,primary,20.91,,yes,2,13.0448596,80.262394,13.0449063,80.262207
edge-1313399852-12156951338-9510051590,1313399852,node-12156951338,node-9510051590,Govindaswamy Karuppiah Moopanar Flyover,secondary,35.27,,no,2,13.0313051,80.2458235,13.0316216,80.245845
edge-1313399853-303008048-13766718521,1313399853,node-303008048,node-13766718521,Cenotaph Road,secondary,321.54,,yes,14,13.0347483,80.2456729,13.0318931,80.245866
edge-1313401317-249497657-12156971222,1313401317,node-249497657,node-12156971222,Adyar Flyover,primary,62.02,,no,2,13.0065493,80.255689,13.0065443,80.2551166
edge-1313401318-12156971224-307072729,1313401318,node-12156971224,node-307072729,Adyar Flyover,primary,21.9,,no,2,13.0107556,80.2591859,13.0105588,80.2591779
edge-1313402849-257431351-310535738,1313402849,node-257431351,node-310535738,Dr Muthulakshmi Salai,secondary,24.59,,yes,2,13.0044401,80.2570846,13.0042221,80.2570466
edge-1313402850-11052045696-257431351,1313402850,node-11052045696,node-257431351,Adyar Flyover,secondary,9.56,,yes,2,13.0045246,80.257101,13.0044401,80.2570846
edge-1313404270-4450539392-1457503511,1313404270,node-4450539392,node-1457503511,Tansi Nagar 15 th street,primary_link,14.0,,no,2,12.9782589,80.2253209,12.9783717,80.2252635
edge-1313409181-12157030704-8601096138,1313409181,node-12157030704,node-8601096138,Major Mukund Varadharajan Salai,primary,97.85,2,yes,7,12.9720987,80.2194508,12.9712718,80.2191427
edge-1313409182-10120161784-12157030704,1313409182,node-10120161784,node-12157030704,Velachery Lower Flyover,primary,23.85,,yes,3,12.9723062,80.2194922,12.9720987,80.2194508
edge-1313411086-338282583-12157056339,1313411086,node-338282583,node-12157056339,Velachery MRTS Bridge,primary,17.66,,yes,2,12.9647335,80.2165229,12.9645798,80.2164817
edge-1313411087-12157056340-9400398384,1313411087,node-12157056340,node-9400398384,Velachery MRTS Bridge,primary,16.39,,yes,2,12.964664,80.2163422,12.9647758,80.2164408
edge-1313411088-9575558232-2197525484,1313411088,node-9575558232,node-2197525484,Unnamed Road,primary,314.49,,no,8,12.9680591,80.2176056,12.9706155,80.2187455
edge-1313412763-964671659-964671661,1313412763,node-964671659,node-964671661,Major Mukund Varadharajan Road Flyover,primary,21.17,3,yes,2,12.9458064,80.2088169,12.9459535,80.2089409
edge-1313413552-300460343-2407552342,1313413552,node-300460343,node-2407552342,Mount - Medavakkam Road,primary,11.04,,yes,2,12.9647374,80.1881428,12.9646415,80.1881164
edge-1313414310-340044519-340045569,1313414310,node-340044519,node-340045569,Pallavaram Flyover,primary,56.22,2,yes,2,12.958817,80.1500658,12.9592162,80.1497474
edge-1313414311-964603449-1178006124,1313414311,node-964603449,node-1178006124,Pallavaram Flyover,primary,55.07,2,yes,2,12.95926,80.1498248,12.9588698,80.1501378
edge-1313416437-878329650-12157110956,1313416437,node-878329650,node-12157110956,Pallavaram Flyover,trunk,34.63,,yes,3,12.9633571,80.1467928,12.9635464,80.1470208
edge-1313419140-304921603-304921588,1313419140,node-304921603,node-304921588,Airport Flyover,trunk,203.06,,yes,3,12.9837606,80.170477,12.9847254,80.1720665
edge-1313419141-304921577-304921578,1313419141,node-304921577,node-304921578,Airport Flyover,trunk,144.79,2,yes,2,12.9769514,80.158408,12.9776895,80.1595089
edge-1313420888-2198054394-12157136683,1313420888,node-2198054394,node-12157136683,Gandhi Mandapam Flyover,primary,9.1,2,no,2,13.0072634,80.2381057,13.0072477,80.2381881
edge-1313420889-12157136684-268789823,1313420889,node-12157136684,node-268789823,Gandhi Mandapam Flyover,primary,6.16,2,no,2,13.006651,80.2426578,13.0066507,80.2427147
edge-1313448009-331888748-561058204,1313448009,node-331888748,node-561058204,MIT Flyover Ramp,trunk_link,20.48,,yes,2,12.9447703,80.1353354,12.9446253,80.1352189
edge-1313448010-249269126-331888655,1313448010,node-249269126,node-331888655,MIT Flyover Ramp,trunk_link,7.63,,yes,2,12.9448749,80.135021,12.9449301,80.1350628
edge-1313448011-561058204-12157397456,1313448011,node-561058204,node-12157397456,MIT Flyover Ramp,trunk_link,10.89,,yes,2,12.9446253,80.1352189,12.9446071,80.1351202
edge-1313452327-12157435008-1109183160,1313452327,node-12157435008,node-1109183160,Jawaharlal Nehru Road (100 Feet Road),primary,101.02,,yes,3,13.1406211,80.2185306,13.1397733,80.2181956
edge-1313452328-1109183400-12157435006,1313452328,node-1109183400,node-12157435006,Jawaharlal Nehru Road (100 Feet Road),primary,119.12,,yes,6,13.1397356,80.2180271,13.1407243,80.2184492
edge-1313452329-12157435006-12157435009,1313452329,node-12157435006,node-12157435009,Madhavaram Flyover,primary,11.45,,yes,2,13.1407243,80.2184492,13.1408177,80.2184938
edge-1313452330-12157435010-12157435008,1313452330,node-12157435010,node-12157435008,Madhavaram Flyover,primary,15.37,,yes,2,13.1407518,80.2185769,13.1406211,80.2185306
edge-1313452331-12157435011-3913259137,1313452331,node-12157435011,node-3913259137,Madhavaram Flyover,primary,27.69,,yes,2,13.148861,80.2219122,13.1491022,80.2219758
edge-1313452332-7824881317-3913259137,1313452332,node-7824881317,node-3913259137,IRR service road,primary_link,15.18,,yes,2,13.1490036,80.2218788,13.1491022,80.2219758
edge-1313452333-3913258529-12157435012,1313452333,node-3913258529,node-12157435012,Madhavaram Flyover,primary,19.61,,yes,2,13.1489779,80.2220731,13.148817,80.2219989
edge-1313454041-2166748912-7819394849,1313454041,node-2166748912,node-7819394849,Moolakadai Flyover,trunk,9.34,,yes,2,13.1272795,80.2439181,13.1272334,80.2439902
edge-1313454042-12157440083-7820130606,1313454042,node-12157440083,node-7820130606,Moolakadai Flyover,trunk,13.74,,yes,2,13.1271428,80.2439942,13.1272131,80.2438898
edge-1313454043-3820325549-3820325548,1313454043,node-3820325549,node-3820325548,Moolakadai Flyover,trunk,12.1,,yes,2,13.1306242,80.2391495,13.1306912,80.2390614
edge-1313454044-7821736144-2165507989,1313454044,node-7821736144,node-2165507989,Moolakadai Flyover,trunk,17.01,,yes,2,13.1307685,80.239082,13.130681,80.2392108
edge-1313457445-298833298-674687740,1313457445,node-298833298,node-674687740,Morasali Maran Flyover,primary,11.75,,yes,2,13.1072533,80.2451219,13.1072599,80.2452302
edge-1313465208-674685480-674685452,1313465208,node-674685480,node-674685452,Morasali Maran Flyover,primary,81.83,,yes,5,13.1088659,80.2433783,13.1094768,80.2434907
edge-1313465209-2272421693-2272421683,1313465209,node-2272421693,node-2272421683,Unnamed Road,primary,78.28,,yes,2,13.109394,80.2423714,13.1086934,80.2423005
edge-1313465210-9416863235-9416855164,1313465210,node-9416863235,node-9416855164,Morasali Maran Flyover,primary,26.63,,yes,4,13.107014,80.2433631,13.1067915,80.243291
edge-1313465211-9416855164-9416855155,1313465211,node-9416855164,node-9416855155,Morasali Maran Flyover,primary,5.34,,yes,2,13.1067915,80.243291,13.1067436,80.2432881
edge-1313468338-254143153-9573106961,1313468338,node-254143153,node-9573106961,Vyasarpadi Flyover,trunk,9.86,,yes,2,13.1134464,80.2636972,13.1135249,80.2636549
edge-1313468339-12157559624-413576832,1313468339,node-12157559624,node-413576832,Vyasarpadi Flyover,trunk,7.83,,yes,2,13.1074276,80.2690504,13.1073781,80.2691018
edge-1313468340-290017678-12157559625,1313468340,node-290017678,node-12157559625,Vyasarpadi Flyover,trunk,15.93,,yes,2,13.1141203,80.2656726,13.113977,80.2656725
edge-1313468341-254143129-11735797677,1313468341,node-254143129,node-11735797677,Vyasarpadi Flyover,trunk,16.69,,yes,2,13.1071903,80.2691327,13.1073012,80.2690288
edge-1313471993-6274342371-12157558036,1313471993,node-6274342371,node-12157558036,Mint Flyover,primary,12.09,,yes,2,13.1050174,80.2775477,13.1049876,80.2774403
edge-1313640162-30039085-6274979421,1313640162,node-30039085,node-6274979421,Mount - Poonamallee - Avadi Road,primary,36.03,3,yes,2,13.0361539,80.1534309,13.0359831,80.1537135
edge-1313640163-6274979421-12159151098,1313640163,node-6274979421,node-12159151098,MGR FLyover,primary,26.36,2,yes,3,13.0359831,80.1537135,13.0358441,80.1539071
edge-1313640164-6274979410-313026743,1313640164,node-6274979410,node-313026743,MGR FLyover,primary,14.88,,yes,2,13.0357768,80.1538512,13.0358341,80.1537271
edge-1313640165-338665605-6274979433,1313640165,node-338665605,node-6274979433,MGR FLyover,primary,20.98,2,yes,2,13.0344244,80.158272,13.0344325,80.1584655
edge-1313640166-12159159501-9580401347,1313640166,node-12159159501,node-9580401347,MGR FLyover,primary,13.45,,yes,2,13.0343532,80.158335,13.034353,80.1582108
edge-1313651448-12159239075-333218894,1313651448,node-12159239075,node-333218894,Purasaiwalkam Flyover,secondary,146.76,,yes,3,13.0867377,80.2605454,13.0869268,80.2592048
edge-1313651449-333218898-12159239075,1313651449,node-333218898,node-12159239075,Purasaiwalkam Flyover,secondary,16.18,,yes,2,13.0866882,80.2606859,13.0867377,80.2605454
edge-1313651450-12159239080-4001265778,1313651450,node-12159239080,node-4001265778,Purasaiwalkam Flyover,secondary,9.76,,yes,2,13.0864155,80.2564191,13.0863986,80.2565075
edge-1313651451-4001265778-4001265777,1313651451,node-4001265778,node-4001265777,Purasaiwalkam Flyover,secondary,9.13,,yes,2,13.0863986,80.2565075,13.0863544,80.2564365
edge-1313651452-4001265778-12159239084,1313651452,node-4001265778,node-12159239084,Purasaiwalkam Flyover,secondary,11.18,,no,2,13.0863986,80.2565075,13.0864388,80.2566021
edge-1313651453-249075324-333218852,1313651453,node-249075324,node-333218852,Purasaiwalkam Flyover,secondary,17.45,,yes,2,13.0876576,80.2606701,13.0877013,80.2608248
edge-1313653277-2168356871-256124365,1313653277,node-2168356871,node-256124365,Kathipara Interchange Flyover Ramp,primary_link,50.56,3,yes,4,13.0083856,80.2030662,13.0080662,80.2033951
edge-1313653278-256124367-2168356871,1313653278,node-256124367,node-2168356871,Kathipara Interchange Flyover Ramp,primary_link,54.08,3,yes,4,13.0085874,80.2026131,13.0083856,80.2030662
edge-1313654004-256039853-12159256547,1313654004,node-256039853,node-12159256547,Kathipara Interchange Flyover,primary,14.95,,yes,2,13.0076834,80.2057657,13.0077031,80.2059022
edge-1313654005-12159256547-12159256548,1313654005,node-12159256547,node-12159256548,Grand Southern Trunk Road Flyover,primary,26.1,,yes,3,13.0077031,80.2059022,13.0077549,80.2061372
edge-1313654584-308238065-256124360,1313654584,node-308238065,node-256124360,Kathipara Interchange Flyover,primary,32.41,3,yes,2,13.0073478,80.2023399,13.0073801,80.2020426
edge-1313656357-256039867-308313473,1313656357,node-256039867,node-308313473,Kathipara Interchange Flyover,primary,59.62,,yes,3,13.0122396,80.2038399,13.0127638,80.2039554
edge-1313659272-348997142-310002595,1313659272,node-348997142,node-310002595,Padi Flyover,primary,17.42,,yes,2,13.1014607,80.1905313,13.1014869,80.1906899
edge-1313659273-310002596-12159320529,1313659273,node-310002596,node-12159320529,Padi Flyover,primary,19.99,,yes,2,13.1013893,80.190742,13.1013467,80.1905627
edge-1313663114-310002592-12159342129,1313663114,node-310002592,node-12159342129,Padi Flyover,primary,144.19,,yes,3,13.1027216,80.1970523,13.1030931,80.1983261
edge-1313663115-12159342129-10279471404,1313663115,node-12159342129,node-10279471404,Padi Flyover,primary,24.2,,yes,2,13.1030931,80.1983261,13.1031424,80.1985437
edge-1313663116-12159342130-310002593,1313663116,node-12159342130,node-310002593,Padi Flyover,primary,145.75,,yes,4,13.1029975,80.198376,13.1026341,80.1970853
edge-1313663117-11433647216-12159342130,1313663117,node-11433647216,node-12159342130,Padi Flyover,primary,13.5,,yes,2,13.1030162,80.1984992,13.1029975,80.198376
edge-1313670100-12159347768-833105032,1313670100,node-12159347768,node-833105032,EVR Periyar Salai Flyover,primary,86.82,2,yes,2,13.075545,80.1967259,13.075757,80.1974974
edge-1313670101-6503577741-12159347768,1313670101,node-6503577741,node-12159347768,EVR Periyar Salai Flyover,primary,12.84,,yes,2,13.0755168,80.1966109,13.075545,80.1967259
edge-1313670102-832908144-30037265,1313670102,node-832908144,node-30037265,EVR Periyar Salai Flyover,primary,16.0,,yes,2,13.0763826,80.2014027,13.0763573,80.2015481
edge-1313670103-338720802-832908531,1313670103,node-338720802,node-832908531,EVR Periyar Salai Flyover,primary,17.51,,yes,2,13.0762716,80.201542,13.0762972,80.2013825
edge-1313670104-12159347769-338720839,1313670104,node-12159347769,node-338720839,EVR Periyar Salai Flyover,primary,16.84,,yes,2,13.0754589,80.196749,13.0754202,80.1965987
edge-1313671379-832907993-832908442,1313671379,node-832907993,node-832908442,EVR Periyar Salai Flyover Ramp,primary_link,48.29,2,yes,5,13.0765799,80.1989214,13.0767048,80.1985233
edge-1313671380-30038724-832907993,1313671380,node-30038724,node-832907993,EVR Periyar Salai Flyover Ramp,primary_link,19.65,2,yes,2,13.0764358,80.1990264,13.0765799,80.1989214
edge-1313671381-832908432-735219572,1313671381,node-832908432,node-735219572,EVR Periyar Salai Flyover Ramp,primary_link,24.53,2,yes,3,13.076685,80.1992409,13.0764857,80.1991517
edge-1313672029-832908339-832908292,1313672029,node-832908339,node-832908292,EVR Periyar Salai Flyover Ramp,primary_link,12.9,2,yes,2,13.075414,80.1993174,13.0753313,80.1994009
edge-1313672030-12159414122-338720677,1313672030,node-12159414122,node-338720677,EVR Periyar Salai Flyover Ramp,primary_link,27.67,,yes,3,13.075714,80.1991397,13.0759334,80.1990474
edge-1313672031-12159414123-832908116,1313672031,node-12159414123,node-832908116,EVR Periyar Salai Flyover Ramp,primary_link,70.03,,yes,5,13.076147,80.2002669,13.0755433,80.2001241
edge-1313672032-832908159-12159414123,1313672032,node-832908159,node-12159414123,EVR Periyar Salai Flyover Ramp,primary_link,14.59,,yes,3,13.076273,80.2002962,13.076147,80.2002669
edge-1313716172-12159701587-252298937,1313716172,node-12159701587,node-252298937,Anna Arch Flyover,secondary,11.46,,yes,2,13.0781635,80.2177582,13.07826,80.217721
edge-1313717942-6274949850-1165550752,1313717942,node-6274949850,node-1165550752,Anna Arch Flyover,secondary,11.93,,yes,2,13.0750052,80.2185537,13.0749552,80.2186512
edge-1313717943-1165550752-12159690680,1313717943,node-1165550752,node-12159690680,Anna Arch Flyover,secondary,9.04,,yes,2,13.0749552,80.2186512,13.0749447,80.218734
edge-1313717945-6274949832-12159690682,1313717945,node-6274949832,node-12159690682,Anna Arch Flyover,secondary,3.94,,yes,2,13.0743736,80.2206151,13.0743799,80.2205793
edge-1313720601-8556710539-9806178194,1313720601,node-8556710539,node-9806178194,Medavakkam Flyover,primary,13.13,3,yes,2,12.9177427,80.1892334,12.917799,80.1891269
edge-1313720602-9806136997-7170033452,1313720602,node-9806136997,node-7170033452,Medavakkam Maempalam,primary,20.05,,yes,2,12.9204608,80.1966577,12.9206351,80.1967052
edge-1313720603-12159747809-9806137008,1313720603,node-12159747809,node-9806137008,Medavakkam Flyover,primary,16.66,,yes,2,12.9205184,80.1967752,12.9203745,80.1967323
edge-1314292004-11474824462-11474824513,1314292004,node-11474824462,node-11474824513,Mumbai Highway,trunk,55.75,3,yes,5,13.0576336,80.12851,13.0573371,80.1280951
edge-1314292005-11474824513-12164798288,1314292005,node-11474824513,node-12164798288,Poonamallee High Road Flyover,trunk,25.26,3,yes,3,13.0573371,80.1280951,13.0571947,80.1279135
edge-1314292006-11474768507-12164798289,1314292006,node-11474768507,node-12164798289,Poonamallee High Road Flyover,trunk,95.59,3,yes,2,13.0551071,80.1204466,13.05537,80.1196064
edge-1314293049-5306843096-12164853343,1314293049,node-5306843096,node-12164853343,Thirumangalam Flyover,primary,24.91,,yes,3,13.0901979,80.1986955,13.0899825,80.1986428
edge-1314293050-5306843094-12164853345,1314293050,node-5306843094,node-12164853345,Thirumangalam Flyover,primary,17.41,2,yes,2,13.0824362,80.1984989,13.0825927,80.1985024
edge-1314293051-12164853346-5306843095,1314293051,node-12164853346,node-5306843095,Thirumangalam Flyover,primary,22.73,,yes,3,13.0899902,80.1985582,13.090183,80.1985064
edge-1314293052-12164853347-5306843098,1314293052,node-12164853347,node-5306843098,Thirumangalam Flyover,primary,16.7,2,yes,2,13.0826194,80.1985946,13.0824692,80.198596
edge-1314314804-7814859420-9417619438,1314314804,node-7814859420,node-9417619438,Mount - Medavakkam Road,primary,457.31,2,yes,17,12.9600622,80.1871625,12.9559551,80.1869989
edge-1314553825-12167422544-12167422548,1314553825,node-12167422544,node-12167422548,Unnamed Road,secondary,72.23,,yes,4,13.1243854,80.2486012,13.1237858,80.2483674
edge-1314553826-12167422548-290018984,1314553826,node-12167422548,node-290018984,Ethiraj Samy Salai,secondary,19.47,,no,2,13.1237858,80.2483674,13.1236469,80.2482579
edge-1315064085-7169717957-12125955282,1315064085,node-7169717957,node-12125955282,Nagerkoyil Sudalaimuthu Krishnan Salai,primary,103.96,,yes,5,13.0539495,80.2270756,13.0540663,80.2280275
edge-1315064086-12728228011-12172232081,1315064086,node-12728228011,node-12172232081,Nagerkoyil Sudalaimuthu Krishnan Salai,primary,148.85,,yes,3,13.0536789,80.2251324,13.0538862,80.2264881
edge-1315720307-10069962233-12178501333,1315720307,node-10069962233,node-12178501333,Rajiv Gandhi Salai,primary,193.63,3,yes,7,12.9795645,80.2527151,12.9779765,80.2520783
edge-1315720308-1454648370-12419531177,1315720308,node-1454648370,node-12419531177,Rajiv Gandhi Salai,primary,10.04,3,yes,2,12.9799018,80.2527419,12.9798118,80.2527349
edge-1315720309-12178501335-1454648353,1315720309,node-12178501335,node-1454648353,Unnamed Road,primary_link,20.3,,yes,2,12.9737839,80.2502843,12.9737375,80.2504655
edge-1315725816-13328092336-10901563805,1315725816,node-13328092336,node-10901563805,E Seeyalam Street Flyover,secondary,78.42,2,no,3,13.1120669,80.2135832,13.1113999,80.2133487
edge-1316337314-12155281369-259509956,1316337314,node-12155281369,node-259509956,Peters Road,secondary,16.68,,yes,3,13.0540486,80.2617309,13.0540828,80.2615843
edge-1316582526-11777931844-308209327,1316582526,node-11777931844,node-308209327,Dr Nair Road,secondary,39.26,,yes,3,13.0448612,80.2403563,13.0451626,80.2401677
edge-1316582527-308209327-1702257683,1316582527,node-308209327,node-1702257683,Thirumalai Pillai Road,secondary,20.87,,yes,2,13.0451626,80.2401677,13.045324,80.2400694
edge-1316912345-402333321-402333451,1316912345,node-402333321,node-402333451,Jawaharlal Nehru Road (100 Feet Road),primary,477.18,5,yes,8,13.1251299,80.205429,13.1230479,80.2015775
edge-1316912346-402333451-675923898,1316912346,node-402333451,node-675923898,Jawaharlal Nehru Road (100 Feet Road),primary,600.23,5,yes,17,13.1230479,80.2015775,13.1186629,80.1985327
edge-1318293477-298387395-12485907888,1318293477,node-298387395,node-12485907888,North Usman Road,secondary,56.81,,yes,3,13.0530191,80.2343074,13.0535116,80.2344469
edge-1318323118-1702258197-1702258054,1318323118,node-1702258197,node-1702258054,Thirumalai Road,secondary,116.6,,yes,4,13.0473664,80.2398249,13.0463443,80.2395849
edge-1318380992-12201473370-12201473371,1318380992,node-12201473370,node-12201473371,Unnamed Road,secondary,14.18,,yes,2,13.0844363,80.217888,13.0844332,80.2180189
edge-1318548027-365696486-1109183188,1318548027,node-365696486,node-1109183188,Jawaharlal Nehru Road (100 Feet Road),primary,747.09,5,yes,11,13.1121685,80.197163,13.1187255,80.1983753
edge-1318548029-1109183188-1109183341,1318548029,node-1109183188,node-1109183341,Jawaharlal Nehru Road (100 Feet Road),primary,176.34,5,yes,8,13.1187255,80.1983753,13.1201016,80.1991766
edge-1318548030-7822124726-7822087529,1318548030,node-7822124726,node-7822087529,Puthagaram Road,secondary,21.72,,no,3,13.1354539,80.1909665,13.1354964,80.1907707
edge-1318548031-3886149732-402352504,1318548031,node-3886149732,node-402352504,Vanagaram - Ambathur - Puzhal Road,primary,391.93,3,yes,9,13.1356312,80.1759653,13.1329412,80.17363
edge-1318548032-11778006140-5251925825,1318548032,node-11778006140,node-5251925825,Vanagaram - Ambathur - Puzhal Road,primary,398.54,2,yes,15,13.1304434,80.1586451,13.1285285,80.1555544
edge-1318548033-11778006140-11778006139,1318548033,node-11778006140,node-11778006139,Pudur Main Road,secondary,11.36,,no,2,13.1304434,80.1586451,13.1305345,80.1585977
edge-1319885553-313783509-310535744,1319885553,node-313783509,node-310535744,Dr Muthulakshmi Salai,secondary,175.68,2,yes,4,12.9993093,80.2561902,12.9977453,80.2559662
edge-1319885555-310535740-310535741,1319885555,node-310535740,node-310535741,Dr Muthulakshmi Salai,secondary,195.92,2,yes,5,13.0012315,80.256538,12.9994968,80.256228
edge-1322108426-262452045-11070568457,1322108426,node-262452045,node-11070568457,Anna Nagar 3rd Avenue,secondary,209.55,,yes,4,13.0903323,80.2181396,13.0922154,80.2182152
edge-1322510476-11777642688-247675521,1322510476,node-11777642688,node-247675521,Unnamed Road,secondary,18.97,,yes,3,13.0342486,80.2373162,13.0341938,80.2371528
edge-1322587280-9910462860-12032856657,1322587280,node-9910462860,node-12032856657,Madhavaram - Red Hills Road,primary,237.64,2,yes,9,13.1305363,80.2409264,13.1324191,80.2399232
edge-1322587281-12032856657-11786498337,1322587281,node-12032856657,node-11786498337,Madhavaram - Red Hills Road,primary,94.04,2,yes,6,13.1324191,80.2399232,13.1332076,80.2397814
edge-1323785281-978534803-978534812,1323785281,node-978534803,node-978534812,Thillaiganga Nagar Subway,primary,91.55,,yes,2,12.9912198,80.1944171,12.9916967,80.1937283
edge-1323785282-301731221-6445243566,1323785282,node-301731221,node-6445243566,Thillaiganga Nagar Subway,primary,80.78,,yes,2,12.991753,80.1938039,12.9913513,80.1944251
edge-1323785283-978534711-6307286848,1323785283,node-978534711,node-6307286848,Thillaiganga Nagar Subway,primary,26.83,,yes,2,12.9945239,80.1933063,12.9947652,80.193305
edge-1323785284-6307286847-300197388,1323785284,node-6307286847,node-300197388,Thillaiganga Nagar Subway,primary,26.88,,yes,3,12.9947641,80.1934236,12.9945224,80.1934215
edge-1323786814-5733272650-2239156072,1323786814,node-5733272650,node-2239156072,Doraiswamy Subway,secondary,11.83,,no,2,13.0415963,80.227371,13.0416237,80.2272655
edge-1323786815-11770736432-12249915058,1323786815,node-11770736432,node-12249915058,Doraiswamy Subway,secondary,11.33,,no,2,13.0409715,80.2300278,13.0409917,80.2299253
edge-1323787515-7794528406-11777477469,1323787515,node-7794528406,node-11777477469,Nelson Manickam Road,secondary,82.37,2,yes,3,13.0646628,80.2347752,13.0653109,80.234412
edge-1323787516-11066391364-11777477470,1323787516,node-11066391364,node-11777477470,Nungambakkam Subway,secondary,143.38,2,yes,5,13.0659481,80.2333136,13.0653584,80.2344674
edge-1323796135-309316811-11672323183,1323796135,node-309316811,node-11672323183,Gengu Reddy Road,secondary,51.34,,no,3,13.078771,80.2516945,13.0783113,80.251737
edge-1323798336-30237377-7843307252,1323798336,node-30237377,node-7843307252,RBI Subway,primary,248.87,,yes,6,13.0826299,80.288992,13.0848336,80.2891435
edge-1323798337-2271543538-258987169,1323798337,node-2271543538,node-258987169,RBI Subway,primary,100.08,,yes,3,13.0881339,80.290244,13.0873133,80.2898644
edge-1324133089-2001005468-12253059947,1324133089,node-2001005468,node-12253059947,Dhandapani Street,secondary_link,24.01,,no,4,13.0391393,80.2346666,13.0390356,80.2344722
edge-1324264642-1184327212-1184327448,1324264642,node-1184327212,node-1184327448,Grand Northern Trunk Road,trunk,107.08,2,yes,6,13.1832947,80.1922608,13.1842363,80.1920561
edge-1324385026-280087143-1197468392,1324385026,node-280087143,node-1197468392,St Thomas Mount Subway,primary,34.58,,no,2,12.9954239,80.2011762,12.9951141,80.201204
edge-1324385027-1197468392-11733946859,1324385027,node-1197468392,node-11733946859,St Thomas Mount Subway,primary,17.9,,no,2,12.9951141,80.201204,12.9949535,80.2012149
edge-1324835389-12259245172-1197445192,1324835389,node-12259245172,node-1197445192,St Thomas Mount Subway,primary,40.9,,no,2,12.9961908,80.2010193,12.9958301,80.2010933
edge-1324835390-12259245171-12259245172,1324835390,node-12259245171,node-12259245172,St Thomas Mount Subway,primary,12.79,,no,2,12.9963024,80.2009908,12.9961908,80.2010193
edge-1327200660-276754575-5305992167,1327200660,node-276754575,node-5305992167,Unnamed Road,secondary,3.16,,no,2,13.1415216,80.1949572,13.1414991,80.1949751
edge-1327200661-3898399606-12127347019,1327200661,node-3898399606,node-12127347019,Unnamed Road,secondary,5.94,,no,2,13.1418229,80.1947032,13.1417816,80.194738
edge-1327224502-243048122-1685049660,1327224502,node-243048122,node-1685049660,TTK Road,secondary,172.33,,yes,4,13.0394757,80.2576329,13.0408597,80.2583486
edge-1327224503-30051287-9682211479,1327224503,node-30051287,node-9682211479,TTK Road,secondary,9.99,,yes,2,13.0388392,80.2571665,13.0389122,80.2572202
edge-1327226616-12278583431-1949066122,1327226616,node-12278583431,node-1949066122,Rajiv Gandhi Salai,primary,627.97,2,yes,14,12.9439253,80.2376509,12.9486826,80.240571
edge-1327226617-12278583432-12278583431,1327226617,node-12278583432,node-12278583431,Rajiv Gandhi Salai,primary,14.55,2,yes,3,12.9438418,80.2375487,12.9439253,80.2376509
edge-1327226618-12686898568-12278583434,1327226618,node-12686898568,node-12278583434,Rajiv Gandhi Salai,primary,627.64,2,yes,19,12.9486097,80.2406647,12.943883,80.237719
edge-1327226619-12278583434-3890539079,1327226619,node-12278583434,node-3890539079,Rajiv Gandhi Salai,primary,11.85,2,yes,2,12.943883,80.237719,12.9438098,80.2376395
edge-1327451019-12635083546-247675875,1327451019,node-12635083546,node-247675875,Dr MGR Salai,primary,61.85,,yes,3,13.0525072,80.2415636,13.0524265,80.2410002
edge-1327451020-2197496758-2197496762,1327451020,node-2197496758,node-2197496762,Valluvar Kottam High Road,secondary,12.17,,yes,2,13.0525491,80.2417076,13.0526376,80.2417737
edge-1327455520-10942166365-12281058950,1327455520,node-10942166365,node-12281058950,Unnamed Road,secondary_link,12.48,,yes,5,13.0765553,80.2654555,13.0764713,80.2655261
edge-1329031056-257430050-257430051,1329031056,node-257430050,node-257430051,Mahatma Gandhi Road,secondary,293.22,2,no,6,12.9966031,80.2593081,12.9968487,80.256614
edge-1329291345-6816373602-6816373604,1329291345,node-6816373602,node-6816373604,Pallavaram - Thoraipakkam Road,primary,101.52,,yes,2,12.9497375,80.2363336,12.9498718,80.235407
edge-1329291346-415858044-6816373602,1329291346,node-415858044,node-6816373602,Pallavaram - Thoraipakkam Road,primary,171.8,,yes,2,12.9495044,80.2379008,12.9497375,80.2363336
edge-1331389405-11549371805-10564932049,1331389405,node-11549371805,node-10564932049,Venkatanarayana Road,secondary,120.21,2,yes,6,13.0344933,80.2376637,13.0354087,80.2370735
edge-1331389406-250319178-248700636,1331389406,node-250319178,node-248700636,Venkatanarayana Road,secondary,152.57,,yes,3,13.0356608,80.2369,13.0368214,80.2361488
edge-1331864908-9502019367-3216996445,1331864908,node-9502019367,node-3216996445,RK Mutt Road,secondary,59.08,,yes,3,13.0258334,80.265728,13.0253858,80.2654342
edge-1331867545-6816373604-1666813755,1331867545,node-6816373604,node-1666813755,Pallavaram - Thoraipakkam Road,primary,66.96,,yes,3,12.9498718,80.235407,12.9499502,80.2347944
edge-1331869097-251298250-7802828812,1331869097,node-251298250,node-7802828812,Mount - Medavakkam Road,primary,52.92,2,yes,3,12.9811124,80.1954404,12.9806799,80.1952529
edge-1331871723-277912684-6305269181,1331871723,node-277912684,node-6305269181,Mount - Medavakkam Road,primary,29.98,,no,2,12.982054,80.1959361,12.9822928,80.1960645
edge-1332557962-1866152349-12704032779,1332557962,node-1866152349,node-12704032779,1st Ave,secondary,184.04,,yes,5,13.0809793,80.1645766,13.0814722,80.1661985
edge-1333243990-1454664553-12895275712,1333243990,node-1454664553,node-12895275712,Unnamed Road,primary,3.56,,no,2,12.9813002,80.2432847,12.9812751,80.2432643
edge-1333243991-338470521-4113412285,1333243991,node-338470521,node-4113412285,Unnamed Road,primary,35.69,,yes,3,12.9813991,80.2428268,12.9813985,80.2431562
edge-1333243992-12334925218-303453710,1333243992,node-12334925218,node-303453710,Unnamed Road,primary,23.4,,yes,2,12.9813111,80.2431316,12.9813057,80.2429157
edge-1333405588-12159690681-6274949832,1333405588,node-12159690681,node-6274949832,Nelson Manickam Road,secondary_link,20.93,1,yes,5,13.0742637,80.2207605,13.0743736,80.2206151
edge-1334188231-254491206-11026309660,1334188231,node-254491206,node-11026309660,Ambedkar Kalloori Salai,secondary,272.0,2,yes,4,13.0998747,80.2597313,13.1022325,80.2603861
edge-1334188232-11026309660-11026309697,1334188232,node-11026309660,node-11026309697,Stephensons Salai,secondary,6.59,2,yes,2,13.1022325,80.2603861,13.1022184,80.2604452
edge-1334254543-2216437870-2216437885,1334254543,node-2216437870,node-2216437885,Royapettah High Road,secondary,43.27,,yes,4,13.0477395,80.2661695,13.0480932,80.2660071
edge-1336750897-7043029376-9883140254,1336750897,node-7043029376,node-9883140254,Unnamed Road,secondary,55.67,,yes,4,13.1303121,80.2135447,13.130562,80.2131042
edge-1339450973-10564932049-250319178,1339450973,node-10564932049,node-250319178,Venkatanarayana Road,secondary,33.76,2,yes,4,13.0354087,80.2370735,13.0356608,80.2369
edge-1341204211-12406409156-12406409157,1341204211,node-12406409156,node-12406409157,Unnamed Road,secondary_link,15.72,,no,2,13.0691161,80.2565999,13.0692188,80.2565001
edge-1342364771-2197202980-2001025757,1342364771,node-2197202980,node-2001025757,Sir Thyagaraya Road,secondary,36.82,3,no,2,13.0404287,80.2399497,13.0403971,80.240288
edge-1342384145-12419284458-12419284459,1342384145,node-12419284458,node-12419284459,Unnamed Road,primary_link,12.83,,no,2,12.9066364,80.2283277,12.906647,80.2282098
edge-1342384938-12419282611-12419282612,1342384938,node-12419282611,node-12419282612,Unnamed Road,primary_link,12.08,,yes,2,13.081637,80.2739994,13.0815287,80.2740083
edge-1342387460-12178501333-11041723930,1342387460,node-12178501333,node-11041723930,Rajiv Gandhi Salai,primary,519.19,3,yes,21,12.9779765,80.2520783,12.9736507,80.2504409
edge-1342392599-11612600462-249798090,1342392599,node-11612600462,node-249798090,Pasumpon Muthuramalingar Thevar Salai,secondary,45.22,,yes,3,13.0293588,80.2470206,13.0293085,80.2474348
edge-1342392600-2216189429-12419454632,1342392600,node-2216189429,node-12419454632,Unnamed Road,secondary_link,10.25,,yes,2,13.0292979,80.2477871,13.0292315,80.2478527
edge-1342404643-11495672519-11495672527,1342404643,node-11495672519,node-11495672527,Halls Road,secondary,8.49,1,yes,2,13.0753974,80.258202,13.0754474,80.2582613
edge-1342404644-11495672549-11495672519,1342404644,node-11495672549,node-11495672519,Halls Road,secondary,6.76,1,yes,2,13.0753556,80.2581567,13.0753974,80.258202
edge-1342412338-12419808106-6274949823,1342412338,node-12419808106,node-6274949823,Anna Arch Road,secondary,59.11,,yes,2,13.0750165,80.2178605,13.075548,80.2178488
edge-1342417607-10596342783-247074857,1342417607,node-10596342783,node-247074857,South Usman Road,secondary,16.7,1,yes,3,13.0351698,80.2303714,13.0350262,80.2304109
edge-1343339996-12429439969-12429439970,1343339996,node-12429439969,node-12429439970,Unnamed Road,secondary_link,13.17,,no,2,13.0373727,80.2657686,13.0372568,80.2657435
edge-1344973882-3528271839-11054731792,1344973882,node-3528271839,node-11054731792,Unnamed Road,secondary,7.59,,yes,2,13.1079618,80.2460655,13.1080001,80.2461235
edge-1344973883-344424423-3528271839,1344973883,node-344424423,node-3528271839,Perambur High Road,secondary,19.47,,yes,2,13.1079238,80.246241,13.1079618,80.2460655
edge-1347585538-310728384-243066058,1347585538,node-310728384,node-243066058,Besant Road,secondary,119.41,,yes,6,13.0500343,80.2807996,13.0505402,80.2798381
edge-1347596042-308008347-277352821,1347596042,node-308008347,node-277352821,Thiruverkadu - Ambattur Road,secondary,182.53,,no,6,13.0746751,80.1232404,13.0745309,80.1249182
edge-1347596043-402290980-308008347,1347596043,node-402290980,node-308008347,Thiruverkadu - Ambattur Road,secondary,576.36,,no,10,13.0695113,80.1231943,13.0746751,80.1232404
edge-1347596044-1184544769-276628864,1347596044,node-1184544769,node-276628864,Thiruverkadu - Ambattur Road,secondary,263.27,,no,5,13.0881008,80.1252887,13.0885284,80.1229024
edge-1347596045-277352821-1184544769,1347596045,node-277352821,node-1184544769,Thiruverkadu - Ambattur Road,secondary,1576.28,,no,47,13.0745309,80.1249182,13.0881008,80.1252887
edge-1348904623-8429442660-8429442659,1348904623,node-8429442660,node-8429442659,Thiruvottriyur High Road,secondary,34.13,,yes,2,13.1326681,80.2923711,13.1323739,80.2922811
edge-1348914419-251297461-12477749398,1348914419,node-251297461,node-12477749398,Unnamed Road,secondary,6.34,,no,2,12.9659534,80.1886178,12.9659687,80.1885614
edge-1348916202-2049352415-2049355391,1348916202,node-2049352415,node-2049355391,Medavakkam - Mambakkam - Sembakkam Road,primary,159.14,2,yes,4,12.917066,80.1924073,12.9156416,80.192268
edge-1348916203-11925340274-10285915629,1348916203,node-11925340274,node-10285915629,Medavakkam - Mambakkam - Sembakkam Road,primary,31.46,2,yes,2,12.9170818,80.1922722,12.917364,80.1922934
edge-1348916204-6241056673-11925340274,1348916204,node-6241056673,node-11925340274,Medavakkam - Mambakkam - Sembakkam Road,primary,159.8,2,yes,4,12.9156464,80.1922005,12.9170818,80.1922722
edge-1348924563-12477913843-257924704,1348924563,node-12477913843,node-257924704,Portious Road,secondary,16.97,,no,2,13.0996269,80.2307513,13.099478,80.230717
edge-1348924564-12477913844-618620071,1348924564,node-12477913844,node-618620071,Konnur High Road,primary,297.78,2,no,5,13.0995347,80.2305468,13.1000537,80.227861
edge-1348924565-257924704-12477913844,1348924565,node-257924704,node-12477913844,Konnur High Road,primary,19.48,2,no,2,13.099478,80.230717,13.0995347,80.2305468
edge-1348924566-618620077-12477913843,1348924566,node-618620077,node-12477913843,Portious Road,secondary,11.35,,no,2,13.0997265,80.2307742,13.0996269,80.2307513
edge-1348924567-12157381561-257924704,1348924567,node-12157381561,node-257924704,Konnur High Road,primary,13.49,2,no,2,13.0994339,80.230833,13.099478,80.230717
edge-1348932518-12477981370-12477969829,1348932518,node-12477981370,node-12477969829,Exit,trunk_link,141.75,,yes,14,12.9789983,80.1607495,12.978875,80.1610326
edge-1348939453-243324985-2197496948,1348939453,node-243324985,node-2197496948,Unnamed Road,secondary,30.3,,yes,3,13.0667024,80.2540694,13.0669064,80.2542357
edge-1348954267-309178281-309061989,1348954267,node-309178281,node-309061989,Unnamed Road,primary_link,16.5,,no,2,13.067875,80.2708859,13.067803,80.2710191
edge-1348954268-12478119245-30037899,1348954268,node-12478119245,node-30037899,Unnamed Road,primary,44.71,,yes,4,13.0678513,80.2710759,13.0681313,80.2712749
edge-1348955210-2407556302-9902241576,1348955210,node-2407556302,node-9902241576,Airport Entry,trunk_link,40.9,,yes,4,12.9782997,80.1602194,12.9786233,80.1601005
edge-1348955391-12841989269-12478119243,1348955391,node-12841989269,node-12478119243,Unnamed Road,primary_link,18.01,,yes,2,13.0664142,80.2694217,13.0665404,80.2693175
edge-1348980167-12478351589-12478351590,1348980167,node-12478351589,node-12478351590,Unnamed Road,primary_link,13.13,,no,2,12.9513351,80.2415546,12.9513824,80.2414436
edge-1348984303-12478388998-12478397602,1348984303,node-12478388998,node-12478397602,Unnamed Road,primary_link,22.17,,yes,5,13.0772514,80.2117974,13.0770854,80.2119023
edge-1349155567-10201011149-9572798757,1349155567,node-10201011149,node-9572798757,Raja Muthiah Road,secondary,11.19,2,yes,2,13.0810014,80.2709854,13.0809032,80.271008
edge-1349155568-10201011144-10201011149,1349155568,node-10201011144,node-10201011149,General Hospital Road,primary,8.31,,yes,2,13.0809633,80.2709194,13.0810014,80.2709854
edge-1349155569-10201011135-304918793,1349155569,node-10201011135,node-304918793,EVR Periyar Salai,primary,26.49,2,yes,5,13.0808378,80.2708772,13.0807831,80.2706397
edge-1349490743-2197525463-9575558232,1349490743,node-2197525463,node-9575558232,Unnamed Road,primary,9.12,,no,2,12.9679817,80.2175777,12.9680591,80.2176056
edge-1349608818-10279471404-276607581,1349608818,node-10279471404,node-276607581,New Avadi Road,primary,254.33,,yes,4,13.1031424,80.1985437,13.1034779,80.2008647
edge-1349707177-12485907888-12485907889,1349707177,node-12485907888,node-12485907889,Unnamed Road,secondary_link,14.4,,no,2,13.0535116,80.2344469,13.0534777,80.2345752
edge-1349707178-12485907889-245579177,1349707178,node-12485907889,node-245579177,North Usman Road,secondary,693.81,,yes,15,13.0534777,80.2345752,13.0474136,80.2330821
edge-1349707179-2197415878-255719152,1349707179,node-2197415878,node-255719152,Dr MGR Salai,primary,30.65,,yes,2,13.0537064,80.2347097,13.0537521,80.2344307
edge-1349707180-12485907888-255719152,1349707180,node-12485907888,node-255719152,North Usman Road,secondary,29.36,,yes,4,13.0535116,80.2344469,13.0537521,80.2344307
edge-1349708004-2197203112-12485887995,1349708004,node-2197203112,node-12485887995,Gopathi Narayanaswami Road,secondary,216.88,,yes,7,13.0418188,80.2340633,13.0427123,80.2358215
edge-1349708005-12485920409-1701464405,1349708005,node-12485920409,node-1701464405,Gopathi Narayanaswami Road,secondary,227.68,,yes,7,13.0426295,80.2358564,13.0416264,80.2340311
edge-1349708006-12485920405-12485920405,1349708006,node-12485920405,node-12485920405,Unnamed Road,secondary,51.49,,yes,18,13.0426414,80.2359465,13.0426414,80.2359465
edge-1349716692-9572798757-10201011147,1349716692,node-9572798757,node-10201011147,EVR Periyar Salai,primary,8.62,2,yes,2,13.0809032,80.271008,13.0808678,80.2709372
edge-1349763112-6305099174-277912665,1349763112,node-6305099174,node-277912665,Major Mukund Varadharajan Salai,primary,64.58,3,yes,4,12.920361,80.184637,12.9202232,80.1840582
edge-1349763113-6305099172-6305115904,1349763113,node-6305099172,node-6305115904,Major Mukund Varadharajan Salai,primary,54.53,2,yes,2,12.9205424,80.184668,12.9206844,80.1851496
edge-1349763114-9400398351-6305099172,1349763114,node-9400398351,node-6305099172,Velachery Mudhanmai Salai,primary,24.0,2,yes,2,12.9204908,80.184453,12.9205424,80.184668
edge-1349763115-9526179480-9400398351,1349763115,node-9526179480,node-9400398351,Major Mukund Varadharajan Salai,primary,50.0,2,yes,2,12.9204157,80.1839981,12.9204908,80.184453
edge-1349918008-2482057541-11392507518,1349918008,node-2482057541,node-11392507518,Binny Road,secondary,37.63,,yes,9,13.062124,80.262979,13.0618152,80.262864
edge-1349918009-248467445-2482057541,1349918009,node-248467445,node-2482057541,Anna Salai (Mount Road),primary,11.02,,yes,2,13.0620586,80.2629025,13.062124,80.262979
edge-1349924328-243061455-243064560,1349924328,node-243061455,node-243064560,Kutchery Road,secondary,46.54,,yes,4,13.0366629,80.2680955,13.0367934,80.2676972
edge-1349947582-12488059067-2269872893,1349947582,node-12488059067,node-2269872893,Unnamed Road,primary,20.57,,yes,2,13.1056779,80.2799906,13.1056679,80.2801803
edge-1349968743-245579214-12488249313,1349968743,node-245579214,node-12488249313,Nelson Manickam Road,secondary,10.21,2,yes,2,13.0664731,80.2313762,13.066495,80.2312847
edge-1350054760-6773718422-310535740,1350054760,node-6773718422,node-310535740,Dr Muthulakshmi Salai,secondary,35.92,2,yes,2,13.001551,80.2565871,13.0012315,80.256538
edge-1351772798-12506514376-11955267031,1351772798,node-12506514376,node-11955267031,Chennai Bypass,trunk,329.24,3,yes,5,13.1417729,80.1948568,13.1435763,80.1972524
edge-1351772799-12506514377-12506514376,1351772799,node-12506514377,node-12506514376,Chennai Bypass,trunk,21.21,3,yes,2,13.1416826,80.1946843,13.1417729,80.1948568
edge-1351772800-308870208-12506514379,1351772800,node-308870208,node-12506514379,Chennai Bypass,trunk,249.83,3,yes,5,13.142974,80.1968328,13.1416684,80.1949621
edge-1351772801-12506514379-12506514378,1351772801,node-12506514379,node-12506514378,Chennai Bypass,trunk,25.35,3,yes,2,13.1416684,80.1949621,13.141555,80.194759
edge-1351772802-12506514380-12506514377,1351772802,node-12506514380,node-12506514377,Chennai Bypass,trunk,392.08,3,yes,5,13.1405216,80.1912725,13.1416826,80.1946843
edge-1351772803-12506514381-12506514380,1351772803,node-12506514381,node-12506514380,Chennai Bypass,trunk,22.11,3,yes,2,13.1404662,80.1910764,13.1405216,80.1912725
edge-1351772804-12506514378-12506514383,1351772804,node-12506514378,node-12506514383,Chennai Bypass,trunk,400.3,3,yes,5,13.141555,80.194759,13.1403803,80.191275
edge-1351772805-12506514383-12506514382,1351772805,node-12506514383,node-12506514382,Chennai Bypass,trunk,22.34,3,yes,2,13.1403803,80.191275,13.1403271,80.1910761
edge-1351797299-11027493350-12506812480,1351797299,node-11027493350,node-12506812480,Royapettah High Road,secondary,99.24,1,yes,3,13.0477262,80.2662884,13.046853,80.2663994
edge-1351797300-2216437852-2216437870,1351797300,node-2216437852,node-2216437870,Royapettah High Road,secondary,101.37,1,yes,3,13.0468471,80.2663116,13.0477395,80.2661695
edge-1351797301-2216437885-11027493350,1351797301,node-2216437885,node-11027493350,Royapettah High Road,secondary,51.25,1,yes,5,13.0480932,80.2660071,13.0477262,80.2662884
edge-1353754870-12429439974-12527112718,1353754870,node-12429439974,node-12527112718,Luz Church Road,secondary,63.59,,yes,3,13.0371166,80.2668498,13.0369886,80.2674219
edge-1355586773-276518999-8429442656,1355586773,node-276518999,node-8429442656,Chennai - Ennore Road,primary,212.64,,yes,3,13.1439001,80.2965635,13.1456833,80.2972728
edge-1358566876-12624807098-247681991,1358566876,node-12624807098,node-247681991,Nagerkoyil Sudalaimuthu Krishnan (NSK) Salai,primary,169.18,,yes,2,13.0523379,80.2203555,13.0527474,80.2218597
edge-1358566879-12172232081-7169717957,1358566879,node-12172232081,node-7169717957,Nagerkoyil Sudalaimuthu Krishnan Salai,primary,64.03,,yes,2,13.0538862,80.2264881,13.0539495,80.2270756
edge-1358787352-10201011147-10201011135,1358787352,node-10201011147,node-10201011135,EVR Periyar Salai,primary,7.3,2,yes,2,13.0808678,80.2709372,13.0808378,80.2708772
edge-1359489692-247681982-298387415,1359489692,node-247681982,node-298387415,Kodambakkam Railway Flyover,primary,10.08,,yes,2,13.0538133,80.2341222,13.0538558,80.23404
edge-1359489693-11782138277-2482301345,1359489693,node-11782138277,node-2482301345,Dr MGR Salai,primary,743.49,,yes,18,13.0538777,80.2342818,13.0525385,80.240999
edge-1359489694-11056109879-11782138277,1359489694,node-11056109879,node-11782138277,Dr MGR Salai,primary,10.9,,yes,2,13.0538934,80.2341825,13.0538777,80.2342818
edge-1359489696-250364055-11056109879,1359489696,node-250364055,node-11056109879,Dr MGR Salai,primary,5.11,,yes,2,13.0538997,80.2341358,13.0538934,80.2341825
edge-1359615931-1183471365-249797548,1359615931,node-1183471365,node-249797548,RK Mutt Road,secondary,10.56,,yes,2,13.0359527,80.26777,13.0360459,80.2677514
edge-1359615933-243064560-12585194416,1359615933,node-243064560,node-12585194416,Kutchery Road,secondary,7.05,,yes,2,13.0367934,80.2676972,13.0368163,80.2676365
edge-1360869964-12278647255-290017559,1360869964,node-12278647255,node-290017559,Stephenson Road,secondary,5.65,,no,2,13.109776,80.2596273,13.109779,80.2596794
edge-1361375156-243061460-10564814005,1361375156,node-243061460,node-10564814005,Kutchery Road,secondary,40.53,,no,2,13.0347529,80.2714984,13.0346921,80.2718673
edge-1361392982-3236857144-2216437782,1361392982,node-3236857144,node-2216437782,Thiru Vi Ka Flyover,secondary,21.39,,yes,2,13.0427836,80.2679002,13.0429571,80.2678149
edge-1361392983-2216437782-3428281973,1361392983,node-2216437782,node-3428281973,Thiru Vi Ka Flyover,secondary,21.17,1,yes,2,13.0429571,80.2678149,13.0428251,80.2679557
edge-1361392984-2216437845-2216437835,1361392984,node-2216437845,node-2216437835,Thiru Vi Ka Flyover,secondary,27.22,1,yes,3,13.0465441,80.2664287,13.0462999,80.2664442
edge-1361392985-2216437835-2216437843,1361392985,node-2216437835,node-2216437843,Thiru Vi Ka Flyover,secondary,26.17,1,yes,3,13.0462999,80.2664442,13.0465151,80.2663463
edge-1361398733-10697629261-2215260607,1361398733,node-10697629261,node-2215260607,Santhome High Road,primary,194.31,,no,13,13.0353067,80.2777222,13.0369939,80.2781726
edge-1362812794-2241055860-2241055918,1362812794,node-2241055860,node-2241055918,Racecourse Road,secondary,115.12,1,yes,7,13.0071172,80.2127401,13.0080425,80.2131551
edge-1362812795-11238112990-247714662,1362812795,node-11238112990,node-247714662,Racecourse Road,secondary,124.81,2,yes,8,13.0062444,80.2128589,13.0052297,80.2126552
edge-1362856038-12618281788-12618281789,1362856038,node-12618281788,node-12618281789,Unnamed Road,primary_link,17.92,,no,2,12.9439343,80.2082911,12.9439905,80.2081361
edge-1363313569-12637924052-243323033,1363313569,node-12637924052,node-243323033,RA Puram 2nd Main Road,secondary,37.1,,yes,4,13.0272247,80.2537908,13.0271621,80.2541257
edge-1363505639-262308157-7803206460,1363505639,node-262308157,node-7803206460,East Avenue Road,secondary,7.99,,yes,2,13.0998172,80.1867399,13.0997467,80.1867542
edge-1363505640-7803206468-11350579630,1363505640,node-7803206468,node-11350579630,Chennai - Tiruttani - Renigunta Road,primary,266.27,2,yes,9,13.1006773,80.1891581,13.0997758,80.1869025
edge-1363505641-7803206460-7803206459,1363505641,node-7803206460,node-7803206459,Chennai - Tiruttani - Renigunta Road,primary,16.91,2,yes,2,13.0997467,80.1867542,13.0997126,80.186602
edge-1363505642-7803206458-11593874896,1363505642,node-7803206458,node-11593874896,Chennai - Tiruttani - Renigunta Road,primary,15.75,2,yes,2,13.0996963,80.1865375,13.0996651,80.1863956
edge-1363505643-7037576145-7171991242,1363505643,node-7037576145,node-7171991242,East Avenue Road,secondary,1575.81,2,yes,35,13.0997802,80.1865885,13.1083987,80.1802678
edge-1363505644-7037576145-262308157,1363505644,node-7037576145,node-262308157,Chennai - Tiruttani - Renigunta Road,primary,16.91,2,yes,2,13.0997802,80.1865885,13.0998172,80.1867399
edge-1363505645-262308157-276608678,1363505645,node-262308157,node-276608678,Chennai - Tiruttani - Renigunta Road,primary,296.69,2,yes,9,13.0998172,80.1867399,13.1008739,80.1892176
edge-1363505646-11350579630-7803206460,1363505646,node-11350579630,node-7803206460,Chennai - Tiruttani - Renigunta Road,primary,16.38,2,yes,2,13.0997758,80.1869025,13.0997467,80.1867542
edge-1363507370-12624807099-12624807100,1363507370,node-12624807099,node-12624807100,Dr Ambedkar Road,secondary,18.94,,yes,2,13.0516851,80.2201574,13.0515298,80.2200856
edge-1363508013-7027588123-7027588129,1363508013,node-7027588123,node-7027588129,Dr Ambedkar Road,secondary,350.27,,yes,8,13.0467597,80.2187458,13.0497952,80.219609
edge-1363510192-340047042-12625056165,1363510192,node-340047042,node-12625056165,Tiruneermalai Main Road,secondary,158.84,,yes,5,12.9612022,80.1458553,12.9612969,80.1444023
edge-1363510193-12625056165-12625056175,1363510193,node-12625056165,node-12625056175,Tiruneermalai Main Road,secondary,138.09,,yes,6,12.9612969,80.1444023,12.9613684,80.1456482
edge-1363511322-12625073118-12625073119,1363511322,node-12625073118,node-12625073119,Unnamed Road,primary_link,7.84,,no,2,13.0403255,80.1716783,13.0403845,80.1716386
edge-1363512418-5460685936-12625054048,1363512418,node-5460685936,node-12625054048,Unnamed Road,primary_link,15.05,,no,2,13.0644254,80.2657723,13.0643256,80.2658662
edge-1363514847-12625087315-12625087316,1363514847,node-12625087315,node-12625087316,Unnamed Road,trunk_link,20.23,,no,2,13.1439721,80.2207657,13.1441062,80.220892
edge-1363528603-3743709967-12625225700,1363528603,node-3743709967,node-12625225700,Unnamed Road,primary,66.21,,yes,7,12.9746111,80.1349022,12.9743556,80.1354368
edge-1363528604-3743709967-256202975,1363528604,node-3743709967,node-256202975,Poonamallee - Kundrathur - Pallavaram Road,primary,969.12,,no,41,12.9746111,80.1349022,12.9795096,80.1290373
edge-1363528605-12625225700-3743709967,1363528605,node-12625225700,node-3743709967,Poonamallee - Kundrathur - Pallavaram Road,primary,65.16,,yes,10,12.9743556,80.1354368,12.9746111,80.1349022
edge-1363532805-11026309697-10168025877,1363532805,node-11026309697,node-10168025877,Ambedkar Kalloori Salai,secondary,271.87,2,yes,6,13.1022184,80.2604452,13.0998533,80.2598315
edge-1363537633-12625291885-12625291886,1363537633,node-12625291885,node-12625291886,Unnamed Road,primary_link,9.31,,no,2,13.1010383,80.1642953,13.1009588,80.1642683
edge-1363539663-12625338519-12625338514,1363539663,node-12625338519,node-12625338514,Unnamed Road,primary_link,57.74,,yes,6,13.1578903,80.2261334,13.1579306,80.22574
edge-1363569160-12625583473-12625583471,1363569160,node-12625583473,node-12625583471,Unnamed Road,primary_link,15.35,,yes,3,12.9877203,80.2514698,12.9876488,80.2515884
edge-1363569161-12686956010-12625583471,1363569161,node-12686956010,node-12625583471,Unnamed Road,primary_link,13.76,,yes,3,12.9877625,80.251638,12.9876488,80.2515884
edge-1363569162-12625583476-6450947189,1363569162,node-12625583476,node-6450947189,Unnamed Road,primary_link,83.98,,yes,5,12.9862344,80.2506496,12.9861932,80.2498873
edge-1363569163-12625583471-1676204874,1363569163,node-12625583471,node-1676204874,Unnamed Road,primary_link,51.34,,yes,5,12.9876488,80.2515884,12.9871984,80.2516922
edge-1363569164-12625583482-12625583483,1363569164,node-12625583482,node-12625583483,Unnamed Road,primary_link,114.3,,yes,4,12.9869641,80.2514527,12.987965,80.2512372
edge-1363569165-12625583466-12625583482,1363569165,node-12625583466,node-12625583482,Unnamed Road,primary_link,78.63,,yes,4,12.9863668,80.2517749,12.9869641,80.2514527
edge-1363569167-12625583483-12625583481,1363569167,node-12625583483,node-12625583481,Unnamed Road,primary_link,12.86,,yes,2,12.987965,80.2512372,12.988077,80.2512668
edge-1364193747-11238112976-2241055860,1364193747,node-11238112976,node-2241055860,Racecourse Road,secondary,96.34,1,yes,4,13.0062646,80.2127934,13.0071172,80.2127401
edge-1364200054-8429442655-8429442654,1364200054,node-8429442655,node-8429442654,Chennai - Ennore Road,primary,84.19,,yes,2,13.1460178,80.2973975,13.1467113,80.2977094
edge-1364200235-12632577429-12632577430,1364200235,node-12632577429,node-12632577430,Unnamed Road,primary_link,10.52,,no,2,12.9369693,80.234547,12.9369994,80.234455
edge-1364249746-964671664-2165484594,1364249746,node-964671664,node-2165484594,Major Mukund Varadharajan Salai,primary,253.68,,yes,6,12.9512503,80.2109684,12.953368,80.2118374
edge-1364269123-2197496779-2197496767,1364269123,node-2197496779,node-2197496767,Doctor M.G.R. Salai,primary,158.87,,yes,4,13.0529053,80.2460611,13.0526971,80.2446102
edge-1364269124-11466178182-978588902,1364269124,node-11466178182,node-978588902,Pallavaram - Thoraipakkam Road,primary,173.37,,yes,4,12.9498786,80.2363472,12.9496731,80.2379331
edge-1364269125-12105562231-11466178182,1364269125,node-12105562231,node-11466178182,Pallavaram - Thoraipakkam Road,primary,99.29,,yes,2,12.9500069,80.2354405,12.9498786,80.2363472
edge-1364423150-12635083547-12635083546,1364423150,node-12635083547,node-12635083546,Valluvar Kottam High Road,primary_link,10.75,,yes,2,13.0526039,80.2415622,13.0525072,80.2415636
edge-1364423151-2197496758-12635083546,1364423151,node-2197496758,node-12635083546,Dr MGR Salai,primary,16.28,,yes,3,13.0525491,80.2417076,13.0525072,80.2415636
edge-1364423152-12635083547-2197496759,1364423152,node-12635083547,node-2197496759,Dr MGR Salai,primary,9.7,,yes,2,13.0526039,80.2415622,13.05262,80.2416502
edge-1364429858-12635112780-12635112781,1364429858,node-12635112780,node-12635112781,Unnamed Road,primary_link,6.12,,no,2,13.1834466,80.2040469,13.1833925,80.2040365
edge-1364431986-12634942462-11495672531,1364431986,node-12634942462,node-11495672531,Gandhi Irwin Road,secondary,97.37,,yes,5,13.0757595,80.2593995,13.0754925,80.2585478
edge-1364436559-12635194053-12635194054,1364436559,node-12635194053,node-12635194054,Unnamed Road,primary_link,12.11,,no,2,13.064265,80.170227,13.0641561,80.1702298
edge-1364472995-11043669642-247684417,1364472995,node-11043669642,node-247684417,Uttamar Gandhi Salai (Nungambakkam High Road),primary,1.26,,yes,2,13.0537767,80.2502887,13.0537665,80.2502938
edge-1364676680-243323033-249798420,1364676680,node-243323033,node-249798420,RA Puram 2nd Main Road,secondary,25.26,,no,2,13.0271621,80.2541257,13.0271317,80.2543568
edge-1364676681-12637924052-12123541764,1364676681,node-12637924052,node-12123541764,RA Puram 2nd Main Road,secondary,472.49,,yes,9,13.0272247,80.2537908,13.0288622,80.2498159
edge-1364754669-1129457258-1129457273,1364754669,node-1129457258,node-1129457273,Unnamed Road,secondary,46.12,,no,3,13.1294177,80.2246946,13.1295297,80.2242883
edge-1364754670-293700120-7821851858,1364754670,node-293700120,node-7821851858,Balaji Nagar Main Road,secondary,61.51,,no,2,13.1287876,80.2247239,13.1293402,80.2246982
edge-1364926577-8429442656-8429442655,1364926577,node-8429442656,node-8429442655,Chennai - Ennore Road,primary,39.57,,yes,2,13.1456833,80.2972728,13.1460178,80.2973975
edge-1365133047-10281719123-12652208004,1365133047,node-10281719123,node-12652208004,Rajamannar Salai,secondary,126.53,,yes,6,13.0431955,80.2022927,13.0430288,80.2034481
edge-1365133048-12652208005-256606644,1365133048,node-12652208005,node-256606644,Rajamannar Salai,secondary,1061.91,,yes,16,13.0429236,80.2034396,13.0444032,80.1937612
edge-1365133049-11144516745-11144516742,1365133049,node-11144516745,node-11144516742,Rajamannar Salai,secondary,128.92,,yes,5,13.0428593,80.2044011,13.0427009,80.2055776
edge-1365851659-268789809-14094110631,1365851659,node-268789809,node-14094110631,Unnamed Road,primary,50.6,,yes,3,13.0062398,80.246856,13.0066459,80.2466455
edge-1366165433-964603841-964603781,1366165433,node-964603841,node-964603781,Pallavaram - Thoraipakkam Road,primary,39.53,,yes,2,12.9485814,80.2098206,12.948523,80.2101804
edge-1366209565-12652208004-12632797443,1366209565,node-12652208004,node-12632797443,Rajamannar Salai,secondary,19.17,,yes,3,13.0430288,80.2034481,13.0429988,80.2036223
edge-1366209566-12632797444-12652208005,1366209566,node-12632797444,node-12652208005,Rajamannar Salai,secondary,18.48,,yes,3,13.0428993,80.2036084,13.0429236,80.2034396
edge-1368322720-277500941-30038745,1368322720,node-277500941,node-30038745,Inner Ring Road,primary,39.47,,yes,2,13.032008,80.2095127,13.032358,80.2095735
edge-1368380698-257430047-12672943579,1368380698,node-257430047,node-12672943579,Mahatma Gandhi Road,secondary,87.3,2,yes,4,12.9956708,80.2676853,12.995765,80.2668883
edge-1368380699-12672943579-12672943582,1368380699,node-12672943579,node-12672943582,Mahatma Gandhi Road,secondary,88.07,2,yes,4,12.995765,80.2668883,12.995714,80.2676908
edge-1368959639-12678213142-11951492660,1368959639,node-12678213142,node-11951492660,North Usman Road,secondary,23.75,,yes,3,13.0447298,80.2325552,13.0445272,80.2324932
edge-1368959640-11951492660-2197215648,1368959640,node-11951492660,node-2197215648,North Usman Road,secondary,24.92,,yes,3,13.0445272,80.2324932,13.0447477,80.2324952
edge-1369871408-12686428526-12686428527,1369871408,node-12686428526,node-12686428527,Unnamed Road,primary_link,19.95,,no,2,12.9523205,80.2114265,12.9522568,80.2115986
edge-1369887121-12686568059-12686568062,1369887121,node-12686568059,node-12686568062,Unnamed Road,primary_link,11.07,,yes,4,12.8966209,80.2276378,12.8966196,80.2277351
edge-1369902937-12686676907-12686676908,1369902937,node-12686676907,node-12686676908,Unnamed Road,primary_link,6.73,,no,2,12.9604925,80.245383,12.9605141,80.245325
edge-1369921017-12686795213-249497699,1369921017,node-12686795213,node-249497699,Unnamed Road,secondary_link,15.32,,no,2,13.0064135,80.2574518,13.0063909,80.2575913
edge-1369935909-12686898565-12686898566,1369935909,node-12686898565,node-12686898566,Unnamed Road,primary_link,11.98,,yes,2,12.9493278,80.2409162,12.9492254,80.2409505
edge-1369935910-12686898567-12686898568,1369935910,node-12686898567,node-12686898568,Unnamed Road,primary_link,13.5,,yes,2,12.9486875,80.2407603,12.9486097,80.2406647
edge-1369941418-12686956011-12686956010,1369941418,node-12686956011,node-12686956010,Unnamed Road,secondary,8.33,,yes,2,12.9878365,80.2516258,12.9877625,80.251638
edge-1369941419-10281683488-10281683489,1369941419,node-10281683488,node-10281683489,Unnamed Road,primary_link,10.98,,yes,2,12.9850757,80.2521534,12.9850484,80.2522508
edge-1369941916-310102882-30268467,1369941916,node-310102882,node-30268467,West Avenue Road,primary,11.83,,yes,2,12.9878116,80.2514435,12.9877944,80.2513358
edge-1369941917-310535870-310102882,1369941917,node-310535870,node-310102882,Old Mahapalipuram Road,primary,12.22,3,yes,2,12.9879188,80.2514186,12.9878116,80.2514435
edge-1369941918-30268467-11936247015,1369941918,node-30268467,node-11936247015,Rajiv Gandhi IT Expressway,primary,12.08,1,yes,2,12.9877944,80.2513358,12.9879,80.2513095
edge-1369941919-12625583473-12625583461,1369941919,node-12625583473,node-12625583461,Old Mahapalipuram Road,primary,51.78,3,yes,2,12.9877203,80.2514698,12.987272,80.251599
edge-1369942181-4006923375-9571012328,1369942181,node-4006923375,node-9571012328,Thiruvalluvar Road,primary,48.96,,yes,2,12.9873661,80.2585364,12.9874074,80.2580865
edge-1370388143-243049428-264481149,1370388143,node-243049428,node-264481149,Uttamar Gandhi Salai (Nungambakkam High Road),primary,73.06,,yes,2,13.0603928,80.2475786,13.0597826,80.2478287
edge-1370773101-2270608170-30037261,1370773101,node-2270608170,node-30037261,EVR Periyar Salai,primary,672.86,2,yes,20,13.0749577,80.217479,13.0769454,80.2117598
edge-1370773102-30037261-12717716341,1370773102,node-30037261,node-12717716341,EVR Periyar Salai,primary,29.14,2,yes,2,13.0769454,80.2117598,13.076979,80.211493
edge-1370776314-12695711900-3967643601,1370776314,node-12695711900,node-3967643601,Unnamed Road,secondary_link,8.45,,no,2,13.0829871,80.228686,13.0830631,80.2286862
edge-1370850198-276517792-11621660383,1370850198,node-276517792,node-11621660383,Paper Mills Road,secondary,20.0,2,no,2,13.1289272,80.2156172,13.1290351,80.2154694
edge-1370850199-11621660383-9883140247,1370850199,node-11621660383,node-9883140247,Paper Mills Road,secondary,13.23,2,no,2,13.1290351,80.2154694,13.1291064,80.2153716
edge-1371603055-7045376140-310006942,1371603055,node-7045376140,node-310006942,Valluvar Road,secondary,37.71,,no,5,13.0212079,80.1828682,13.0212155,80.183192
edge-1371670979-12702289148-12702289146,1371670979,node-12702289148,node-12702289146,Unnamed Road,primary_link,131.31,,yes,12,12.9485995,80.2089839,12.9489844,80.2099893
edge-1371962516-7030633180-12704032781,1371962516,node-7030633180,node-12704032781,Unnamed Road,secondary,503.88,,yes,13,13.0813892,80.1661721,13.0804618,80.1616788
edge-1371962517-12704032781-12704032780,1371962517,node-12704032781,node-12704032780,1st Ave,secondary,12.89,2,yes,2,13.0804618,80.1616788,13.0804873,80.1617949
edge-1371962518-12704032781-1183292797,1371962518,node-12704032781,node-1183292797,Unnamed Road,secondary,11.08,2,no,2,13.0804618,80.1616788,13.0804692,80.1615768
edge-1371962519-12704032788-12704032780,1371962519,node-12704032788,node-12704032780,Unnamed Road,secondary_link,26.42,1,yes,6,13.0805993,80.161585,13.0804873,80.1617949
edge-1371967798-12704094061-12704094062,1371967798,node-12704094061,node-12704094062,Unnamed Road,primary_link,7.87,,no,2,13.0446453,80.1854408,13.0445865,80.1854812
edge-1371999656-5458232461-12686898565,1371999656,node-5458232461,node-12686898565,Rajiv Gandhi Salai,primary,117.13,2,yes,3,12.9503355,80.2412309,12.9493278,80.2409162
edge-1372010626-12704454322-12704454323,1372010626,node-12704454322,node-12704454323,Unnamed Road,primary_link,18.94,,no,2,13.0252425,80.2299386,13.0253817,80.2298378
edge-1372256221-12706489980-12706489980,1372256221,node-12706489980,node-12706489980,Unnamed Road,primary,77.37,,yes,25,13.043365,80.2798145,13.043365,80.2798145
edge-1373590546-6074258026-1453592061,1373590546,node-6074258026,node-1453592061,Rajiv Gandhi Salai,primary,10.46,3,yes,2,12.9635279,80.2467479,12.9634407,80.2467116
edge-1373593318-12717753448-262308157,1373593318,node-12717753448,node-262308157,East Avenue Road,secondary,16.66,,yes,2,13.0999643,80.1867108,13.0998172,80.1867399
edge-1373596887-6590472098-12717786868,1373596887,node-6590472098,node-12717786868,Unnamed Road,secondary,22.73,,yes,3,13.0834755,80.2385892,13.0835258,80.2387923
edge-1373596888-12717786869-252299870,1373596888,node-12717786869,node-252299870,Kilpauk Garden Road,secondary,25.84,,yes,2,13.0834506,80.238807,13.0833862,80.2385778
edge-1373597956-12717716341-11590990230,1373597956,node-12717716341,node-11590990230,EVR Periyar Salai,primary,25.23,2,yes,2,13.076979,80.211493,13.0770081,80.211262
edge-1373597958-12478397602-30037256,1373597958,node-12478397602,node-30037256,EVR Periyar Salai,primary,693.67,2,yes,15,13.0770854,80.2119023,13.0750278,80.2177892
edge-1373600190-12717819835-300216437,1373600190,node-12717819835,node-300216437,Jawaharlal Nehru Road (100 Feet Road),primary,45.7,,yes,2,13.0541332,80.2114423,13.0545307,80.2113352
edge-1373600548-247714658-11238112990,1373600548,node-247714658,node-11238112990,Racecourse Road,secondary,4.11,2,yes,2,13.0062789,80.2128454,13.0062444,80.2128589
edge-1373600549-11238112987-11238112976,1373600549,node-11238112987,node-11238112976,Racecourse Road,secondary,4.03,1,yes,2,13.0062298,80.2128039,13.0062646,80.2127934
edge-1373602748-12717801276-1685049682,1373602748,node-12717801276,node-1685049682,TTK Road,secondary,21.05,,yes,2,13.0428361,80.2594332,13.0430204,80.2594774
edge-1373602749-247458700-12717801277,1373602749,node-247458700,node-12717801277,TTK Road,secondary,21.88,2,yes,2,13.0430153,80.259547,13.0428231,80.2595039
edge-1373609599-2213431528-11495672426,1373609599,node-2213431528,node-11495672426,EVR Periyar Salai,primary,38.75,,yes,3,13.0791344,80.2569891,13.0790988,80.2566332
edge-1373625404-12125955282-247681986,1373625404,node-12125955282,node-247681986,Kodambakkam Railway Flyover,primary,22.33,,yes,3,13.0540663,80.2280275,13.0540537,80.2282332
edge-1373625405-298357281-247681987,1373625405,node-298357281,node-247681987,Nagerkoyil Sudalaimuthu Krishnan (NSK) Salai,primary,20.48,,yes,2,13.0539522,80.2280194,13.0539324,80.2278314
edge-1373636480-5460705612-12718141239,1373636480,node-5460705612,node-12718141239,General Patters Road,secondary,12.62,,yes,2,13.0657269,80.267641,13.0656157,80.2676641
edge-1373638877-11495672518-12718161001,1373638877,node-11495672518,node-12718161001,Halls Road,secondary,7.46,2,yes,2,13.0753503,80.2582373,13.0753066,80.2581851
edge-1373638878-11495672527-11495672529,1373638878,node-11495672527,node-11495672529,Gandhi - Irwin Road,secondary,3.82,1,yes,2,13.0754474,80.2582613,13.0754678,80.2582897
edge-1373640993-5455799476-12718165323,1373640993,node-5455799476,node-12718165323,Mayor Ramanathan Road (Spur Tank Road),secondary,8.64,,yes,2,13.0692845,80.2424,13.0692816,80.2424797
edge-1373640994-9734066033-12718165324,1373640994,node-9734066033,node-12718165324,Mc Nichols Road,primary,6.07,,yes,2,13.0692112,80.2424199,13.0691593,80.2424374
edge-1374029224-12722171817-9734066032,1374029224,node-12722171817,node-9734066032,McNichols Road,primary,6.46,,yes,2,13.069162,80.2423402,13.0692163,80.242319
edge-1374029225-12722171818-5455799476,1374029225,node-12722171818,node-5455799476,Mc Nichols Road,primary,9.12,,yes,2,13.0693631,80.2423761,13.0692845,80.2424
edge-1374029226-1280647043-12722171818,1374029226,node-1280647043,node-12722171818,Mc Nichols Road,primary,22.83,,yes,2,13.0695581,80.2423102,13.0693631,80.2423761
edge-1374340607-12724918221-2285527039,1374340607,node-12724918221,node-2285527039,Pallavaram - Thoraipakkam Road,primary,5.58,,yes,3,12.9487138,80.203086,12.9487155,80.2031375
edge-1374340608-257439104-12724918222,1374340608,node-257439104,node-12724918222,Pallavaram - Thoraipakkam Road,primary,7.94,,yes,2,12.9486439,80.2031531,12.9486439,80.2030798
edge-1374370870-12725165090-12725165091,1374370870,node-12725165090,node-12725165091,Unnamed Road,primary_link,7.57,,no,2,12.9685244,80.2165066,12.9685832,80.2165419
edge-1374397089-6970593401-1949065381,1374397089,node-6970593401,node-1949065381,Unnamed Road,primary_link,18.29,,no,2,12.9493299,80.2389024,12.9494932,80.2389229
edge-1374405953-1711227632-12725587142,1374405953,node-1711227632,node-12725587142,Unnamed Road,primary_link,10.77,,yes,2,12.9442935,80.2381701,12.9443636,80.2381015
edge-1374418147-308910898-6538913406,1374418147,node-308910898,node-6538913406,Grand Southern Trunk Road,trunk,10.61,,yes,2,12.9940514,80.1853914,12.9940945,80.1854788
edge-1374638134-12728228010-12728228011,1374638134,node-12728228010,node-12728228011,Unnamed Road,primary_link,16.24,,yes,2,13.0535347,80.2251089,13.0536789,80.2251324
edge-1374638135-12728228012-12728228013,1374638135,node-12728228012,node-12728228013,Unnamed Road,primary_link,22.81,,yes,2,13.0533872,80.2238302,13.0532815,80.2240107
edge-1374638136-12728228013-247681990,1374638136,node-12728228013,node-247681990,Nagerkoyil Sudalaimuthu Krishnan (NSK) Salai,primary,8.41,,yes,2,13.0532815,80.2240107,13.0533,80.224086
edge-1374662075-12728427147-12728427148,1374662075,node-12728427147,node-12728427148,Unnamed Road,primary_link,22.37,,yes,2,13.0614704,80.2117628,13.0614767,80.2115564
edge-1374673623-12728523754-12728523755,1374673623,node-12728523754,node-12728523755,Unnamed Road,primary_link,8.26,,no,2,13.0458884,80.1874499,13.045817,80.1874709
edge-1374690602-12728633419-12728633420,1374690602,node-12728633419,node-12728633420,Unnamed Road,primary_link,11.82,,no,2,13.1035781,80.2031197,13.1036817,80.203144
edge-1374758176-12729122812-12729122813,1374758176,node-12729122812,node-12729122813,Unnamed Road,secondary_link,8.01,,no,2,13.0546523,80.2551583,13.0547234,80.2551702
edge-1375788644-12738446176-12738446177,1375788644,node-12738446176,node-12738446177,Unnamed Road,primary_link,17.77,,yes,2,12.9493698,80.2394677,12.9494046,80.2396277
edge-1375805716-251297461-1897644996,1375805716,node-251297461,node-1897644996,Sabari Salai,secondary,309.09,,no,2,12.9659534,80.1886178,12.9654063,80.1914144
edge-1376037906-9572798777-9572798771,1376037906,node-9572798777,node-9572798771,Muthuswamy Road,primary,18.67,,yes,3,13.0789407,80.2820326,13.0790646,80.2819163
edge-1376037907-12740774713-317995430,1376037907,node-12740774713,node-317995430,Muthuswamy Road,primary,31.69,,yes,4,13.078981,80.2821343,13.0787772,80.2819299
edge-1376037908-317995431-12740774712,1376037908,node-317995431,node-12740774712,Muthuswamy Road,primary,32.51,,yes,4,13.0788433,80.281863,13.0790639,80.2820599
edge-1376044868-2487062535-2487062536,1376044868,node-2487062535,node-2487062536,Halls Road,secondary,6.78,,no,2,13.0745092,80.257504,13.0745657,80.2575276
edge-1376044869-10696417361-2487062536,1376044869,node-10696417361,node-2487062536,Halls Road,secondary,14.66,,yes,3,13.0746928,80.2575633,13.0745657,80.2575276
edge-1376044870-12740854703-10696417362,1376044870,node-12740854703,node-10696417362,Unnamed Road,secondary,24.78,,yes,4,13.0747456,80.2573049,13.0747541,80.2575301
edge-1376044871-248467712-12740854703,1376044871,node-248467712,node-12740854703,Unnamed Road,secondary,23.0,,yes,4,13.0747069,80.2575121,13.0747456,80.2573049
edge-1376110139-12741357183-12741357177,1376110139,node-12741357183,node-12741357177,Unnamed Road,secondary_link,7.86,,no,2,13.0129411,80.2087848,13.012871,80.2087938
edge-1376110140-14063617683-247714170,1376110140,node-14063617683,node-247714170,Water Works Road,secondary,8.22,,yes,2,13.0128575,80.2087192,13.0128439,80.2086446
edge-1376110141-12741357186-12741357185,1376110141,node-12741357186,node-12741357185,Water Works Road,secondary,10.07,,yes,2,13.0129215,80.20749,13.0129329,80.2073978
edge-1377220224-365988846-301299956,1377220224,node-365988846,node-301299956,Velachery Road,secondary,148.53,,yes,4,13.0113903,80.2232821,13.0125773,80.2239106
edge-1377581207-353719192-12755282839,1377581207,node-353719192,node-12755282839,Unnamed Road,trunk_link,12.94,,no,2,12.9957213,80.1887021,12.9956208,80.1887623
edge-1377698260-12756626375-12756626376,1377698260,node-12756626375,node-12756626376,Unnamed Road,primary_link,14.68,,no,2,12.9001926,80.2343373,12.900315,80.2343881
edge-1377699901-277912669-12756659507,1377699901,node-277912669,node-12756659507,Medavakkam Koot Road,primary,544.69,,yes,13,12.9301847,80.1816204,12.9253979,80.1826477
edge-1377700552-12756658274-12756658275,1377700552,node-12756658274,node-12756658275,Unnamed Road,primary_link,9.43,,no,2,13.0416022,80.1751934,13.0415218,80.1752211
edge-1377713597-12756764775-12756764776,1377713597,node-12756764775,node-12756764776,Unnamed Road,primary_link,10.67,,no,2,13.0067933,80.2490148,13.0068891,80.249009
edge-1377713990-12756784710-12756784711,1377713990,node-12756784710,node-12756784711,Unnamed Road,primary_link,16.53,,no,2,13.0285649,80.1700316,13.0286927,80.1701095
edge-1377737364-12757036710-12706519218,1377737364,node-12757036710,node-12706519218,Elephant Gate Bridge Road,secondary,126.79,,yes,6,13.0923101,80.2705807,13.0921308,80.2694304
edge-1377737365-10277778733-12757036711,1377737365,node-10277778733,node-12757036711,Elephant Gate Bridge Road,secondary,125.36,,yes,5,13.0922347,80.26944,13.0924182,80.2705742
edge-1377739844-12757006044-12757006045,1377739844,node-12757006044,node-12757006045,Unnamed Road,primary_link,15.8,,no,2,13.0510487,80.2164264,13.0511864,80.2163904
edge-1377748706-243066466-11880443510,1377748706,node-243066466,node-11880443510,Unnamed Road,secondary,4.53,,no,2,13.0522924,80.2637854,13.0523081,80.263824
edge-1377773024-6758966405-11292759315,1377773024,node-6758966405,node-11292759315,Unnamed Road,primary_link,5.24,,no,2,13.1003211,80.2099523,13.1003643,80.2099717
edge-1377952175-3902211511-3902213741,1377952175,node-3902211511,node-3902213741,Chennai - Ennore Road,primary,21.84,,yes,2,13.182898,80.3082916,13.1830872,80.3083456
edge-1377952176-12758868132-281998089,1377952176,node-12758868132,node-281998089,Chennai - Ennore Road,primary,2862.41,,yes,45,13.182853,80.3084305,13.1579902,80.3018397
edge-1377952177-3902213741-2407526775,1377952177,node-3902213741,node-2407526775,Chennai - Ennore Road,primary,100.03,,yes,6,13.1830872,80.3083456,13.1839411,80.3086297
edge-1377952178-3902213835-3902211511,1377952178,node-3902213835,node-3902211511,Chennai - Ennore Road,primary,23.52,,yes,2,13.1826942,80.3082334,13.182898,80.3082916
edge-1377960408-338282591-12483820630,1377960408,node-338282591,node-12483820630,Unnamed Road,primary,92.45,,yes,4,12.9705616,80.2188686,12.969783,80.2186821
edge-1377995045-12759223284-7045917743,1377995045,node-12759223284,node-7045917743,Unnamed Road,trunk_link,0.9,,yes,2,13.11027,80.1636482,13.1102619,80.1636476
edge-1377995046-9929183739-12759223285,1377995046,node-9929183739,node-12759223285,Unnamed Road,trunk_link,1.49,,yes,2,13.1102738,80.1635603,13.1102872,80.1635613
edge-1380181939-12777760581-12777760582,1380181939,node-12777760581,node-12777760582,Unnamed Road,primary_link,6.61,,no,3,13.0891053,80.1616234,13.0891647,80.1616263
edge-1380576062-5456147874-246866976,1380576062,node-5456147874,node-246866976,Rajiv Gandhi Salai,primary,38.69,3,yes,2,12.9795568,80.2525381,12.9798977,80.2526097
edge-1380576063-257439251-1453608010,1380576063,node-257439251,node-1453608010,Rajiv Gandhi Salai,primary,91.81,3,yes,3,12.9779207,80.2518276,12.9785883,80.2523245
edge-1380593938-12782082552-12782082553,1380593938,node-12782082552,node-12782082553,Unnamed Road,primary_link,18.93,,no,3,12.959358,80.2142129,12.9592931,80.2143744
edge-1381921177-7791116212-247683994,1381921177,node-7791116212,node-247683994,Kodambakkam – Sriperumbudur Road,primary,656.03,,yes,26,13.0115742,80.1272807,13.0129221,80.1330404
edge-1381921178-247683994-3926714847,1381921178,node-247683994,node-3926714847,Kodambakkam – Sriperumbudur Road,primary,668.23,,yes,36,13.0129221,80.1330404,13.01151,80.1272746
edge-1382220217-7037576132-12797193385,1382220217,node-7037576132,node-12797193385,Unnamed Road,secondary_link,10.68,,no,2,13.1075219,80.1865388,13.107511,80.1866368
edge-1382222058-12797222774-12797222775,1382222058,node-12797222774,node-12797222775,Unnamed Road,primary_link,5.93,,no,2,13.0497295,80.2105706,13.0496769,80.2105794
edge-1383963853-12625056175-12625056174,1383963853,node-12625056175,node-12625056174,Tiruneermalai Main Road,secondary,34.69,,yes,5,12.9613684,80.1456482,12.9615318,80.1458996
edge-1384242981-12706542880-12706542879,1384242981,node-12706542880,node-12706542879,Paper Mills Road,secondary,22.83,,yes,4,13.1084688,80.242022,13.1083203,80.2421669
edge-1384242982-12706542880-12706542877,1384242982,node-12706542880,node-12706542877,Perambur High Road,primary,6.8,,no,2,13.1084688,80.242022,13.1084688,80.2419592
edge-1384246749-12816192319-11591395640,1384246749,node-12816192319,node-11591395640,Bazaar Main Road,secondary,2.35,2,yes,2,12.9638686,80.2145126,12.9638787,80.2144936
edge-1384246750-11591395640-12816192320,1384246750,node-11591395640,node-12816192320,Unnamed Road,secondary,2.19,,yes,2,12.9638787,80.2144936,12.963883,80.2145133
edge-1384246751-11626351146-11591395640,1384246751,node-11626351146,node-11591395640,Bazaar Main Road,secondary,2.45,2,no,2,12.9638824,80.2144713,12.9638787,80.2144936
edge-1384246752-11626351138-11626351146,1384246752,node-11626351138,node-11626351146,Bazaar Main Road,secondary,18.78,2,no,2,12.9639105,80.2143004,12.9638824,80.2144713
edge-1384314545-12419531177-10069962233,1384314545,node-12419531177,node-10069962233,Rajiv Gandhi Salai,primary,27.58,3,yes,4,12.9798118,80.2527349,12.9795645,80.2527151
edge-1384505484-12818575600-12818598101,1384505484,node-12818575600,node-12818598101,Unnamed Road,primary_link,12.23,,no,2,13.0150371,80.1925235,13.0149427,80.1924655
edge-1384508872-314643627-12728228011,1384508872,node-314643627,node-12728228011,Nagerkoyil Sudalaimuthu Krishnan Salai,primary,112.64,,yes,2,13.0534641,80.2241162,13.0536789,80.2251324
edge-1384508873-247681990-12728228010,1384508873,node-247681990,node-12728228010,Nagerkoyil Sudalaimuthu Krishnan (NSK) Salai,primary,113.83,,yes,2,13.0533,80.224086,13.0535347,80.2251089
edge-1386972322-12839759511-12839759512,1386972322,node-12839759511,node-12839759512,Unnamed Road,primary_link,15.31,,yes,2,13.052136,80.219649,13.0522678,80.219608
edge-1386972989-12839764302-12839764303,1386972989,node-12839764302,node-12839764303,Unnamed Road,primary_link,16.01,,no,2,13.0520937,80.2195028,13.0522297,80.2194542
edge-1386983141-2250346242-2250346300,1386983141,node-2250346242,node-2250346300,11th Avenue,secondary,151.93,,yes,10,13.0315887,80.2177279,13.0324539,80.2184352
edge-1386983142-1723299491-2250346284,1386983142,node-1723299491,node-2250346284,11th Avenue,secondary,237.31,,yes,6,13.032232,80.2205551,13.0321626,80.2183776
edge-1387136936-12841244890-12841244889,1387136936,node-12841244890,node-12841244889,Unnamed Road,primary_link,10.89,,no,2,13.0165711,80.1895756,13.0166534,80.1896301
edge-1387180297-2272421618-9416863235,1387180297,node-2272421618,node-9416863235,Morasali Maran Flyover,primary,15.94,,yes,4,13.1070932,80.243485,13.107014,80.2433631
edge-1387184805-12841588230-12841588231,1387184805,node-12841588230,node-12841588231,Unnamed Road,primary_link,13.66,,yes,2,13.0606857,80.2474105,13.0605688,80.2473718
edge-1387266294-12841989270-12841989271,1387266294,node-12841989270,node-12841989271,Unnamed Road,primary_link,18.84,,yes,2,13.0665975,80.269497,13.0664299,80.2694713
edge-1388429687-12852347298-12852347299,1388429687,node-12852347298,node-12852347299,Unnamed Road,secondary_link,8.64,,no,2,13.0686551,80.257597,13.0687097,80.2576537
edge-1388492773-6807185975-964603998,1388492773,node-6807185975,node-964603998,Velachery Mudhanmai Salai,primary,12.12,2,yes,2,12.917292,80.1940029,12.9173229,80.1941101
edge-1388492774-10285915633-6807185975,1388492774,node-10285915633,node-6807185975,Semmozhi Salai,primary,38.03,2,yes,2,12.9169738,80.1941316,12.917292,80.1940029
edge-1388499569-11484549865-11484539860,1388499569,node-11484549865,node-11484539860,Unnamed Road,trunk,948.26,3,yes,40,13.0613583,80.1598283,13.0614086,80.1514813
edge-1388499570-11484539860-11991750452,1388499570,node-11484539860,node-11991750452,Unnamed Road,trunk,6.83,,yes,2,13.0614086,80.1514813,13.0614409,80.1514277
edge-1388499571-11484539859-735219630,1388499571,node-11484539859,node-735219630,Unnamed Road,trunk,887.6,3,yes,36,13.0615238,80.1515345,13.0615134,80.159325
edge-1388499573-11991750454-11991750451,1388499573,node-11991750454,node-11991750451,Vanagaram - Ambathur - Puzhal Road,primary,14.72,2,yes,3,13.0616303,80.1515215,13.0617298,80.1516073
edge-1388499576-11991750455-11484539859,1388499576,node-11991750455,node-11484539859,Unnamed Road,trunk,6.42,,yes,2,13.0615514,80.1514824,13.0615238,80.1515345
edge-1388499577-11991750455-11991750454,1388499577,node-11991750455,node-11991750454,Vanagaram - Ambathur - Puzhal Road,primary,9.74,2,yes,2,13.0615514,80.1514824,13.0616303,80.1515215
edge-1391531152-11492771303-592588929,1391531152,node-11492771303,node-592588929,Govindaswamy Karuppiah Moopanar Flyover,secondary,5.19,,yes,2,13.0279345,80.2455459,13.0279719,80.2455746
edge-1391531153-592588929-11492771307,1391531153,node-592588929,node-11492771307,Govindaswamy Karuppiah Moopanar Flyover,secondary,5.88,,yes,2,13.0279719,80.2455746,13.0279191,80.2455783
edge-1391532692-7027588133-12880492467,1391532692,node-7027588133,node-12880492467,Jawaharlal Nehru Road (100 Feet Road),primary,18.16,,yes,2,13.0374574,80.2122978,13.0376205,80.2123063
edge-1391532693-12880492468-315260055,1391532693,node-12880492468,node-315260055,4th Avenue,secondary,14.29,,yes,2,13.0373224,80.2125721,13.0373232,80.2124402
edge-1391535377-277434297-12880534756,1391535377,node-277434297,node-12880534756,PT Rajan Salai,secondary,11.53,,yes,2,13.0442799,80.2122478,13.0442725,80.2121416
edge-1391540466-6583173768-12880564361,1391540466,node-6583173768,node-12880564361,Cathedral Road,primary,16.38,,yes,2,13.0458861,80.2569785,13.0459415,80.2568384
edge-1391540467-12880564362-302897362,1391540467,node-12880564362,node-302897362,Cathedral Road,primary,12.42,,yes,2,13.0460403,80.2569219,13.0460013,80.2570293
edge-1391543243-2212976288-13999446355,1391543243,node-2212976288,node-13999446355,Dr Radhakrishnan Salai,primary,14.24,,yes,2,13.0433495,80.2744741,13.0433637,80.2743435
edge-1391543244-310728681-2212976299,1391543244,node-310728681,node-2212976299,Dr Radhakrishnan Salai,primary,20.24,,yes,2,13.043454,80.2742963,13.0434158,80.274479
edge-1391547246-11955691694-2482057562,1391547246,node-11955691694,node-2482057562,Ethiraj Salai,secondary,9.27,,yes,2,13.0642994,80.2591111,13.0643696,80.2590649
edge-1393520909-11740393958-11740432677,1393520909,node-11740393958,node-11740432677,Uttamar Gandhi Salai,primary,33.59,,yes,3,13.0630842,80.2446354,13.0632441,80.2443751
edge-1393532266-249797453-249797454,1393532266,node-249797453,node-249797454,Doctor Ranga Road,secondary,166.54,,yes,2,13.0331407,80.2637034,13.0331354,80.2621661
edge-1393532267-249797453-249797539,1393532267,node-249797453,node-249797539,Doctor Ranga Road,secondary,53.49,,no,2,13.0331407,80.2637034,13.0334434,80.2640871
edge-1393740215-12901181440-6776288682,1393740215,node-12901181440,node-6776288682,Konnur High Road,secondary,204.76,,no,5,13.1038668,80.2055353,13.1037999,80.2036461
edge-1393740216-2169007267-12901181440,1393740216,node-2169007267,node-12901181440,Konnur High Road,secondary,27.73,,no,2,13.1038735,80.2057913,13.1038668,80.2055353
edge-1393740217-2168882011-2169007267,1393740217,node-2168882011,node-2169007267,Konnur High Road,secondary,22.73,,no,3,13.1038545,80.2059999,13.1038735,80.2057913
edge-1393756303-12901410646-12901410643,1393756303,node-12901410646,node-12901410643,Unnamed Road,secondary,39.92,,yes,4,12.9956768,80.2676251,12.9960193,80.2677001
edge-1393756304-12901410643-257430047,1393756304,node-12901410643,node-257430047,Besant Nagar 2nd Avenue,secondary,40.06,,yes,4,12.9960193,80.2677001,12.9956708,80.2676853
edge-1393771465-257430019-12901490989,1393771465,node-257430019,node-12901490989,Dr Muthulakshmi Salai,secondary,38.08,,yes,2,13.0012436,80.2564557,13.0015818,80.256511
edge-1393772724-310535945-11645087672,1393772724,node-310535945,node-11645087672,Kalki Krishnamurty Road,secondary,12.3,,yes,2,12.9863313,80.2556161,12.9862428,80.255548
edge-1393772726-11645087672-12901601245,1393772726,node-11645087672,node-12901601245,Kalki Krishnamurty Road,secondary,11.08,,yes,2,12.9862428,80.255548,12.9863404,80.2555276
edge-1393795599-12901723237-12901723238,1393795599,node-12901723237,node-12901723238,Unnamed Road,primary_link,9.06,,no,2,13.0390129,80.1692814,13.0390809,80.1692353
edge-1394083057-12904036570-12904036571,1394083057,node-12904036570,node-12904036571,Pallavaram Flyover,trunk,1346.97,2,yes,18,12.9747386,80.1552141,12.9652681,80.1480791
edge-1394083058-9576074617-12904036570,1394083058,node-9576074617,node-12904036570,Pallavaram Flyover,trunk,58.56,2,yes,3,12.9749951,80.1556764,12.9747386,80.1552141
edge-1394083059-12904036569-7809302622,1394083059,node-12904036569,node-7809302622,Grand Southern Trunk Road Flyover,trunk,172.02,2,yes,3,12.9651183,80.1479952,12.9637538,80.1472844
edge-1394491779-247684414-11204083543,1394491779,node-247684414,node-11204083543,Doctor M.G.R. Salai,primary,257.24,2,yes,7,13.0527693,80.2456064,13.0527973,80.2432517
edge-1394906581-310503287-246825949,1394906581,node-310503287,node-246825949,Broadie's Castle Road,primary,19.71,,yes,4,13.0189973,80.2629394,13.0189281,80.2627808
edge-1394906582-310503287-310503318,1394906582,node-310503287,node-310503318,Brodie Castle Road,primary,9.61,,no,2,13.0189973,80.2629394,13.018911,80.2629344
edge-1394906583-310503318-246825949,1394906583,node-310503318,node-246825949,DGS Dhinakaran Road,primary,17.51,,yes,5,13.018911,80.2629344,13.0189281,80.2627808
edge-1395216455-10128406357-308870205,1395216455,node-10128406357,node-308870205,Chennai Bypass,trunk,337.79,3,yes,3,13.1365331,80.1809751,13.13697,80.1778881
edge-1395216456-12506514382-10128406362,1395216456,node-12506514382,node-10128406362,Chennai Bypass,trunk,1033.65,3,yes,9,13.1403271,80.1910761,13.1364506,80.1824243
edge-1395216457-10128406353-1183216792,1395216457,node-10128406353,node-1183216792,Chennai Bypass,trunk,146.15,3,yes,5,13.1367016,80.1810143,13.1367204,80.1823618
edge-1395216458-1183216708-10128406353,1395216458,node-1183216708,node-10128406353,Chennai Bypass,trunk,337.33,3,yes,4,13.1371227,80.1779297,13.1367016,80.1810143
edge-1395216459-10128406357-10128406353,1395216459,node-10128406357,node-10128406353,Unnamed Road,trunk_link,19.21,,no,2,13.1365331,80.1809751,13.1367016,80.1810143
edge-1395216460-7045917740-294001197,1395216460,node-7045917740,node-294001197,Pattaravakkam Bridge,trunk,73.63,3,yes,2,13.1157698,80.1642732,13.1151084,80.1642399
edge-1395216461-1183216651-1183216639,1395216461,node-1183216651,node-1183216639,Pattaravakkam Bridge,trunk,129.16,3,yes,2,13.1139267,80.1638968,13.1150836,80.164004
edge-1395216463-338666255-338666202,1395216463,node-338666255,node-338666202,Chennai Bypass Expressway,trunk,133.84,1,yes,5,13.0429424,80.149483,13.0441412,80.1495046
edge-1395216464-338637742-13255223492,1395216464,node-338637742,node-13255223492,Chennai Bypass Expressway,trunk,365.78,3,yes,3,13.0364271,80.1491479,13.039713,80.1493075
edge-1395216465-338666198-338666204,1395216465,node-338666198,node-338666204,Chennai Bypass Expressway,trunk,134.21,1,yes,6,13.04413,80.1497383,13.0429409,80.1496762
edge-1395216466-13255223493-338637806,1395216466,node-13255223493,node-338637806,Chennai Bypass Expressway,trunk,363.84,3,yes,3,13.0396925,80.1494775,13.0364256,80.1492886
edge-1395450777-12917009765-12917009766,1395450777,node-12917009765,node-12917009766,Unnamed Road,secondary,355.38,2,-1,15,13.0151351,80.1965654,13.014613,80.1934805
edge-1395450783-364070185-278990058,1395450783,node-364070185,node-278990058,Unnamed Road,secondary,158.64,,yes,5,13.0140452,80.19875,13.0150204,80.199399
edge-1395450784-278989959-364070185,1395450784,node-278989959,node-364070185,Unnamed Road,secondary,273.15,2,yes,2,13.0142579,80.1962382,13.0140452,80.19875
edge-1395450786-12917009765-278989959,1395450786,node-12917009765,node-278989959,Unnamed Road,secondary,104.58,2,yes,8,13.0151351,80.1965654,13.0142579,80.1962382
edge-1395679477-12918933024-10270867536,1395679477,node-12918933024,node-10270867536,Tambaram Eastern Bypass Road,primary,417.42,,yes,9,12.8905033,80.1334382,12.8899808,80.1372476
edge-1395679478-12918933028-12918933024,1395679478,node-12918933028,node-12918933024,Tambaram Eastern Bypass Road,primary,133.18,,yes,3,12.8907061,80.1322277,12.8905033,80.1334382
edge-1395679479-3881480855-10107394344,1395679479,node-3881480855,node-10107394344,Tambaram Eastern Bypass Road,primary,653.83,,yes,8,12.8903753,80.1334078,12.8914656,80.1274856
edge-1395679481-12918933042-3881480855,1395679481,node-12918933042,node-3881480855,Tambaram Eastern Bypass Road,primary,613.1,,yes,9,12.8896688,80.1390145,12.8903753,80.1334078
edge-1395680347-3878466356-12918933042,1395680347,node-3878466356,node-12918933042,Tambaram Eastern Bypass Road,primary,289.07,,yes,9,12.8908963,80.1409425,12.8896688,80.1390145
edge-1395680348-3732974100-10013621132,1395680348,node-3732974100,node-10013621132,Tambaram Kizhakku Puravazhi Salai,secondary,57.21,,no,3,12.8900256,80.1369823,12.8895375,80.136817
edge-1396187555-2186684698-300195061,1396187555,node-2186684698,node-300195061,Tambaram Eastern Bypass Road,primary,270.89,,yes,9,12.8897679,80.1390441,12.8909567,80.1408201
edge-1409474852-303008048-12951745747,1409474852,node-303008048,node-12951745747,Unnamed Road,secondary,20.03,,yes,2,13.0347483,80.2456729,13.0349265,80.2456456
edge-1409645296-303510937-6799048018,1409645296,node-303510937,node-6799048018,Anna Salai (Mount Road),primary,12.54,,yes,2,13.03109,80.2399589,13.0310314,80.23986
edge-1409647907-30142997-1184293290,1409647907,node-30142997,node-1184293290,East Coast Road,primary,2488.19,2,yes,43,12.9197264,80.2511506,12.8977322,80.2475059
edge-1409647909-5793660752-5793660983,1409647909,node-5793660752,node-5793660983,East Coast Road,primary,2490.39,2,yes,51,12.8977497,80.2474247,12.9197572,80.2510635
edge-1409647910-5793660745-12953123849,1409647910,node-5793660745,node-12953123849,East Coast Road,primary,18.6,2,yes,2,12.9198386,80.2510945,12.9199943,80.2511572
edge-1409647911-12953123850-12953123847,1409647911,node-12953123850,node-12953123847,East Coast Road,primary,19.56,2,yes,2,12.9199748,80.2512389,12.9198085,80.2511801
edge-1409647912-12953123847-30142997,1409647912,node-12953123847,node-30142997,East Coast Road,primary,9.67,2,yes,2,12.9198085,80.2511801,12.9197264,80.2511506
edge-1409647913-5793660983-5793660745,1409647913,node-5793660983,node-5793660745,East Coast Road,primary,9.65,2,yes,2,12.9197572,80.2510635,12.9198386,80.2510945
edge-1410830834-1941344306-2190710273,1410830834,node-1941344306,node-2190710273,Major Mukund Varadharajan Salai,primary,618.64,4,yes,22,12.9309194,80.2030176,12.9281653,80.1993251
edge-1410865119-3900194873-4154297020,1410865119,node-3900194873,node-4154297020,Inner Ring Road,primary,419.52,,yes,7,13.1765753,80.2444326,13.1777853,80.2480977
edge-1411419596-12969222274-12969222275,1411419596,node-12969222274,node-12969222275,Unnamed Road,primary_link,10.88,,no,2,13.0777483,80.2436876,13.0778445,80.2436693
edge-1411427276-7822169870-7822169854,1411427276,node-7822169870,node-7822169854,Kaliamman Koil Street,secondary,19.46,,yes,2,13.0659859,80.1988011,13.0658302,80.198719
edge-1411427277-1168642560-7822169870,1411427277,node-1168642560,node-7822169870,Kaliamman Koil Street,secondary,11.05,,yes,2,13.0660749,80.1988464,13.0659859,80.1988011
edge-1411427278-277500250-7822169871,1411427278,node-277500250,node-7822169871,Kaliamman Koil Street,secondary,385.16,,yes,8,13.062934,80.1971224,13.0660528,80.1986629
edge-1411427281-7822169871-277516542,1411427281,node-7822169871,node-277516542,Kaliamman Koil Street,secondary,18.42,,yes,2,13.0660528,80.1986629,13.0661812,80.1987703
edge-1414647766-12999225183-12999225184,1414647766,node-12999225183,node-12999225184,Unnamed Road,primary_link,18.98,,yes,2,12.9619696,80.1464882,12.9620501,80.1463337
edge-1414845529-13001229874-13657478013,1414845529,node-13001229874,node-13657478013,Unnamed Road,primary_link,13.52,,yes,6,13.0788665,80.2505897,13.0787572,80.2505478
edge-1416025802-8292006329-10201011149,1416025802,node-8292006329,node-10201011149,Raja Muthiah Road,secondary,20.61,2,yes,4,13.0811824,80.2709477,13.0810014,80.2709854
edge-1416025804-10201011110-8292006329,1416025804,node-10201011110,node-8292006329,Raja Muthiah Road,secondary,17.14,2,yes,2,13.0813354,80.2709288,13.0811824,80.2709477
edge-1416040846-12625037591-30037243,1416040846,node-12625037591,node-30037243,EVR Periyar Salai,primary,767.04,,yes,25,13.0779626,80.2446929,13.0788878,80.2516867
edge-1416040847-309316814-2213431458,1416040847,node-309316814,node-2213431458,EVR Periyar Salai,primary,364.02,,yes,10,13.0778344,80.2444072,13.077325,80.2410906
edge-1416678909-12625037590-309316814,1416678909,node-12625037590,node-309316814,EVR Periyar Salai,primary,32.24,,yes,2,13.0778663,80.2447031,13.0778344,80.2444072
edge-1417172326-13022550029-13022550030,1417172326,node-13022550029,node-13022550030,Unnamed Road,primary_link,11.03,,no,2,13.033106,80.161895,13.0331902,80.1619489
edge-1418624866-249497688-249497690,1418624866,node-249497688,node-249497690,Sardar Patel Road,primary,79.75,,yes,5,13.0087027,80.2591946,13.0079965,80.2592592
edge-1419877429-258902915-254497196,1419877429,node-258902915,node-254497196,Raja Muthiah Road,secondary,36.79,2,yes,3,13.0839633,80.2704958,13.0842894,80.2704402
edge-1419931571-257937799-618642004,1419931571,node-257937799,node-618642004,Constable Road,secondary,61.74,,no,3,13.1027712,80.2307921,13.1027677,80.2313622
edge-1419953486-276608311-6776243070,1419953486,node-276608311,node-6776243070,Unnamed Road,primary,10.23,,yes,2,13.1014077,80.1620068,13.1014996,80.162011
edge-1419953487-10208687999-7818369162,1419953487,node-10208687999,node-7818369162,Chennai - Tiruttani - Renigunta Road,primary,900.97,,yes,23,13.1015018,80.1621255,13.0998623,80.1702256
edge-1419953488-10208687998-276608311,1419953488,node-10208687998,node-276608311,Chennai - Tiruttani - Renigunta Road,primary,11.74,,yes,2,13.1014071,80.1621152,13.1014077,80.1620068
edge-1419953489-14128325463-10208687996,1419953489,node-14128325463,node-10208687996,Unnamed Road,primary,84.55,2,yes,3,13.1013302,80.1621095,13.1005716,80.1620563
edge-1420155636-13049810085-276608311,1420155636,node-13049810085,node-276608311,Unnamed Road,primary,8.54,,yes,2,13.1013311,80.1620012,13.1014077,80.1620068
edge-1421505469-276608311-11665052694,1421505469,node-276608311,node-11665052694,Chennai - Tiruttani - Renigunta Road,primary,503.63,2,yes,18,13.1014077,80.1620068,13.1031204,80.1580817
edge-1421508960-10175133038-10175133017,1421508960,node-10175133038,node-10175133017,Unnamed Road,secondary,67.61,,yes,2,13.0443253,80.2116208,13.0443735,80.212243
edge-1421508961-12880534756-300218387,1421508961,node-12880534756,node-300218387,PT Rajan Salai,secondary,57.58,,yes,2,13.0442725,80.2121416,13.0442386,80.2116112
edge-1421511722-13063229976-30037241,1421511722,node-13063229976,node-30037241,EVR Periyar Salai,primary,31.9,,yes,2,13.0789674,80.254388,13.0789975,80.2546809
edge-1421511723-304918729-13063229977,1421511723,node-304918729,node-13063229977,EVR Periyar Salai,primary,32.12,,yes,2,13.0788783,80.2547003,13.078839,80.2544065
edge-1421511724-13063229977-347442182,1421511724,node-13063229977,node-347442182,EVR Periyar Salai,primary,13.9,,yes,2,13.078839,80.2544065,13.0788244,80.254279
edge-1421526625-13063335445-4461968967,1421526625,node-13063335445,node-4461968967,East Coast Road,primary,18.68,,yes,2,12.9663563,80.2569517,12.9661908,80.2569221
edge-1421526626-301299745-13063335446,1421526626,node-301299745,node-13063335446,East Coast Road,primary,17.64,,yes,2,12.9662135,80.2568276,12.9663702,80.2568531
edge-1421526627-4462007069-1453684861,1421526627,node-4462007069,node-1453684861,East Coast Road,primary,868.08,,yes,25,12.9657816,80.2568415,12.9580904,80.2555474
edge-1422231817-13070286856-13070286857,1422231817,node-13070286856,node-13070286857,Unnamed Road,primary_link,7.14,,no,2,12.884375,80.1714925,12.8843444,80.1715504
edge-1424738058-13095868098-9819235511,1424738058,node-13095868098,node-9819235511,Dr. Muthulakshmi Road,secondary,28.33,,yes,2,12.9879372,80.255916,12.9876844,80.2558837
edge-1424749200-11495672516-11495672518,1424749200,node-11495672516,node-11495672518,Police Commissioner Office Road,secondary,6.82,2,yes,2,13.0753,80.2582733,13.0753503,80.2582373
edge-1427411146-3528270402-13122042416,1427411146,node-3528270402,node-13122042416,Unnamed Road,secondary,66.87,,no,4,13.10085,80.2463972,13.1011089,80.2468496
edge-1427826037-2212827520-2212827519,1427826037,node-2212827520,node-2212827519,Sardar Patel Road,primary,12.27,2,yes,2,13.0069328,80.240213,13.0069116,80.2403241
edge-1427827778-11941450284-268789822,1427827778,node-11941450284,node-268789822,Sardar Patel Road,primary,78.41,,yes,5,13.0066452,80.2468737,13.0066442,80.24615
edge-1427827779-312031374-11941450284,1427827779,node-312031374,node-11941450284,Sardar Patel Road,primary,42.78,,yes,2,13.0066419,80.2472685,13.0066452,80.2468737
edge-1427827780-6816790397-312031374,1427827780,node-6816790397,node-312031374,Sardar Patel Road,primary,14.25,,yes,2,13.0066491,80.2473998,13.0066419,80.2472685
edge-1432703450-321199835-9582143765,1432703450,node-321199835,node-9582143765,Chennai - Ennore Road,primary,737.59,,yes,18,13.150039,80.2991899,13.1438697,80.2966923
edge-1432703452-8429442654-8429442652,1432703452,node-8429442654,node-8429442652,Chennai - Ennore Road,primary,401.46,,yes,5,13.1467113,80.2977094,13.1500547,80.2991077
edge-1432704893-281998092-7824963609,1432704893,node-281998092,node-7824963609,Ennore High Road,secondary,10.1,,yes,2,13.1576929,80.2979757,13.1576108,80.2979357
edge-1432747498-277587990-294091236,1432747498,node-277587990,node-294091236,Madhavaram Milk Colony Road,secondary,326.03,,no,16,13.1421932,80.2368491,13.1434843,80.2388485
edge-1432748644-290018377-290017404,1432748644,node-290018377,node-290017404,MKB Nagar West Avenue,secondary,60.16,,no,2,13.1234411,80.2592422,13.1229023,80.2592924
edge-1433255923-9679839181-9679839180,1433255923,node-9679839181,node-9679839180,9th Street,secondary,266.65,,yes,4,13.1110937,80.2265599,13.1134028,80.2272231
edge-1433300808-1129457236-3820325545,1433300808,node-1129457236,node-3820325545,Anna Street,secondary,466.24,,no,10,13.1349498,80.2274461,13.1391085,80.227476
edge-1433300809-1129457284-1129457236,1433300809,node-1129457284,node-1129457236,30 Feet Road,secondary,320.81,,no,8,13.1352623,80.2245009,13.1349498,80.2274461
edge-1433952884-343743944-5455846939,1433952884,node-343743944,node-5455846939,Kilpauk Garden Road,secondary,110.7,,yes,4,13.0836101,80.234946,13.0835754,80.2339253
edge-1434299222-249497694-249497703,1434299222,node-249497694,node-249497703,Unnamed Road,secondary,64.6,,yes,6,13.0073191,80.2591237,13.0075262,80.258616
edge-1434299223-249497690-249497694,1434299223,node-249497690,node-249497694,Sardar Patel Road,primary,94.97,,yes,6,13.0079965,80.2592592,13.0073191,80.2591237
edge-1434299330-9502019376-12213924370,1434299330,node-9502019376,node-12213924370,RK Mutt Road,secondary,121.13,,yes,8,13.0224196,80.2635977,13.0214318,80.2631271
edge-1434313125-7035475575-248700548,1434313125,node-7035475575,node-248700548,Unnamed Road,secondary,62.29,,yes,5,13.0299323,80.2273414,13.0304771,80.2274518
edge-1434314924-6776970390-6776970388,1434314924,node-6776970390,node-6776970388,1st Avenue,secondary,318.39,2,yes,7,13.0827161,80.1706594,13.085459,80.1698169
edge-1434317309-277443494-6792089327,1434317309,node-277443494,node-6792089327,Kanagasabai Street,secondary,188.92,,no,11,13.0314086,80.1913801,13.0307214,80.1927627
edge-1434317310-277391818-277443494,1434317310,node-277391818,node-277443494,Unnamed Road,secondary,11.76,,no,2,13.0315002,80.1913259,13.0314086,80.1913801
edge-1434318687-11144516746-11144516745,1434318687,node-11144516746,node-11144516745,Rajamannar Salai,secondary,65.67,,yes,3,13.0429631,80.2038043,13.0428593,80.2044011
edge-1434328709-7171991242-7171991223,1434328709,node-7171991242,node-7171991223,East Avenue Road,secondary,40.56,2,yes,3,13.1083987,80.1802678,13.108429,80.179895
edge-1434333914-384600365-384600362,1434333914,node-384600365,node-384600362,Unnamed Road,secondary,10.54,,yes,2,13.0388619,80.2573777,13.0387877,80.2573172
edge-1434333915-384600362-30051287,1434333915,node-384600362,node-30051287,Luz Church Road,secondary,17.3,,yes,2,13.0387877,80.2573172,13.0388392,80.2571665
edge-1434337011-9911216539-290651009,1434337011,node-9911216539,node-290651009,Dr. Ambedkar Road,secondary,312.41,2,no,7,13.1029922,80.2152377,13.105735,80.2158553
edge-1434342839-12478019975-2197496946,1434342839,node-12478019975,node-2197496946,Unnamed Road,secondary,9.46,,yes,2,13.0667061,80.2541352,13.0667733,80.2540816
edge-1434342840-12478019975-243324985,1434342840,node-12478019975,node-243324985,Unnamed Road,secondary,7.14,,yes,2,13.0667061,80.2541352,13.0667024,80.2540694
edge-1434352570-11039712408-277583500,1434352570,node-11039712408,node-277583500,Tirumullaivoyal Road,secondary,28.93,,no,4,13.1413275,80.134562,13.1410755,80.1344956
edge-1434352571-277583500-277583496,1434352571,node-277583500,node-277583496,Tirumullaivoyal Road,secondary,635.4,,no,24,13.1410755,80.1344956,13.1367766,80.1315724
edge-1434352573-347531379-3887299338,1434352573,node-347531379,node-3887299338,Tirumullaivoyal Road,secondary,191.28,,no,4,13.1480447,80.1362184,13.1463738,80.1357984
edge-1436362942-302891536-1701428425,1436362942,node-302891536,node-1701428425,Anna Salai (Mount Road),primary,420.75,3,yes,13,13.0429215,80.2475944,13.0392158,80.2468293
edge-1442339163-996565654-996565657,1442339163,node-996565654,node-996565657,Pasumpon Muthuramalingar Thevar Salai (Chamiers Road),primary_link,68.1,2,yes,4,13.0309119,80.2401197,13.0308227,80.2395029
edge-1444625281-13255223492-338666255,1444625281,node-13255223492,node-338666255,Chennai Bypass Expressway,trunk,359.61,3,yes,5,13.039713,80.1493075,13.0429424,80.149483
edge-1444625282-338666204-13255223493,1444625282,node-338666204,node-13255223493,Chennai Bypass Expressway,trunk,361.91,3,yes,7,13.0429409,80.1496762,13.0396925,80.1494775
edge-1444625283-338666202-338666212,1444625283,node-338666202,node-338666212,Chennai Bypass Expressway,trunk,585.61,3,yes,4,13.0441412,80.1495046,13.0493984,80.1498197
edge-1444625284-338666254-338666198,1444625284,node-338666254,node-338666198,Chennai Bypass Expressway,trunk,585.45,3,yes,6,13.0493875,80.1499945,13.04413,80.1497383
edge-1446431734-13271597223-13271597224,1446431734,node-13271597223,node-13271597224,Unnamed Road,primary_link,11.33,,yes,2,12.8982671,80.2278329,12.8982721,80.2277285
edge-1447131208-2091840486-331888474,1447131208,node-2091840486,node-331888474,Grand Southern Trunk Road,trunk,533.75,2,yes,6,12.9504157,80.139569,12.9465648,80.1366342
edge-1447131210-331892258-3736313485,1447131210,node-331892258,node-3736313485,Grand Southern Trunk Road,trunk,25.37,2,yes,2,12.9504963,80.1394857,12.9506793,80.1396255
edge-1447131211-3736313485-11645330644,1447131211,node-3736313485,node-11645330644,Grand Southern Trunk Road,trunk,715.56,2,yes,11,12.9506793,80.1396255,12.9561557,80.1430521
edge-1447854045-13284331471-11951550395,1447854045,node-13284331471,node-11951550395,Unnamed Road,secondary,25.1,,no,2,13.0279946,80.2309804,13.028218,80.2309469
edge-1447854046-13284331470-13284331471,1447854046,node-13284331470,node-13284331471,Unnamed Road,secondary,9.47,,yes,2,13.0279232,80.2309328,13.0279946,80.2309804
edge-1447854047-13284331471-11951550394,1447854047,node-13284331471,node-11951550394,Unnamed Road,secondary,9.06,,yes,2,13.0279946,80.2309804,13.0279395,80.231042
edge-1447854048-13284331479-13284331478,1447854048,node-13284331479,node-13284331478,Unnamed Road,secondary_link,197.84,,yes,6,13.0355884,80.2303764,13.0372806,80.2308905
edge-1447854049-2197415524-13284331479,1447854049,node-2197415524,node-13284331479,Unnamed Road,secondary_link,33.46,,yes,3,13.0353196,80.230261,13.0355884,80.2303764
edge-1447854050-13284331484-13284331485,1447854050,node-13284331484,node-13284331485,Unnamed Road,secondary_link,116.81,,yes,4,13.0387827,80.2313548,13.0377746,80.2310926
edge-1447854051-13284331485-13284331480,1447854051,node-13284331485,node-13284331480,Unnamed Road,secondary_link,16.25,,yes,3,13.0377746,80.2310926,13.0376351,80.2310753
edge-1448188216-13287150420-10942180742,1448188216,node-13287150420,node-10942180742,Unnamed Road,secondary,5.11,,no,2,13.0767093,80.2641349,13.0767058,80.2641819
edge-1449612776-964603954-10285915625,1449612776,node-964603954,node-10285915625,Unnamed Road,primary,588.35,2,yes,7,12.901667,80.2182039,12.9033782,80.2130886
edge-1449612777-5455958138-964603954,1449612777,node-5455958138,node-964603954,Unnamed Road,primary,20.65,2,yes,2,12.9016416,80.2183926,12.901667,80.2182039
edge-1449612780-7791345840-13296220821,1449612780,node-7791345840,node-13296220821,Unnamed Road,primary_link,5.52,,no,2,12.9018554,80.2173427,12.9018068,80.2173324
edge-1449645293-248700636-308448447,1449645293,node-248700636,node-308448447,Venkatanarayana Road,secondary,119.25,2,yes,3,13.0368214,80.2361488,13.037729,80.2355623
edge-1450174799-12527112718-13300900285,1450174799,node-12527112718,node-13300900285,Unnamed Road,secondary_link,32.48,,no,5,13.0369886,80.2674219,13.0371908,80.2676277
edge-1451892602-13315849768-735231866,1451892602,node-13315849768,node-735231866,Chennai Bypass Expressway,trunk,778.43,3,yes,6,13.080722,80.1612795,13.0876941,80.1611883
edge-1451892603-13315849769-13315849768,1451892603,node-13315849769,node-13315849768,Chennai Bypass Expressway,trunk,59.23,3,yes,2,13.08019,80.1612517,13.080722,80.1612795
edge-1451892604-294000737-13315849771,1451892604,node-294000737,node-13315849771,Chennai Bypass Expressway,trunk,778.33,3,yes,7,13.0877005,80.1613819,13.0807235,80.1614498
edge-1451892605-13315849771-13315849770,1451892605,node-13315849771,node-13315849770,Chennai Bypass Expressway,trunk,57.68,3,yes,2,13.0807235,80.1614498,13.0802053,80.1614254
edge-1451892816-1183216816-3430506003,1451892816,node-1183216816,node-3430506003,Chennai Bypass,trunk,414.77,3,yes,2,13.1180769,80.1644399,13.1215006,80.1659601
edge-1451892817-3430506003-13315818421,1451892817,node-3430506003,node-13315818421,Chennai Bypass,trunk,33.8,3,yes,2,13.1215006,80.1659601,13.1217822,80.1660776
edge-1451892818-3430506004-402303250,1451892818,node-3430506004,node-402303250,Chennai Bypass,trunk,412.07,3,yes,3,13.1214491,80.1660882,13.1180326,80.1646145
edge-1451892819-13315818422-3430506004,1451892819,node-13315818422,node-3430506004,Chennai Bypass,trunk,34.59,3,yes,2,13.1217333,80.166218,13.1214491,80.1660882
edge-1452289123-12904036571-12904036569,1452289123,node-12904036571,node-12904036569,Pallavaram Flyover,trunk,18.98,2,yes,2,12.9652681,80.1480791,12.9651183,80.1479952
edge-1453307105-9728670869-13327985346,1453307105,node-9728670869,node-13327985346,Unnamed Road,primary_link,11.4,,no,2,13.0068228,80.2577211,13.0069162,80.2576776
edge-1453530603-13330006638-2091840486,1453530603,node-13330006638,node-2091840486,Grand Southern Trunk Road,trunk,16.66,2,yes,2,12.9505351,80.1396618,12.9504157,80.139569
edge-1453531106-13330016133-308910898,1453531106,node-13330016133,node-308910898,Grand Southern Trunk Road,trunk,11.36,,yes,2,12.9940016,80.1852998,12.9940514,80.1853914
edge-1453537279-11936247015-12625583481,1453537279,node-11936247015,node-12625583481,Rajiv Gandhi IT Expressway,primary,20.22,1,yes,2,12.9879,80.2513095,12.988077,80.2512668
edge-1453936227-303008051-1177973899,1453936227,node-303008051,node-1177973899,Anna Salai (Mount Road),primary,58.35,,yes,3,13.0355603,80.2462047,13.0350717,80.2460083
edge-1454359900-13337811005-13337811008,1454359900,node-13337811005,node-13337811008,Unnamed Road,secondary_link,21.42,,yes,4,13.0922011,80.2696818,13.0921043,80.2695114
edge-1455088865-12011988225-762590214,1455088865,node-12011988225,node-762590214,Uttamar Gandhi Salai (Nungambakkam High Road),primary,194.96,,yes,10,13.0560847,80.2489598,13.0545109,80.2497461
edge-1455099383-12917009766-278989911,1455099383,node-12917009766,node-278989911,Unnamed Road,secondary,16.99,2,no,5,13.014613,80.1934805,13.0145011,80.1933757
edge-1455381070-12887410825-1945613045,1455381070,node-12887410825,node-1945613045,Semmozhi Salai,primary,11.41,2,yes,3,12.9010074,80.2278943,12.9010003,80.2279993
edge-1455381071-273459877-12887410825,1455381071,node-273459877,node-12887410825,Rajiv Gandhi Salai,primary,10.93,2,yes,2,12.9009094,80.2278862,12.9010074,80.2278943
edge-1455706391-2197215546-12486035346,1455706391,node-2197215546,node-12486035346,Panagal Park,secondary,26.44,,yes,2,13.040571,80.233671,13.0406083,80.2334299
edge-1457380524-13022550030-338665675,1457380524,node-13022550030,node-338665675,Mount - Poonamallee - Avadi Road,primary,7.68,,yes,2,13.0331902,80.1619489,13.0331546,80.1620097
edge-1457380525-13540623852-12159159501,1457380525,node-13540623852,node-12159159501,Mount - Poonamallee - Avadi Road,primary,411.05,2,yes,11,13.0331453,80.161821,13.0343532,80.158335
edge-1457380526-338665675-282747380,1457380526,node-338665675,node-282747380,Mount - Poonamallee - Avadi Road,primary,1036.28,,yes,22,13.0331546,80.1620097,13.0285715,80.1703382
edge-1457759936-13369359924-13369359925,1457759936,node-13369359924,node-13369359925,Unnamed Road,primary_link,16.48,,no,2,13.0301713,80.1671452,13.0302999,80.1672209
edge-1458222839-13373204983-11292911243,1458222839,node-13373204983,node-11292911243,Suryanarayana Chetty Street,primary,99.83,,yes,4,13.1280519,80.2954288,13.1271847,80.2951901
edge-1458657601-13377511434-13377511435,1458657601,node-13377511434,node-13377511435,Unnamed Road,primary_link,10.14,,no,2,13.0432213,80.1824783,13.043306,80.1824436
edge-1458739236-13378126558-13378126557,1458739236,node-13378126558,node-13378126557,Unnamed Road,primary_link,11.56,,yes,2,12.8917886,80.2274105,12.8917917,80.2273039
edge-1460426416-13394506369-13394506370,1460426416,node-13394506369,node-13394506370,Unnamed Road,trunk,15.77,,no,2,13.0015756,80.1960198,13.0014659,80.196112
edge-1460642973-410615449-243064548,1460642973,node-410615449,node-243064548,RK Mutt Road,secondary,42.18,,yes,2,13.02665,80.2660337,13.0262774,80.2659605
edge-1464275816-13431729153-13431729154,1464275816,node-13431729153,node-13431729154,Unnamed Road,primary_link,10.87,,no,2,13.0328226,80.1624014,13.0329074,80.1624514
edge-1464338940-1897586275-7814742322,1464338940,node-1897586275,node-7814742322,Pallavaram - Thoraipakkam Road,primary,13.47,,yes,3,12.9485682,80.1955702,12.9485661,80.1956945
edge-1464338941-2012568917-308899765,1464338941,node-2012568917,node-308899765,Pallavaram - Thoraipakkam Road,primary,458.61,3,yes,6,12.9485307,80.1997977,12.948481,80.1955665
edge-1464338942-308899765-13432320698,1464338942,node-308899765,node-13432320698,Pallavaram - Thoraipakkam Road,primary,10.39,3,yes,2,12.948481,80.1955665,12.9484838,80.1954707
edge-1464338943-13432320697-1897586275,1464338943,node-13432320697,node-1897586275,Pallavaram - Thoraipakkam Road,primary,10.64,,yes,2,12.9485702,80.195472,12.9485682,80.1955702
edge-1464338944-7814742322-6598046364,1464338944,node-7814742322,node-6598046364,Pallavaram - Thoraipakkam Road,primary,459.11,,yes,7,12.9485661,80.1956945,12.9486147,80.1999297
edge-1464339459-13432318288-12634942462,1464339459,node-13432318288,node-12634942462,Gandhi Irwin Road,secondary,11.23,,yes,3,13.0758218,80.2594808,13.0757595,80.2593995
edge-1464339460-2197639879-12634942461,1464339460,node-2197639879,node-12634942461,Gandhi Irwin Road,secondary,93.81,,yes,4,13.0755501,80.2585279,13.0758214,80.2593442
edge-1464339461-12634942461-13432318289,1464339461,node-12634942461,node-13432318289,Gandhi Irwin Road,secondary,12.06,,yes,3,13.0758214,80.2593442,13.0758861,80.2594329
edge-1464342286-13432349053-13432349057,1464342286,node-13432349053,node-13432349057,Unnamed Road,primary_link,16.22,,yes,5,12.9056665,80.2281515,12.9056589,80.2282641
edge-1464342287-13432349058-13432349063,1464342287,node-13432349058,node-13432349063,Unnamed Road,primary_link,16.07,,yes,6,12.9058703,80.2282778,12.9058749,80.2281639
edge-1464507471-13433709641-13433709642,1464507471,node-13433709641,node-13433709642,Unnamed Road,primary_link,11.25,,yes,2,12.98491,80.2521962,12.9848875,80.252095
edge-1464507472-13433709643-13433709644,1464507472,node-13433709643,node-13433709644,Unnamed Road,primary_link,11.23,,yes,2,12.9846855,80.2521471,12.984714,80.2522465
edge-1464553028-13434137758-13434137759,1464553028,node-13434137758,node-13434137759,Unnamed Road,secondary_link,8.99,,no,2,13.0991239,80.1702121,13.0991213,80.1701291
edge-1465001347-13436968146-13436968147,1465001347,node-13436968146,node-13436968147,Unnamed Road,trunk,6.9,,no,2,13.1307922,80.1322265,13.1307302,80.1322289
edge-1467059805-9593473428-309316816,1467059805,node-9593473428,node-309316816,EVR Periyar Salai,primary,264.88,,yes,7,13.0771334,80.2404055,13.0765787,80.2380274
edge-1467059806-9593473427-2212827729,1467059806,node-9593473427,node-2212827729,Unnamed Road,primary,23.54,,yes,2,13.0769731,80.2405962,13.077184,80.2406155
edge-1473623047-2077234673-1896024971,1473623047,node-2077234673,node-1896024971,Major Mukund Varadharajan Salai,primary,253.43,4,yes,7,12.9331007,80.2037682,12.9309422,80.2030198
edge-1474144758-276744039-276740916,1474144758,node-276744039,node-276740916,Unnamed Road,secondary,214.81,,no,9,13.117077,80.1710748,13.1178731,80.1693156
edge-1474325697-5458112120-11740393948,1474325697,node-5458112120,node-11740393948,Haddows Road,primary,92.92,,yes,5,13.0613798,80.2472007,13.0618088,80.2465261
edge-1474386338-11474824397-13526096287,1474386338,node-11474824397,node-13526096287,Unnamed Road,trunk_link,33.51,,no,7,13.054665,80.1243158,13.0548632,80.12424
edge-1474386339-13526096287-11474824416,1474386339,node-13526096287,node-11474824416,Unnamed Road,trunk_link,256.77,,yes,12,13.0548632,80.12424,13.0560044,80.1262363
edge-1474386340-11474824448-13526096287,1474386340,node-11474824448,node-13526096287,Unnamed Road,trunk_link,31.58,,yes,3,13.0547978,80.1239563,13.0548632,80.12424
edge-1474495931-13394506370-7172099435,1474495931,node-13394506370,node-7172099435,Grand Southern Trunk Road,trunk,15.44,,yes,2,13.0014659,80.196112,13.001379,80.1960009
edge-1474495932-13394506369-304920831,1474495932,node-13394506369,node-304920831,Grand Southern Trunk Road,trunk,839.02,,yes,33,13.0015756,80.1960198,13.0051569,80.201362
edge-1474495933-7172099435-309416634,1474495933,node-7172099435,node-309416634,Grand Southern Trunk Road,trunk,526.02,,yes,10,13.001379,80.1960009,12.9983834,80.192244
edge-1474602407-308313676-10687844872,1474602407,node-308313676,node-10687844872,Inner Ring Road,primary,376.19,,yes,3,13.0176509,80.205848,13.0144662,80.2046766
edge-1474610214-310535741-313783509,1474610214,node-310535741,node-313783509,Dr Muthulakshmi Salai,secondary,21.25,2,yes,2,12.9994968,80.256228,12.9993093,80.2561902
edge-1474611575-1454664539-1454664555,1474611575,node-1454664539,node-1454664555,Dr MGR Main Road,secondary,508.51,,yes,12,12.9767453,80.2436317,12.9812756,80.2431561
edge-1476154269-13540623851-13022550030,1476154269,node-13540623851,node-13022550030,Mount - Poonamallee - Avadi Road,primary,8.35,,yes,2,13.0332265,80.1618814,13.0331902,80.1619489
edge-1476154270-13022550029-13540623852,1476154270,node-13022550029,node-13540623852,Mount - Poonamallee - Avadi Road,primary,9.13,2,yes,2,13.033106,80.161895,13.0331453,80.161821
edge-1476154271-9865525454-13022550029,1476154271,node-9865525454,node-13022550029,Mount - Poonamallee - Avadi Road,primary,9.29,2,yes,2,13.0330653,80.1619699,13.033106,80.161895
edge-1476156586-11593874896-276611993,1476156586,node-11593874896,node-276611993,Chennai - Tiruttani - Renigunta Road,primary,1227.42,2,yes,28,13.0996651,80.1863956,13.0981286,80.1753305
edge-1476368550-8140811080-13542454650,1476368550,node-8140811080,node-13542454650,Kalki Krishnamurty Road,secondary,10.71,,yes,2,12.9875765,80.2558611,12.9874821,80.2558414
edge-1476368551-9819235511-1363311923,1476368551,node-9819235511,node-1363311923,Thiruvalluvar Road,primary,19.2,,yes,2,12.9876844,80.2558837,12.9876645,80.2560597
edge-1476370314-1676204892-12686956011,1476370314,node-1676204892,node-12686956011,West Avenue Road,primary,6.83,,yes,2,12.9878387,80.2516888,12.9878365,80.2516258
edge-1476370315-12686956010-10281683489,1476370315,node-12686956010,node-10281683489,Unnamed Road,secondary,309.24,,yes,5,12.9877625,80.251638,12.9850484,80.2522508
edge-1476409560-13542719421-247458700,1476409560,node-13542719421,node-247458700,TTK Road,secondary,15.14,2,yes,2,13.0431488,80.2595743,13.0430153,80.259547
edge-1476409561-1685049682-13542719422,1476409561,node-1685049682,node-13542719422,TTK Road,secondary,15.88,,yes,2,13.0430204,80.2594774,13.0431613,80.2595015
edge-1476411677-2800814662-2800814661,1476411677,node-2800814662,node-2800814661,Nungambakkam Subway,secondary,11.49,2,yes,2,13.0665452,80.2313989,13.0665172,80.231501
edge-1479472560-13571597841-11941450279,1479472560,node-13571597841,node-11941450279,Madhya Kailash flyover,primary,587.14,,yes,14,13.0067411,80.2447327,13.0039987,80.2475229
edge-1482858540-302891536-9507520707,1482858540,node-302891536,node-9507520707,Anna Salai (Mount Road),primary,281.04,3,yes,7,13.0429215,80.2475944,13.0454038,80.2480828
edge-1482858541-9507520707-13362986046,1482858541,node-9507520707,node-13362986046,Anna Salai (Mount Road),primary,15.05,3,yes,2,13.0454038,80.2480828,13.0455369,80.248108
edge-1482858542-258056332-13597878623,1482858542,node-258056332,node-13597878623,Anna Salai (Mount Road),primary,233.85,3,yes,9,13.0476435,80.2490346,13.0457116,80.2483182
edge-1482858543-13597878623-1702257693,1482858543,node-13597878623,node-1702257693,Anna Salai (Mount Road),primary,34.38,3,yes,2,13.0457116,80.2483182,13.0454066,80.2482664
edge-1482858544-13362986046-12443777717,1482858544,node-13362986046,node-12443777717,Anna Salai (Mount Road),primary,14.35,3,yes,2,13.0455369,80.248108,13.0456638,80.2481321
edge-1483749571-6445243566-1197556521,1483749571,node-6445243566,node-1197556521,Inner Ring Road (Southern Sector),primary,80.79,,yes,3,12.9913513,80.1944251,12.9909341,80.1950354
edge-1486824975-10282022435-13629487890,1486824975,node-10282022435,node-13629487890,Dr. Muthulakshmi Road,secondary,330.05,,yes,11,12.9876994,80.2557785,12.9906549,80.255974
edge-1486824976-13629487891-13095868098,1486824976,node-13629487891,node-13095868098,Dr. Muthulakshmi Road,secondary,303.3,,yes,8,12.9906555,80.2560604,12.9879372,80.255916
edge-1486824977-2587530829-13629487891,1486824977,node-2587530829,node-13629487891,Dr. Muthulakshmi Road,secondary,12.66,,yes,2,12.9907693,80.2560579,12.9906555,80.2560604
edge-1486824978-13629487890-257430077,1486824978,node-13629487890,node-257430077,Dr. Muthulakshmi Road,secondary,12.3,,yes,2,12.9906549,80.255974,12.9907655,80.2559738
edge-1486824979-13875637492-2587530829,1486824979,node-13875637492,node-2587530829,Dr. Muthulakshmi Road,secondary,7.7,,yes,2,12.9908385,80.2560589,12.9907693,80.2560579
edge-1492102073-762590214-2197496792,1492102073,node-762590214,node-2197496792,Uttamar Gandhi Salai (Nungambakkam High Road),primary,90.48,,yes,5,13.0545109,80.2497461,13.0537989,80.2501505
edge-1492102074-309213706-12011988225,1492102074,node-309213706,node-12011988225,Uttamar Gandhi Salai (Nungambakkam High Road),primary,7.34,,yes,2,13.0561459,80.2489344,13.0560847,80.2489598
edge-1493390250-254142567-289176732,1493390250,node-254142567,node-289176732,Cemetry Road,secondary,302.97,,no,13,13.1100152,80.2829749,13.1093049,80.2856751
edge-1493390251-289176732-254142581,1493390251,node-289176732,node-254142581,ALAGAMMAL STREET,secondary,263.76,,no,7,13.1093049,80.2856751,13.1086482,80.2880136
edge-1493400662-13912350004-254142567,1493400662,node-13912350004,node-254142567,West Cemetry Road,secondary,103.77,,no,2,13.1102765,80.282055,13.1100152,80.2829749
edge-1493400663-254142520-289157029,1493400663,node-254142520,node-289157029,Cemetry Road,secondary,47.82,,no,2,13.110474,80.2812486,13.110379,80.2816793
edge-1497262731-258918513-258916741,1497262731,node-258918513,node-258916741,Broadway Road,secondary,135.4,,no,5,13.0950379,80.2862789,13.0962443,80.2864484
edge-1497262732-9873579931-258918513,1497262732,node-9873579931,node-258918513,Broadway Road,secondary,114.82,,no,3,13.0940111,80.286167,13.0950379,80.2862789
edge-1499518987-13731605567-13731605568,1499518987,node-13731605567,node-13731605568,Unnamed Road,primary_link,14.99,,yes,3,12.9555799,80.2430764,12.9555311,80.2432053
edge-1499582078-248467985-248468311,1499582078,node-248467985,node-248468311,Arunachalam Street,secondary,64.66,,no,3,13.0750155,80.2712845,13.0748757,80.2718636
edge-1500133850-11050411640-13736573066,1500133850,node-11050411640,node-13736573066,Unnamed Road,primary_link,5.05,,no,2,13.0371448,80.1585529,13.037104,80.1585734
edge-1500159947-392629645-13736857221,1500159947,node-392629645,node-13736857221,Unnamed Road,primary_link,8.95,,no,2,13.0419152,80.1763095,13.0418355,80.1763209
edge-1500175289-5458026863-13736954306,1500175289,node-5458026863,node-13736954306,Unnamed Road,primary_link,56.52,2,yes,7,12.9010151,80.2277212,12.9014404,80.2279132
edge-1500178718-13736980860-13736980861,1500178718,node-13736980860,node-13736980861,Unnamed Road,primary_link,9.96,,no,2,12.9336908,80.2326719,12.933665,80.2327599
edge-1500199012-13737084650-13737084641,1500199012,node-13737084650,node-13737084641,New Avadi Road,secondary,71.33,,yes,3,13.0836777,80.2338476,13.0842894,80.2340184
edge-1500199013-13737084636-9582813962,1500199013,node-13737084636,node-9582813962,New Avadi Road,secondary,77.94,,no,5,13.0857175,80.2343577,13.0863978,80.2345266
edge-1500199014-13737084636-257937604,1500199014,node-13737084636,node-257937604,New Avadi Road,secondary,93.52,,yes,4,13.0857175,80.2343577,13.0849008,80.2341837
edge-1500199015-13737084641-257937604,1500199015,node-13737084641,node-257937604,New Avadi Road,secondary,70.69,,no,4,13.0842894,80.2340184,13.0849008,80.2341837
edge-1500199016-13737084641-13737084652,1500199016,node-13737084641,node-13737084652,New Avadi Road,secondary,70.28,,yes,3,13.0842894,80.2340184,13.0836726,80.2338943
edge-1500199017-13737084656-5455846937,1500199017,node-13737084656,node-5455846937,Unnamed Road,secondary_link,25.59,,yes,6,13.083525,80.2336745,13.0833882,80.2338602
edge-1500200433-5456056205-13737048894,1500200433,node-5456056205,node-13737048894,Taramani Link Road,primary,4.67,2,yes,3,12.9783943,80.2250841,12.9784157,80.2251212
edge-1500200434-13737048894-12156990400,1500200434,node-13737048894,node-12156990400,Taramani Link Road,primary,11.43,2,yes,2,12.9784157,80.2251212,12.9784681,80.225212
edge-1500200435-1457503511-13737048895,1500200435,node-1457503511,node-13737048895,Taramani Link Road,primary,10.53,2,yes,2,12.9783717,80.2252635,12.978324,80.2251796
edge-1501300742-13744520810-13744520811,1501300742,node-13744520810,node-13744520811,Unnamed Road,primary_link,12.19,,no,2,13.0321413,80.2107261,13.0320337,80.2107047
edge-1501367593-13744957882-2271478714,1501367593,node-13744957882,node-2271478714,Wall Tax Road,trunk,6.25,,yes,2,13.1038387,80.2735046,13.1038925,80.2734878
edge-1501367594-10130204526-13744957883,1501367594,node-10130204526,node-13744957883,Unnamed Road,secondary,6.46,,yes,2,13.1039745,80.2734728,13.1040314,80.2734606
edge-1501658636-402518214-13747563554,1501658636,node-402518214,node-13747563554,Chennai - Tiruttani - Renigunta Road,primary,179.93,2,yes,10,13.1195666,80.1499281,13.117975,80.1496383
edge-1501658637-13747563554-7805837579,1501658637,node-13747563554,node-7805837579,Chennai - Tiruttani - Renigunta Road,primary,7.26,2,yes,2,13.117975,80.1496383,13.1179116,80.1496224
edge-1501658640-7805837579-12625490215,1501658640,node-7805837579,node-12625490215,Chennai - Tiruttani - Renigunta Road,primary,5.33,2,yes,2,13.1179116,80.1496224,13.1178648,80.1496119
edge-1501658641-276744464-7805837579,1501658641,node-276744464,node-7805837579,Chozhambedu Main Road,secondary,7.17,,yes,2,13.1179476,80.1495675,13.1179116,80.1496224
edge-1501658642-276744464-1391029175,1501658642,node-276744464,node-1391029175,Chennai - Tiruttani - Renigunta Road,primary,603.62,2,yes,21,13.1179476,80.1495675,13.1222192,80.1472379
edge-1501658643-13747563555-11044623282,1501658643,node-13747563555,node-11044623282,Chozhambedu Main Road,secondary,58.3,,yes,3,13.1179339,80.1494891,13.1181512,80.149
edge-1501658644-12625490214-276744464,1501658644,node-12625490214,node-276744464,Chennai - Tiruttani - Renigunta Road,primary,5.82,2,yes,2,13.1178971,80.1495534,13.1179476,80.1495675
edge-1501658645-12625490214-13747563555,1501658645,node-12625490214,node-13747563555,Chozhambedu Main Road,secondary,8.08,,yes,2,13.1178971,80.1495534,13.1179339,80.1494891
edge-1501672941-13747689466-13747689467,1501672941,node-13747689466,node-13747689467,Unnamed Road,primary_link,5.38,,no,2,12.9015011,80.2200193,12.901453,80.2200137
edge-1501687179-10747978423-13747795038,1501687179,node-10747978423,node-13747795038,Unnamed Road,secondary_link,26.34,,yes,2,13.0391761,80.2343486,13.0394081,80.2342995
edge-1501754976-13748070182-7112119839,1501754976,node-13748070182,node-7112119839,Anna Salai (Mount Road),primary,7.22,3,yes,2,13.0604638,80.2609436,13.0605034,80.2609964
edge-1501754977-13748070183-13285098860,1501754977,node-13748070183,node-13285098860,Anna Salai (Mount Road),primary,15.48,3,yes,2,13.0603598,80.2610085,13.0602702,80.2608991
edge-1501754978-7112119839-5460685934,1501754978,node-7112119839,node-5460685934,Anna Salai (Mount Road),primary,69.38,3,yes,4,13.0605034,80.2609964,13.0609092,80.2614829
edge-1501754979-264481342-13748070182,1501754979,node-264481342,node-13748070182,Anna Salai (Mount Road),primary,7.66,3,yes,2,13.0604208,80.2608883,13.0604638,80.2609436
edge-1501754980-12479783115-13748070183,1501754980,node-12479783115,node-13748070183,Anna Salai (Mount Road),primary,8.8,3,yes,3,13.0604095,80.2610717,13.0603598,80.2610085
edge-1501754981-13285098860-6277932785,1501754981,node-13285098860,node-6277932785,Anna Salai (Mount Road),primary,67.78,3,yes,2,13.0602702,80.2608991,13.0598792,80.260419
edge-1501754982-12656887188-12479783115,1501754982,node-12656887188,node-12479783115,Anna Salai (Mount Road),primary,24.33,3,yes,2,13.0605507,80.2612433,13.0604095,80.2610717
edge-1501772674-13748472411-249497710,1501772674,node-13748472411,node-249497710,Unnamed Road,secondary,14.96,,yes,2,13.0074287,80.2596378,13.0073297,80.2597313
edge-1501772675-249497710-13748472412,1501772675,node-249497710,node-13748472412,Unnamed Road,secondary,18.16,,yes,2,13.0073297,80.2597313,13.0073368,80.2595638
edge-1501772676-249497706-249497694,1501772676,node-249497706,node-249497694,Unnamed Road,secondary,38.51,,yes,2,13.0073404,80.2594785,13.0073191,80.2591237
edge-1501772677-313775250-10281695793,1501772677,node-313775250,node-10281695793,Besant Avenue Road,secondary,983.86,,no,12,13.0073837,80.2613293,13.0068053,80.2701478
edge-1502373139-2272265088-7156115781,1502373139,node-2272265088,node-7156115781,Paper Mills Road,secondary,219.31,2,no,7,13.1177881,80.228313,13.1184059,80.2263898
edge-1502373140-276517796-14121773325,1502373140,node-276517796,node-14121773325,Paper Mills Road,secondary,33.91,2,no,2,13.1185313,80.2259994,13.1187568,80.2257886
edge-1502782201-13754470072-248468887,1502782201,node-13754470072,node-248468887,Montieth Road,secondary,24.72,,yes,2,13.0665442,80.2601924,13.0665507,80.2604205
edge-1502782202-13754470071-11617814534,1502782202,node-13754470071,node-11617814534,Montieth Road,secondary,9.68,,yes,2,13.0664453,80.2603994,13.0664831,80.2603189
edge-1502831030-2188511111-1183471376,1502831030,node-2188511111,node-1183471376,RK Mutt Road,secondary,116.97,,yes,4,13.0346403,80.2680223,13.0356621,80.2678167
edge-1503288583-13758088549-1454664553,1503288583,node-13758088549,node-1454664553,Taramani Link Road,primary,7.83,,yes,2,12.9812969,80.2433569,12.9813002,80.2432847
edge-1503288584-246866969-13758088549,1503288584,node-246866969,node-13758088549,Taramani Link Road,primary,8.49,,yes,2,12.9812939,80.2434352,12.9812969,80.2433569
edge-1503288585-338470506-1183430825,1503288585,node-338470506,node-1183430825,Taramani Link Road,primary,971.1,,yes,25,12.981396,80.2434367,12.980078,80.2522717
edge-1503293910-2197121355-3236857144,1503293910,node-2197121355,node-3236857144,Thiruvika Salai,secondary,16.84,,yes,2,13.0426605,80.2679907,13.0427836,80.2679002
edge-1504306616-7723151032-13765800353,1504306616,node-7723151032,node-13765800353,Grand Northern Trunk Road (Old NH5),primary,16.65,,no,2,13.1964549,80.1811396,13.1963532,80.1812525
edge-1504306617-7805429422-13765800354,1504306617,node-7805429422,node-13765800354,Grand Northern Trunk Road (Old NH5),primary,25.42,,yes,3,13.1967233,80.1813177,13.1965551,80.1811692
edge-1504446555-13766718521-247677098,1504446555,node-13766718521,node-247677098,Cenotaph Road,secondary,15.85,,yes,4,13.0318931,80.245866,13.0317509,80.245856
edge-1504908021-6776243014-13769745810,1504908021,node-6776243014,node-13769745810,Unnamed Road,primary_link,10.64,,no,2,13.1075582,80.1523468,13.1075572,80.1522486
edge-1504908530-276612244-6801311086,1504908530,node-276612244,node-6801311086,Chennai - Tiruttani - Renigunta Road,primary,114.22,2,yes,4,13.1076305,80.1522447,13.1086569,80.1522206
edge-1504908531-13769745810-276612244,1504908531,node-13769745810,node-276612244,Chennai - Tiruttani - Renigunta Road,primary,8.16,2,yes,2,13.1075572,80.1522486,13.1076305,80.1522447
edge-1504908532-6776243042-13769751618,1504908532,node-6776243042,node-13769751618,Chennai - Tiruttani - Renigunta Road,primary,115.77,2,yes,4,13.1086616,80.1522837,13.1076225,80.1523402
edge-1504908533-13769751618-6776243014,1504908533,node-13769751618,node-6776243014,Chennai - Tiruttani - Renigunta Road,primary,7.19,2,yes,2,13.1076225,80.1523402,13.1075582,80.1523468
edge-1505477367-247436729-1184256914,1505477367,node-247436729,node-1184256914,Cochrane Basin Road,secondary,406.94,,no,12,13.106873,80.2722963,13.1102099,80.273716
edge-1505714404-268789820-13774656784,1505714404,node-268789820,node-13774656784,Sardar Patel Road,primary,12.74,2,yes,2,13.0067658,80.2403023,13.0067862,80.2401866
edge-1505714405-2212827520-378011612,1505714405,node-2212827520,node-378011612,Gandhi Mandapam Road,secondary,1964.57,2,yes,33,13.0069328,80.240213,13.0242205,80.2430679
edge-1505714406-671200715-257532684,1505714406,node-671200715,node-257532684,Sardar Patel Road,primary,242.29,2,yes,8,13.0068528,80.2406323,13.0067102,80.2428614
edge-1505714407-671200714-268789820,1505714407,node-671200714,node-268789820,Sardar Patel Road,primary,34.4,2,yes,2,13.0067165,80.2406158,13.0067658,80.2403023
edge-1508698655-6768423145-1184362267,1508698655,node-6768423145,node-1184362267,Manali High Road,primary,21.72,,yes,2,13.17518,80.2912333,13.1751773,80.2910327
edge-1508902663-10010399219-13794389907,1508902663,node-10010399219,node-13794389907,Inner Ring Road,primary,16.32,,yes,2,13.0320337,80.2117894,13.0318881,80.2117701
edge-1508902664-13794389905-30267994,1508902664,node-13794389905,node-30267994,Inner Ring Road,primary,15.77,,yes,2,13.0320443,80.2116767,13.0319035,80.2116595
edge-1508902665-13794389907-30267994,1508902665,node-13794389907,node-30267994,11th Avenue,primary,12.1,,yes,2,13.0318881,80.2117701,13.0319035,80.2116595
edge-1509464158-8429442658-13798330021,1509464158,node-8429442658,node-13798330021,Unnamed Road,secondary_link,16.41,,no,2,13.1316789,80.2920378,13.1317367,80.2918984
edge-1510191814-1557484911-1937587131,1510191814,node-1557484911,node-1937587131,Major Mukund Varadharajan Salai,primary,193.1,2,yes,4,12.9226214,80.1456874,12.9226552,80.1474688
edge-1510191816-11778077582-310379049,1510191816,node-11778077582,node-310379049,Major Mukund Varadharajan Salai,primary,459.66,2,yes,9,12.922686,80.1517096,12.9225555,80.1474711
edge-1510191817-310379049-13805464014,1510191817,node-310379049,node-13805464014,Major Mukund Varadharajan Salai,primary,18.53,2,yes,2,12.9225555,80.1474711,12.9225494,80.1473002
edge-1510226351-7111624904-12696823689,1510226351,node-7111624904,node-12696823689,Mount - Poonamallee - Avadi Road,primary,17.5,,yes,4,13.0244316,80.1774585,13.0245148,80.1773214
edge-1510250990-7027600757-7803206472,1510250990,node-7027600757,node-7803206472,Chennai - Tiruttani - Renigunta Road,primary,262.29,2,yes,8,13.0989682,80.1731127,13.0981864,80.1753843
edge-1510438432-13298854275-254497368,1510438432,node-13298854275,node-254497368,Perambur Barracks Salai,secondary,81.07,2,no,3,13.0897674,80.2586153,13.0904955,80.2586533
edge-1510438433-13807668473-13298854275,1510438433,node-13807668473,node-13298854275,Perambur Barracks Salai,secondary,39.11,2,no,2,13.0894158,80.2586066,13.0897674,80.2586153
edge-1510467961-9682211479-243048122,1510467961,node-9682211479,node-243048122,TTK Road,secondary,76.97,,yes,2,13.0389122,80.2572202,13.0394757,80.2576329
edge-1511952509-13817263868-13817263867,1511952509,node-13817263868,node-13817263867,Unnamed Road,primary_link,20.96,,yes,2,12.9754149,80.2509654,12.9754614,80.2507779
edge-1512330256-9531343917-6926845391,1512330256,node-9531343917,node-6926845391,Sir Thyagaraya Road,secondary,17.38,,yes,2,13.0390833,80.2469712,13.0391271,80.2468172
edge-1512330257-1701428425-303008065,1512330257,node-1701428425,node-303008065,Sir Thyagaraya Road,secondary,18.42,3,yes,2,13.0392158,80.2468293,13.0391772,80.2469947
edge-1512387071-10175133037-10175133038,1512387071,node-10175133037,node-10175133038,Unnamed Road,secondary,249.6,,yes,3,13.0442281,80.2093191,13.0443253,80.2116208
edge-1512516534-13820895949-13820895950,1512516534,node-13820895949,node-13820895950,Unnamed Road,primary_link,13.38,,yes,2,13.0607992,80.2472329,13.0607803,80.2473549
edge-1512540397-310728519-11925469155,1512540397,node-310728519,node-11925469155,Kamarajar Salai,primary,11.43,,yes,2,13.0394282,80.2789969,13.0393304,80.2789643
edge-1512991990-10130204527-13824289230,1512991990,node-10130204527,node-13824289230,Unnamed Road,primary,5.32,,yes,2,13.1039871,80.2735373,13.1039949,80.2735858
edge-1513892417-13830105778-13830105779,1513892417,node-13830105778,node-13830105779,Unnamed Road,primary_link,7.97,,no,2,12.8954178,80.2470169,12.895432,80.2469448
edge-1513901023-259703176-13830220948,1513901023,node-259703176,node-13830220948,Royapettah Flyover,secondary,10.99,,no,2,13.0536332,80.266612,13.0536439,80.2665111
edge-1513901024-2217293898-243066053,1513901024,node-2217293898,node-243066053,Peters Road,secondary,214.91,,no,11,13.0536131,80.2669336,13.0534451,80.2689097
edge-1513901025-259509856-2481982240,1513901025,node-259509856,node-2481982240,Peters Road,secondary,12.53,,yes,2,13.0537158,80.2663962,13.0537036,80.2665112
edge-1515577178-30037866-3388925676,1515577178,node-30037866,node-3388925676,Velachery Road,secondary,30.67,,yes,2,13.0154974,80.2253737,13.0157592,80.2252845
edge-1516182139-364638860-364552454,1516182139,node-364638860,node-364552454,Inner Ring Road,primary,17.89,,yes,2,13.0287936,80.2087203,13.0286417,80.2086659
edge-1516182140-364622253-364638860,1516182140,node-364622253,node-364638860,Inner Ring Road,primary,26.27,,yes,2,13.0290206,80.2087875,13.0287936,80.2087203
edge-1516890248-1895993286-1895990460,1516890248,node-1895993286,node-1895990460,Mount - Medavakkam Road,primary,46.87,2,yes,2,12.9505984,80.1857245,12.9510009,80.1858528
edge-1516890249-1895990460-1949533880,1516890249,node-1895990460,node-1949533880,Mount - Medavakkam Road,primary,27.71,2,yes,2,12.9510009,80.1858528,12.9512426,80.185915
edge-1516890250-303450960-1184390583,1516890250,node-303450960,node-1184390583,Mount - Medavakkam Road,primary,76.61,2,yes,2,12.9512158,80.1860439,12.950569,80.1858005
edge-1516890251-11794897338-9412787720,1516890251,node-11794897338,node-9412787720,Mount - Medavakkam Road,primary,523.46,2,yes,12,12.9513399,80.1859461,12.955952,80.1868305
edge-1516895596-13848302868-13848302869,1516895596,node-13848302868,node-13848302869,Unnamed Road,primary_link,18.04,,no,2,13.1942564,80.1717436,13.1944126,80.1717886
edge-1516990912-1971877227-13848969412,1516990912,node-1971877227,node-13848969412,Sardar Patel Road,primary,186.91,2,yes,6,13.0074713,80.2368543,13.0077925,80.2351611
edge-1516990913-13848969412-13067792373,1516990913,node-13848969412,node-13067792373,Sardar Patel Road,primary,11.42,2,yes,2,13.0077925,80.2351611,13.0078132,80.2350579
edge-1516990914-335996900-268790432,1516990914,node-335996900,node-268790432,Sardar Patel Road,primary,312.0,2,yes,2,13.0078947,80.2351836,13.0073267,80.2380038
edge-1516990915-13067792374-335996900,1516990915,node-13067792374,node-335996900,Sardar Patel Road,primary,11.24,2,yes,2,13.0079159,80.2350822,13.0078947,80.2351836
edge-1517302767-7027600751-13851140813,1517302767,node-7027600751,node-13851140813,Unnamed Road,primary_link,9.28,,no,2,13.0987289,80.1736151,13.0986513,80.1735836
edge-1517309664-290017687-2167156219,1517309664,node-290017687,node-2167156219,MKB Nagar Central Avenue,secondary,263.54,,no,5,13.1228371,80.2658525,13.1228988,80.2634212
edge-1517309665-2167156219-290018216,1517309665,node-2167156219,node-290018216,MKB Nagar Central Avenue,secondary,62.97,,no,2,13.1228988,80.2634212,13.1229022,80.2628397
edge-1517415017-13852031569-13852031570,1517415017,node-13852031569,node-13852031570,Unnamed Road,primary_link,10.2,,no,2,13.1000152,80.1678015,13.1001068,80.1678058
edge-1517503896-1241194854-13852517848,1517503896,node-1241194854,node-13852517848,Rajiv Gandhi IT Expressway,primary,267.02,4,yes,2,12.9919704,80.2503136,12.9943,80.2497156
edge-1517503897-13852517848-5562486549,1517503897,node-13852517848,node-5562486549,Rajiv Gandhi IT Expressway,primary,11.8,4,yes,2,12.9943,80.2497156,12.994403,80.2496895
edge-1517503898-13852517849-5562486548,1517503898,node-13852517849,node-5562486548,Rajiv Gandhi IT Expressway,primary,11.05,4,yes,2,12.9943257,80.2497996,12.9942293,80.2498244
edge-1517503899-11768869712-13852517849,1517503899,node-11768869712,node-13852517849,Rajiv Gandhi IT Expressway,primary,11.05,4,yes,2,12.9944221,80.2497747,12.9943257,80.2497996
edge-1517503900-5562486548-11465923795,1517503900,node-5562486548,node-11465923795,Rajiv Gandhi IT Expressway,primary,262.91,4,yes,2,12.9942293,80.2498244,12.9919348,80.25041
edge-1518065440-13856045903-321203205,1518065440,node-13856045903,node-321203205,Manali High Road,primary,70.27,,yes,2,13.186022,80.3076742,13.1858988,80.3083108
edge-1518065441-321203235-13856045904,1518065441,node-321203235,node-13856045904,Manali High Road,primary,64.13,,yes,2,13.1858416,80.3082505,13.1859473,80.3076682
edge-1518065442-13856045901-13856045903,1518065442,node-13856045901,node-13856045903,Manali High Road,primary,39.57,,yes,2,13.1860914,80.3073157,13.186022,80.3076742
edge-1518065443-13856045904-13856045902,1518065443,node-13856045904,node-13856045902,Manali High Road,primary,39.57,,yes,2,13.1859473,80.3076682,13.1860126,80.3073089
edge-1518176797-11690678213-12222357775,1518176797,node-11690678213,node-12222357775,Konnur High Road,primary,22.9,2,yes,2,13.0986214,80.2333967,13.0986731,80.233192
edge-1518176798-12222357775-2174513849,1518176798,node-12222357775,node-2174513849,Konnur High Road,primary,21.13,,yes,2,13.0986731,80.233192,13.0986878,80.2333865
edge-1518562002-6245876600-13964585594,1518562002,node-6245876600,node-13964585594,Medavakkam - Mambakkam - Sembakkam Road,primary,365.65,2,yes,14,12.9099073,80.1914844,12.9131496,80.1919641
edge-1518562003-13964585595-11409395751,1518562003,node-13964585595,node-11409395751,Medavakkam - Mambakkam - Sembakkam Road,primary,331.92,2,yes,10,12.9131465,80.1920319,12.9101825,80.1916727
edge-1518562004-13859512766-6245876600,1518562004,node-13859512766,node-6245876600,Medavakkam - Mambakkam - Sembakkam Road,primary,6.87,2,yes,2,12.9098576,80.1914467,12.9099073,80.1914844
edge-1518562005-2049352384-13859512767,1518562005,node-2049352384,node-13859512767,Medavakkam - Mambakkam - Sembakkam Road,primary,6.19,2,yes,2,12.9098656,80.1915449,12.9098216,80.1915099
edge-1518562006-11057951028-2049352384,1518562006,node-11057951028,node-2049352384,Medavakkam - Mambakkam - Sembakkam Road,primary,18.63,2,yes,3,12.9100078,80.1916349,12.9098656,80.1915449
edge-1518562007-11409395751-11057951028,1518562007,node-11409395751,node-11057951028,Medavakkam - Mambakkam - Sembakkam Road,primary,19.87,2,yes,4,12.9101825,80.1916727,12.9100078,80.1916349
edge-1518591730-250364070-1702258067,1518591730,node-250364070,node-1702258067,Bazullah Road,secondary,131.06,,no,4,13.0465404,80.2382514,13.0462809,80.2394311
edge-1518591732-13859715517-13904058570,1518591732,node-13859715517,node-13904058570,Bazullah Road,secondary,57.23,,no,2,13.0466551,80.2377153,13.0465447,80.2382313
edge-1520299886-1183216639-7045917741,1520299886,node-1183216639,node-7045917741,Pattaravakkam Bridge,trunk,78.13,3,yes,2,13.1150836,80.164004,13.1157827,80.1640766
edge-1520299887-294001197-402304003,1520299887,node-294001197,node-402304003,Pattaravakkam Bridge,trunk,134.9,3,yes,2,13.1151084,80.1642399,13.1139005,80.1641242
edge-1520299889-6490354831-11032126775,1520299889,node-6490354831,node-11032126775,Chennai Bypass,trunk,213.03,3,yes,2,13.1478353,80.2061414,13.1471711,80.204296
edge-1521202255-11806699376-259703179,1521202255,node-11806699376,node-259703179,Peters Road,secondary,124.59,,yes,7,13.0542582,80.2604331,13.054152,80.2615778
edge-1521202256-259509976-12155244487,1521202256,node-259509976,node-12155244487,Peters Road,secondary,29.99,,yes,3,13.0543165,80.2600576,13.054263,80.2603221
edge-1521242521-13875638871-13875638872,1521242521,node-13875638871,node-13875638872,Unnamed Road,primary_link,5.43,,no,2,13.1578282,80.1967048,13.1578446,80.1966576
edge-1521247155-257430077-13875637491,1521247155,node-257430077,node-13875637491,Dr. Muthulakshmi Road,secondary,8.22,,yes,2,12.9907655,80.2559738,12.9908394,80.2559744
edge-1521247156-12418878941-13875637492,1521247156,node-12418878941,node-13875637492,Dr. Muthulakshmi Road,secondary,6.71,,yes,2,12.9908988,80.2560597,12.9908385,80.2560589
edge-1522203183-248467498-11038592902,1522203183,node-248467498,node-11038592902,Ethiraj Salai,secondary,135.9,,no,5,13.0662092,80.2560783,13.0670465,80.2551643
edge-1522203184-10696409421-319472480,1522203184,node-10696409421,node-319472480,Unnamed Road,secondary,78.9,,yes,4,13.067585,80.2549565,13.0681217,80.255433
edge-1522203185-13880733751-248468931,1522203185,node-13880733751,node-248468931,Pantheon Road,secondary,8.42,,yes,2,13.0680858,80.2554712,13.0680302,80.2554184
edge-1522203186-10945638487-13880733753,1522203186,node-10945638487,node-13880733753,Pantheon Road,secondary,357.0,,yes,13,13.0731602,80.2608651,13.070985,80.2584476
edge-1522203187-13880733735-13880733754,1522203187,node-13880733735,node-13880733754,Pantheon Road,secondary,49.99,,yes,2,13.070701,80.2580951,13.0710218,80.2584185
edge-1522203188-11495672597-2197639805,1522203188,node-11495672597,node-2197639805,Police Commissioner Office Road,secondary,19.31,2,yes,4,13.073422,80.2606672,13.0733602,80.2608338
edge-1522451950-12480043209-248467808,1522451950,node-12480043209,node-248467808,Unnamed Road,secondary,4.51,,no,2,13.0739971,80.2525416,13.0739651,80.252516
edge-1522451951-4462321220-4462321221,1522451951,node-4462321220,node-4462321221,Gengu Reddy Road,secondary,21.23,,yes,2,13.0738837,80.2524185,13.0740496,80.2523215
edge-1523442938-7156115781-276517796,1523442938,node-7156115781,node-276517796,Paper Mills Road,secondary,44.52,2,no,2,13.1184059,80.2263898,13.1185313,80.2259994
edge-1524306985-13893425322-10697629276,1524306985,node-13893425322,node-10697629276,Doraiswamy Road,secondary,87.85,,yes,6,13.0407702,80.2311281,13.0407248,80.2318586
edge-1524306986-2167071723-13893425323,1524306986,node-2167071723,node-13893425323,Doraiswamy Road,secondary,69.84,,yes,4,13.0405662,80.2317393,13.0407192,80.231114
edge-1524306987-13893425323-250363934,1524306987,node-13893425323,node-250363934,Doraiswamy Road,secondary,8.52,,yes,2,13.0407192,80.231114,13.0407379,80.2310377
edge-1524306989-2197415649-13893425322,1524306989,node-2197415649,node-13893425322,Doraiswamy Road,secondary,8.72,,yes,2,13.0407899,80.2310502,13.0407702,80.2311281
edge-1525067669-13900727198-309213773,1525067669,node-13900727198,node-309213773,Uttamar Gandhi Salai (Nungambakkam High Road),primary,11.07,,yes,3,13.0536419,80.2502416,13.0537205,80.2501813
edge-1525067670-2197496792-13900727199,1525067670,node-2197496792,node-13900727199,Doctor M.G.R. Salai,primary,15.75,,yes,2,13.0537989,80.2501505,13.0537671,80.2500088
edge-1525187280-7822169828-7822169831,1525187280,node-7822169828,node-7822169831,Kaliamman Koil Street,secondary,184.86,,yes,5,13.0623084,80.1968465,13.0608463,80.1960366
edge-1525378801-342746968-13377511434,1525378801,node-342746968,node-13377511434,Arcot Road,primary,422.55,,yes,10,13.0448484,80.1860022,13.0432213,80.1824783
edge-1525378802-342750734-13903524802,1525378802,node-342750734,node-13903524802,Arcot Road,primary,23.39,,yes,2,13.0430874,80.1822562,13.042937,80.1821052
edge-1525378803-13377511434-342750734,1525378803,node-13377511434,node-342750734,Arcot Road,primary,28.34,,yes,4,13.0432213,80.1824783,13.0430874,80.1822562
edge-1525378804-247684078-247684076,1525378804,node-247684078,node-247684076,Arcot Road,primary,450.48,1,yes,16,13.0431913,80.1822437,13.0449255,80.1859977
edge-1525395556-11363847025-254491191,1525395556,node-11363847025,node-254491191,Perambur Barracks Salai,secondary,44.84,2,no,3,13.0930745,80.258845,13.0934773,80.2588649
edge-1525443677-13904058570-250364070,1525443677,node-13904058570,node-250364070,Bazullah Road,secondary,2.23,,no,2,13.0465447,80.2382313,13.0465404,80.2382514
edge-1525446486-7810029061-9883140247,1525446486,node-7810029061,node-9883140247,Paper Mills Road,secondary,11.56,1,yes,2,13.1291921,80.2153112,13.1291064,80.2153716
edge-1525446487-9883140247-9883140248,1525446487,node-9883140247,node-9883140248,Paper mills road,secondary,15.26,1,yes,2,13.1291064,80.2153716,13.1291453,80.2152365
edge-1525473580-13904341366-13904341350,1525473580,node-13904341366,node-13904341350,Sir Thyagaraya Road,secondary,14.65,3,yes,6,13.0399265,80.2438856,13.0400245,80.2438348
edge-1525473581-13904341357-13904341354,1525473581,node-13904341357,node-13904341354,Sir Thyagaraya Road,secondary,13.05,3,yes,7,13.0399415,80.2439272,13.0400418,80.2439241
edge-1525473582-13904341350-13904341354,1525473582,node-13904341350,node-13904341354,Sir Thyagaraya Road,secondary,10.83,3,yes,4,13.0400245,80.2438348,13.0400418,80.2439241
edge-1525473583-13904341357-13904341366,1525473583,node-13904341357,node-13904341366,Sir Thyagaraya Road,secondary,4.93,3,yes,4,13.0399415,80.2439272,13.0399265,80.2438856
edge-1525826444-245579177-2197415692,1525826444,node-245579177,node-2197415692,Bazullah Road,secondary,9.94,,yes,2,13.0474136,80.2330821,13.0474226,80.2329908
edge-1525826445-13907501729-245579177,1525826445,node-13907501729,node-245579177,Bazullah Road,secondary,29.62,,yes,3,13.0474066,80.23335,13.0474136,80.2330821
edge-1525826446-13907501734-13907501729,1525826446,node-13907501734,node-13907501729,Bazullah Road,secondary,38.78,,yes,5,13.0474767,80.2330031,13.0474066,80.23335
edge-1526047453-13909217175-391813202,1526047453,node-13909217175,node-391813202,Thirumangalam – Mogappair Road,primary,9.56,2,yes,2,13.0872705,80.1983568,13.0872711,80.1984451
edge-1526068390-12237413214-12419808106,1526068390,node-12237413214,node-12419808106,Anna Arch Road,secondary,12.77,,yes,2,13.0749017,80.217863,13.0750165,80.2178605
edge-1526083812-11066372967-13909459971,1526083812,node-11066372967,node-13909459971,Paper Mills Road,secondary,57.86,2,no,2,13.1188184,80.225731,13.1192032,80.2253713
edge-1526083813-13909459971-293699182,1526083813,node-13909459971,node-293699182,Paper Mills Road,secondary,23.73,2,no,2,13.1192032,80.2253713,13.119361,80.2252238
edge-1526280712-13911105867-13911105869,1526280712,node-13911105867,node-13911105869,Unnamed Road,primary_link,31.02,,no,3,13.006796,80.2580383,13.007054,80.2579295
edge-1526431543-289157029-289156962,1526431543,node-289157029,node-289156962,West Cemetry Road,secondary,26.78,,no,2,13.110379,80.2816793,13.1103155,80.2819178
edge-1526431544-289156962-13912350004,1526431544,node-289156962,node-13912350004,West Cemetry Road,secondary,15.48,,no,2,13.1103155,80.2819178,13.1102765,80.282055
edge-1527470067-13919567055-13919567056,1527470067,node-13919567055,node-13919567056,Unnamed Road,primary_link,11.65,,yes,2,13.0551242,80.2495011,13.05503,80.249454
edge-1527733325-2166748564-276518524,1527733325,node-2166748564,node-276518524,Melpatti Ponappa Street,secondary,269.93,2,no,8,13.1155425,80.2467045,13.1157621,80.2442373
edge-1527733326-13921907580-2166748564,1527733326,node-13921907580,node-2166748564,Melpatti Ponappa Street,secondary,29.9,2,no,2,13.1154901,80.2469753,13.1155425,80.2467045
edge-1527852210-7819929581-11043964126,1527852210,node-7819929581,node-11043964126,Ambattur Estate Road,primary,8.35,,yes,2,13.0891741,80.1613188,13.0891719,80.1613959
edge-1527852211-12741146616-13923057866,1527852211,node-12741146616,node-13923057866,Ambattur Estate Road,primary,8.18,,yes,2,13.0891112,80.1613921,13.0891154,80.1613167
edge-1528039799-13925258534-13925258535,1528039799,node-13925258534,node-13925258535,Unnamed Road,primary_link,17.84,,no,2,13.0332649,80.2434621,13.0331427,80.2435688
edge-1528145554-330413879-11238112987,1528145554,node-330413879,node-11238112987,Racecourse Road,secondary,24.25,1,yes,3,13.0060297,80.2128898,13.0062298,80.2128039
edge-1528382230-13928035101-13928035102,1528382230,node-13928035101,node-13928035102,Unnamed Road,primary_link,12.3,,no,2,12.9078425,80.228355,12.9078237,80.2284668
edge-1528440643-276597122-2272421867,1528440643,node-276597122,node-2272421867,Kolathur Main Road 1,secondary,138.0,2,no,7,13.1168677,80.2110985,13.1156304,80.2111748
edge-1528440644-2272421867-12024762580,1528440644,node-2272421867,node-12024762580,Kolathur Main Road 2,secondary,268.63,2,no,24,13.1156304,80.2111748,13.1135017,80.2120068
edge-1528741754-13930834677-2212827520,1528741754,node-13930834677,node-2212827520,Sardar Patel Road,primary,17.35,2,yes,2,13.0069628,80.2400558,13.0069328,80.240213
edge-1529564745-338282568-251296844,1529564745,node-338282568,node-251296844,Pallavaram - Thoraipakkam Road,primary,41.21,,yes,2,12.948402,80.2101389,12.948437,80.2097603
edge-1530001432-313775128-13944680262,1530001432,node-313775128,node-13944680262,Besant Avenue Road,secondary,149.37,,no,5,13.0072687,80.2598595,13.0073578,80.2611999
edge-1530001433-13944680262-313775250,1530001433,node-13944680262,node-313775250,Besant Avenue Road,secondary,14.31,,no,2,13.0073578,80.2611999,13.0073837,80.2613293
edge-1530014500-13944842896-6497450229,1530014500,node-13944842896,node-6497450229,South Usman Road,secondary,5.97,,yes,2,13.0342064,80.2303792,13.0342592,80.230369
edge-1530014501-2237592529-13944842897,1530014501,node-2237592529,node-13944842897,South Usman Road,secondary,5.54,1,yes,2,13.0342627,80.2304553,13.0342136,80.2304642
edge-1530014502-2237592518-13944842896,1530014502,node-2237592518,node-13944842896,South Usman Road,secondary,3.89,,yes,2,13.0341715,80.2303821,13.0342064,80.2303792
edge-1530502849-13949004855-243064548,1530502849,node-13949004855,node-243064548,RK Mutt Road,secondary,7.22,,no,2,13.0262182,80.2659332,13.0262774,80.2659605
edge-1530502850-9502019375-13949004855,1530502850,node-9502019375,node-13949004855,RK Mutt Road,secondary,27.59,,yes,3,13.0260325,80.2657737,13.0262182,80.2659332
edge-1530507276-13948988357-13948988358,1530507276,node-13948988357,node-13948988358,Unnamed Road,primary_link,17.12,,no,2,13.0476576,80.2030349,13.0478044,80.2029873
edge-1530508238-250364069-13859715517,1530508238,node-250364069,node-13859715517,Bazullah Road,secondary,187.41,,no,3,13.0470044,80.2360228,13.0466551,80.2377153
edge-1530508239-250364713-250364069,1530508239,node-250364713,node-250364069,Bazullah Road,secondary,25.27,,no,2,13.0470465,80.2357936,13.0470044,80.2360228
edge-1531330743-14094418970-310102871,1531330743,node-14094418970,node-310102871,Unnamed Road,primary_link,23.66,2,no,3,13.0054248,80.2471613,13.0054217,80.2473795
edge-1531339918-248700472-248700642,1531339918,node-248700472,node-248700642,Venkatanarayana Road,secondary,113.61,1,yes,2,13.0323428,80.238891,13.0332055,80.2383291
edge-1531339919-248700642-12415866922,1531339919,node-248700642,node-12415866922,Venkatanarayana Road,secondary,32.58,1,yes,2,13.0332055,80.2383291,13.0334551,80.2381716
edge-1531339921-11836494226-2197202941,1531339921,node-11836494226,node-2197202941,Venkatanarayana Road,secondary,25.62,2,yes,2,13.0337157,80.2381456,13.0335189,80.2382686
edge-1531342240-4001265760-4001265356,1531342240,node-4001265760,node-4001265356,Balfour Road,secondary,6.09,,yes,2,13.0855829,80.2452798,13.0855284,80.2452744
edge-1531345979-13957059946-13957059947,1531345979,node-13957059946,node-13957059947,Unnamed Road,trunk_link,9.11,,no,2,13.116813,80.1484971,13.1167553,80.1485568
edge-1531380029-277393171-735219983,1531380029,node-277393171,node-735219983,Unnamed Road,secondary,17.7,,no,2,13.0702507,80.1823567,13.0704038,80.1823119
edge-1531380030-6590298842-7823176154,1531380030,node-6590298842,node-7823176154,Unnamed Road,primary_link,17.47,,no,2,13.0704619,80.1824525,13.0703196,80.1825209
edge-1531841743-6305269182-744509864,1531841743,node-6305269182,node-744509864,Inner Ring Road (Southern Sector),primary,123.29,,yes,3,12.9820441,80.1970397,12.9829362,80.1963649
edge-1531841744-13961499059-6305269182,1531841744,node-13961499059,node-6305269182,Inner Ring Road (Southern Sector),primary,7.77,,yes,2,12.9819906,80.1970859,12.9820441,80.1970397
edge-1531853299-12455694870-30051303,1531853299,node-12455694870,node-30051303,Eldams Road,secondary,15.92,,no,2,13.0387472,80.2517158,13.0387699,80.2515707
edge-1531894738-13961973498-2212827708,1531894738,node-13961973498,node-2212827708,McNichols Road,primary,90.25,,yes,4,13.0725086,80.2410197,13.0732636,80.2407247
edge-1531894739-13961973499-13961973498,1531894739,node-13961973499,node-13961973498,McNichols Road,primary,14.62,,yes,2,13.0723957,80.2410889,13.0725086,80.2410197
edge-1531894740-2212827709-13961973500,1531894740,node-2212827709,node-13961973500,Mc Nichols Road,primary,88.74,,yes,4,13.0732799,80.2407798,13.0725443,80.241085
edge-1531894741-13961973500-13961986501,1531894741,node-13961973500,node-13961986501,Mc Nichols Road,primary,15.42,,yes,2,13.0725443,80.241085,13.0724266,80.2411603
edge-1532168634-13964035293-13964035294,1532168634,node-13964035293,node-13964035294,Unnamed Road,primary_link,5.99,,no,2,13.0425917,80.1816454,13.0426436,80.1816306
edge-1532241305-2049366390-6241056673,1532241305,node-2049366390,node-6241056673,Medavakkam - Mambakkam - Sembakkam Road,primary,269.04,2,yes,12,12.9132376,80.1919738,12.9156464,80.1922005
edge-1532241306-2049355391-6245892269,1532241306,node-2049355391,node-6245892269,Medavakkam - Mambakkam - Sembakkam Road,primary,269.26,2,yes,10,12.9156416,80.192268,12.9132307,80.1920412
edge-1532241307-13964585594-2049366390,1532241307,node-13964585594,node-2049366390,Medavakkam - Mambakkam - Sembakkam Road,primary,9.84,2,yes,2,12.9131496,80.1919641,12.9132376,80.1919738
edge-1532241308-6245892269-13964585595,1532241308,node-6245892269,node-13964585595,Medavakkam - Mambakkam - Sembakkam Road,primary,9.42,2,yes,2,12.9132307,80.1920412,12.9131465,80.1920319
edge-1532245898-7018453427-12121986608,1532245898,node-7018453427,node-12121986608,Unnamed Road,primary,7.48,,yes,2,13.1086054,80.244046,13.1085876,80.2441126
edge-1532245899-12121986608-7043497231,1532245899,node-12121986608,node-7043497231,Perambur High Road,primary,6.85,,yes,2,13.1085876,80.2441126,13.1085509,80.2440618
edge-1532245900-13855405773-2272421653,1532245900,node-13855405773,node-2272421653,Unnamed Road,primary,15.02,,no,2,13.108612,80.2441415,13.1087004,80.2442464
edge-1532256063-13964780341-13921907580,1532256063,node-13964780341,node-13921907580,Melpatti Ponappa Street,secondary,80.88,2,no,3,13.1153482,80.2477078,13.1154901,80.2469753
edge-1532256064-2166748563-13964780341,1532256064,node-2166748563,node-13964780341,Melpatti Ponappa Street,secondary,9.43,2,no,2,13.1153317,80.2477932,13.1153482,80.2477078
edge-1532256065-290017494-2166748563,1532256065,node-290017494,node-2166748563,Melpatti Ponappa Street,secondary,17.61,2,no,2,13.1153008,80.2479527,13.1153317,80.2477932
edge-1532535691-13966900353-13966900344,1532535691,node-13966900353,node-13966900344,SIDCO Industrial Estate South Phase Road,secondary,523.94,,yes,11,13.0136894,80.2042241,13.0149648,80.1995782
edge-1532535692-13966900344-278990058,1532535692,node-13966900344,node-278990058,SIDCO Industrial Estate South Phase Road,secondary,20.37,,no,2,13.0149648,80.1995782,13.0150204,80.199399
edge-1532576389-13780458102-243325380,1532576389,node-13780458102,node-243325380,Ethiraj Salai,secondary,6.17,,no,2,13.0673233,80.2548806,13.0673625,80.2548403
edge-1532576390-11038592902-6598418481,1532576390,node-11038592902,node-6598418481,Ethiraj Salai,secondary,2.57,,no,2,13.0670465,80.2551643,13.0670623,80.255147
edge-1532576391-13880733725-6598418481,1532576391,node-13880733725,node-6598418481,Ethiraj Salai,secondary,31.69,,yes,3,13.0672744,80.2549581,13.0670623,80.255147
edge-1533468491-13974247128-11041935359,1533468491,node-13974247128,node-11041935359,Paper Mills Road,secondary,7.31,,yes,2,13.1116617,80.2387302,13.1116112,80.2387734
edge-1533468492-11041935359-11664523806,1533468492,node-11041935359,node-11664523806,Paper Mills Road,secondary,7.71,,yes,2,13.1116112,80.2387734,13.1116165,80.2387024
edge-1533468493-11801306993-10183032523,1533468493,node-11801306993,node-10183032523,Paper Mills Road,secondary,383.03,,yes,14,13.111648,80.2386461,13.1135215,80.2357006
edge-1533468495-675769133-13974247128,1533468495,node-675769133,node-13974247128,Paper Mills Road,secondary,7.75,,yes,2,13.1116947,80.2386672,13.1116617,80.2387302
edge-1533468496-13974247129-11041935359,1533468496,node-13974247129,node-11041935359,Paper Mills Road,secondary,3.15,,no,2,13.1115959,80.2387979,13.1116112,80.2387734
edge-1533885558-13977541671-13977541672,1533885558,node-13977541671,node-13977541672,Unnamed Road,secondary_link,6.01,,no,2,13.0612849,80.1962996,13.0613091,80.19625
edge-1534173948-13979692458-13979692459,1534173948,node-13979692458,node-13979692459,Unnamed Road,primary_link,9.57,,yes,2,13.1336103,80.1740731,13.1335674,80.1741497
edge-1534522592-13982514550-13982514548,1534522592,node-13982514550,node-13982514548,Unnamed Road,secondary,84.2,,yes,7,13.0764853,80.2338014,13.0757542,80.2339785
edge-1534522593-30037250-13982514550,1534522593,node-30037250,node-13982514550,New Avadi Road,secondary,70.87,,yes,3,13.0758601,80.2338889,13.0764853,80.2338014
edge-1535755427-13991726718-13991726715,1535755427,node-13991726718,node-13991726715,Unnamed Road,secondary,28.93,,yes,4,13.0437789,80.2174356,13.0436174,80.2176383
edge-1535755428-7027588121-13991726713,1535755428,node-7027588121,node-13991726713,2nd Avenue,secondary,15.2,,yes,3,13.0437768,80.2173384,13.0438719,80.2172466
edge-1535755429-13991726715-277434352,1535755429,node-13991726715,node-277434352,Brindavan Street Ext,secondary,28.98,,yes,3,13.0436174,80.2176383,13.0437362,80.2174054
edge-1535755430-13991726717-13991726713,1535755430,node-13991726717,node-13991726713,Unnamed Road,secondary,14.93,,yes,3,13.0438214,80.2173705,13.0438719,80.2172466
edge-1535755431-13991726717-7027588121,1535755431,node-13991726717,node-7027588121,Dr Ambedkar Road,secondary,6.06,,no,2,13.0438214,80.2173705,13.0437768,80.2173384
edge-1535755432-13991726717-13991726718,1535755432,node-13991726717,node-13991726718,Unnamed Road,secondary,8.49,,yes,2,13.0438214,80.2173705,13.0437789,80.2174356
edge-1535755433-13991726718-277434352,1535755433,node-13991726718,node-277434352,4th Avenue,secondary,5.77,,no,2,13.0437789,80.2174356,13.0437362,80.2174054
edge-1535824701-7047990709-257430019,1535824701,node-7047990709,node-257430019,Dr Muthulakshmi Salai,secondary,217.4,,yes,6,12.9993219,80.2560894,13.0012436,80.2564557
edge-1535824702-257430022-6451802676,1535824702,node-257430022,node-6451802676,Dr Muthulakshmi Salai,secondary,91.48,,yes,2,12.9969275,80.2558089,12.9977449,80.2559049
edge-1536173046-2272401244-2272265086,1536173046,node-2272401244,node-2272265086,Paper Mills Road,secondary,16.29,2,no,2,13.1175702,80.2289524,13.1176248,80.2288128
edge-1536173047-9679839182-2272265088,1536173047,node-9679839182,node-2272265088,Paper Mills Road,secondary,14.34,2,no,2,13.1177498,80.2284394,13.1177881,80.228313
edge-1536448843-5733272648-2197415657,1536448843,node-5733272648,node-2197415657,Doraiswamy Road,secondary,10.31,,yes,2,13.0408825,80.2302861,13.0409367,80.2302089
edge-1536448844-2197415657-5733272649,1536448844,node-2197415657,node-5733272649,Doraiswamy Road,secondary,10.01,,yes,2,13.0409367,80.2302089,13.0409604,80.230298
edge-1536457117-13997049715-7808789538,1536457117,node-13997049715,node-7808789538,Unnamed Road,primary_link,6.28,,no,2,13.0444027,80.1850913,13.0444534,80.1850658
edge-1536494160-10607444958-12049066230,1536494160,node-10607444958,node-12049066230,Kamarajar Salai,primary,7.2,,yes,2,13.0374019,80.2783632,13.0373678,80.2783067
edge-1536494161-2215260607-12049066230,1536494161,node-2215260607,node-12049066230,Kamarajar Salai,primary,44.04,,no,3,13.0369939,80.2781726,13.0373678,80.2783067
edge-1536495468-13997368930-13997368930,1536495468,node-13997368930,node-13997368930,Unnamed Road,secondary,48.8,,yes,21,13.036041,80.2043936,13.036041,80.2043936
edge-1536765919-310728681-13999446355,1536765919,node-310728681,node-13999446355,PVK Koil Street,secondary,11.27,,yes,2,13.043454,80.2742963,13.0433637,80.2743435
edge-1536765920-13999446355-247973381,1536765920,node-13999446355,node-247973381,Dr Radhakrishnan Salai,primary,6.79,,yes,2,13.0433637,80.2743435,13.0433746,80.2742818
edge-1536861945-14000192689-964603781,1536861945,node-14000192689,node-964603781,Unnamed Road,primary_link,19.01,,no,2,12.948401,80.2103033,12.948523,80.2101804
edge-1539368639-7822928112-276517798,1539368639,node-7822928112,node-276517798,Paper Mills Road,secondary,204.94,,no,11,13.1147906,80.232874,13.1160817,80.2316871
edge-1539368640-2166981270-7822928112,1539368640,node-2166981270,node-7822928112,Paper Mills Road,secondary,13.09,,no,2,13.1147334,80.2329796,13.1147906,80.232874
edge-1539656538-243048905-248551226,1539656538,node-243048905,node-248551226,Cathedral Road,primary,423.45,,yes,8,13.0460945,80.2564512,13.0484677,80.2536651
edge-1539740014-14019889527-14019889528,1539740014,node-14019889527,node-14019889528,Unnamed Road,primary_link,7.13,,no,2,13.041021,80.1731432,13.0409589,80.1731595
edge-1540007941-248467485-248467498,1540007941,node-248467485,node-248467498,Ethiraj Salai,secondary,127.97,,no,5,13.065495,80.2570032,13.0662092,80.2560783
edge-1540007942-11617770609-248467485,1540007942,node-11617770609,node-248467485,Ethiraj Salai,secondary,13.27,,no,2,13.0654404,80.2571121,13.065495,80.2570032
edge-1540927624-13977284533-11041692609,1540927624,node-13977284533,node-11041692609,Jawaharlal Nehru Road,primary,9.34,,yes,2,13.0445643,80.2124392,13.0444803,80.2124407
edge-1541204412-313026743-3107808930,1541204412,node-313026743,node-3107808930,Mount - Poonamallee - Avadi Road,primary,1949.58,3,yes,23,13.0358341,80.1537271,13.0377174,80.135948
edge-1541204413-3107808930-2113426699,1541204413,node-3107808930,node-2113426699,Mount - Poonamallee - Avadi Road,primary,72.83,,yes,2,13.0377174,80.135948,13.0379507,80.1353198
edge-1542810824-247973381-14038581991,1542810824,node-247973381,node-14038581991,Dr Radhakrishnan Salai,primary,5.26,,yes,2,13.0433746,80.2742818,13.0433838,80.2742342
edge-1542820574-10175133017-14038650548,1542820574,node-10175133017,node-14038650548,Jawaharlal Nehru Road (100 Feet Road),primary,12.77,,yes,2,13.0443735,80.212243,13.0444883,80.2122399
edge-1542982532-14039542227-348997252,1542982532,node-14039542227,node-348997252,Unnamed Road,primary_link,154.97,,yes,7,13.1020057,80.1930902,13.1024731,80.1944086
edge-1542982533-9737579698-14039542227,1542982533,node-9737579698,node-14039542227,Unnamed Road,primary_link,3.82,,yes,2,13.1019995,80.1930555,13.1020057,80.1930902
edge-1542982534-276609742-14039542226,1542982534,node-276609742,node-14039542226,Unnamed Road,primary_link,6.29,,yes,2,13.101735,80.1931805,13.101724,80.1931235
edge-1542982535-310000614-12159320529,1542982535,node-310000614,node-12159320529,Unnamed Road,primary_link,164.03,,yes,5,13.101537,80.192042,13.1013467,80.1905627
edge-1542982536-14039542217-276609742,1542982536,node-14039542217,node-276609742,Unnamed Road,primary_link,14.09,,yes,2,13.101759,80.1933082,13.101735,80.1931805
edge-1542982537-1868576929-14039542217,1542982537,node-1868576929,node-14039542217,Unnamed Road,primary_link,13.42,,yes,2,13.1017773,80.1934307,13.101759,80.1933082
edge-1542982538-10266957937-1868576929,1542982538,node-10266957937,node-1868576929,Unnamed Road,primary_link,28.91,,yes,2,13.1018258,80.193693,13.1017773,80.1934307
edge-1545350286-11953612798-11281483081,1545350286,node-11953612798,node-11281483081,Vivekananda nagar main road,secondary,5.15,1,no,2,13.1232872,80.2015378,13.1232421,80.2015487
edge-1545376177-264264341-256202938,1545376177,node-264264341,node-256202938,Pillayar Koil Street,primary,118.87,,no,2,12.9695955,80.1475796,12.9704795,80.1469627
edge-1545424920-256202938-368229640,1545424920,node-256202938,node-368229640,Bajanai Koil Street,primary,122.84,,no,10,12.9704795,80.1469627,12.9698832,80.146018
edge-1546244135-3198371059-300195066,1546244135,node-3198371059,node-300195066,Unnamed Road,primary,11.26,2,no,2,12.9225277,80.1429919,12.9224266,80.142997
edge-1546261073-12741357183-10280133250,1546261073,node-12741357183,node-10280133250,Water Works Road,secondary,100.99,,yes,3,13.0129411,80.2087848,13.0132025,80.2096765
edge-1546261074-10280133253-12741357177,1546261074,node-10280133253,node-12741357177,Water Works Road,secondary,101.7,,yes,4,13.0131337,80.2096924,13.012871,80.2087938
edge-1546261075-12818521164-12741357183,1546261075,node-12818521164,node-12741357183,Water Works Road,secondary,8.58,,yes,2,13.0129293,80.2087065,13.0129411,80.2087848
edge-1546261076-12741357177-14063617683,1546261076,node-12741357177,node-14063617683,Water Works Road,secondary,8.22,,yes,2,13.012871,80.2087938,13.0128575,80.2087192
edge-1546261077-247714170-12741357186,1546261077,node-247714170,node-12741357186,Water Works Road,secondary,126.02,,yes,8,13.0128439,80.2086446,13.0129215,80.20749
edge-1546483954-14065687986-14065687987,1546483954,node-14065687986,node-14065687987,Unnamed Road,primary_link,9.41,,no,2,12.9341911,80.2039666,12.9341999,80.2038802
edge-1546878591-14069787256-249798532,1546878591,node-14069787256,node-249798532,Dr Radhakrishnan Salai,primary,13.96,,yes,2,13.0446545,80.266608,13.0446531,80.2667369
edge-1548741430-14086724203-290017494,1548741430,node-14086724203,node-290017494,Melpatti Ponappa Street,secondary,25.85,2,no,2,13.1153157,80.2481909,13.1153008,80.2479527
edge-1548741431-2166816257-14086724203,1548741431,node-2166816257,node-14086724203,Melpatti Ponappa Street,secondary,12.11,2,no,2,13.1153227,80.2483025,13.1153157,80.2481909
edge-1549025600-14089179262-7812490599,1549025600,node-14089179262,node-7812490599,Unnamed Road,primary_link,9.99,,no,2,13.0179303,80.1414112,13.0179979,80.1413504
edge-1549371827-251296844-14092035223,1549371827,node-251296844,node-14092035223,Pallavaram - Thoraipakkam Road,primary,11.78,,yes,2,12.948437,80.2097603,12.9484491,80.2096523
edge-1549583196-14094110631-14094110632,1549583196,node-14094110631,node-14094110632,Unnamed Road,primary,13.14,,no,2,13.0066459,80.2466455,13.0067631,80.2466301
edge-1549617202-14094418971-13956904346,1549617202,node-14094418971,node-13956904346,Unnamed Road,primary_link,73.4,,yes,5,13.0047768,80.247305,13.005419,80.2472623
edge-1549807537-14059916531-276744459,1549807537,node-14059916531,node-276744459,Bazaar Street,secondary,17.99,,no,2,13.115418,80.1544351,13.1155794,80.1544237
edge-1549818088-277583521-9864935734,1549818088,node-277583521,node-9864935734,Vellanur - Red Hills Road,secondary,2115.04,,no,51,13.1623617,80.1296044,13.1778425,80.1375059
edge-1549818090-9864935697-9864935734,1549818090,node-9864935697,node-9864935734,ORR Service Road,primary,22.45,2,yes,2,13.1777655,80.1376976,13.1778425,80.1375059
edge-1550473024-14102329404-247681987,1550473024,node-14102329404,node-247681987,Unnamed Road,secondary,15.37,,yes,3,13.0540407,80.2277487,13.0539324,80.2278314
edge-1550473025-247681987-14102329406,1550473025,node-247681987,node-14102329406,Nagerkoyil Sudalaimuthu Krishnan (NSK) Salai,primary,3.13,,yes,2,13.0539324,80.2278314,13.0539285,80.2278028
edge-1550480599-14102380184-14102380185,1550480599,node-14102380184,node-14102380185,Unnamed Road,primary_link,16.57,,no,2,13.0423118,80.2474545,13.0422764,80.2476031
edge-1550795532-14105192514-14105192515,1550795532,node-14105192514,node-14105192515,Unnamed Road,primary_link,11.45,,yes,2,12.9810701,80.2461966,12.9809677,80.2461858
edge-1550810881-276596638-14105314720,1550810881,node-276596638,node-14105314720,70Ft Road,secondary,9.81,,yes,2,13.1177239,80.2285248,13.1176387,80.2285012
edge-1550810882-276596638-9679839182,1550810882,node-276596638,node-9679839182,Paper Mills Road,secondary,9.69,2,no,2,13.1177239,80.2285248,13.1177498,80.2284394
edge-1550810883-2272265086-276596638,1550810883,node-2272265086,node-276596638,Paper Mills Road,secondary,33.08,2,no,2,13.1176248,80.2288128,13.1177239,80.2285248
edge-1551025939-14107195157-14107195158,1551025939,node-14107195157,node-14107195158,Unnamed Road,primary_link,21.38,,no,2,13.0274567,80.1723836,13.0272899,80.1722855
edge-1551224520-14109101235-14109101236,1551224520,node-14109101235,node-14109101236,Unnamed Road,primary_link,8.2,,no,2,12.917208,80.2299081,12.9172174,80.2298331
edge-1551994925-14118923865-14118923866,1551994925,node-14118923865,node-14118923866,Unnamed Road,primary_link,9.04,,no,2,13.0376837,80.1609218,13.0377646,80.1609134
edge-1552024236-289175832-14119455075,1552024236,node-289175832,node-14119455075,Thiruvottriyur High Road,secondary,152.17,,no,4,13.117284,80.2842743,13.1184287,80.2850443
edge-1552024237-14119455075-289175736,1552024237,node-14119455075,node-289175736,Thiruvottriyur High Road,secondary,8.34,,no,2,13.1184287,80.2850443,13.1184913,80.2850868
edge-1552209012-14121773325-11066372967,1552209012,node-14121773325,node-11066372967,Paper Mills Road,secondary,9.26,2,no,2,13.1187568,80.2257886,13.1188184,80.225731
edge-1552221242-14121863154-14121863155,1552221242,node-14121863154,node-14121863155,Unnamed Road,primary_link,14.91,,no,2,12.8903394,80.1351442,12.890206,80.1351304
edge-1552248785-10717348963-402352504,1552248785,node-10717348963,node-402352504,Unnamed Road,secondary,7.89,,no,2,13.1329684,80.1735627,13.1329412,80.17363
edge-1552262370-7731022510-14122402395,1552262370,node-7731022510,node-14122402395,Chennai - Ennore Expressway Road,primary,1197.33,,yes,24,13.1431769,80.2996509,13.1529595,80.3039715
edge-1552262371-14122402396-289486522,1552262371,node-14122402396,node-289486522,Chennai - Ennore Expressway Road,primary,1197.49,,yes,20,13.1529312,80.3040532,13.1431586,80.2997072
edge-1552448057-257430022-257430051,1552448057,node-257430022,node-257430051,Mahatma Gandhi Road,secondary,88.47,2,yes,4,12.9969275,80.2558089,12.9968487,80.256614
edge-1552450600-14124128198-7111423700,1552450600,node-14124128198,node-7111423700,Unnamed Road,secondary,20.53,,no,2,13.0845685,80.24486,13.084604,80.244674
edge-1552450601-4001265356-14124128198,1552450601,node-4001265356,node-14124128198,Balfour Road,secondary,119.53,,no,6,13.0855284,80.2452744,13.0845685,80.24486
edge-1552450602-257924692-7111423700,1552450602,node-257924692,node-7111423700,Purasawalkam High Road,secondary,114.79,,no,3,13.0836734,80.2442271,13.084604,80.244674
edge-1552450603-11779698285-4001265763,1552450603,node-11779698285,node-4001265763,Purasawalkam High Road,secondary,10.19,,no,2,13.0855569,80.245167,13.0856484,80.2451619
edge-1552454014-14124247651-14124247652,1552454014,node-14124247651,node-14124247652,Unnamed Road,primary_link,9.12,,no,2,12.9485814,80.1949343,12.9484994,80.1949331
edge-1552483134-2000961419-14124507116,1552483134,node-2000961419,node-14124507116,Kalaingar Karunanidhi Salai,primary,128.63,,yes,2,12.9007094,80.2311628,12.9007738,80.2299779
edge-1552483135-6994331907-2000953008,1552483135,node-6994331907,node-2000953008,Kalaingar Karunanidhi Salai,primary,201.14,,yes,5,12.900997,80.2281387,12.9008879,80.229991
edge-1552504983-9974319718-9974294111,1552504983,node-9974319718,node-9974294111,Perambur Cross Road,primary,155.11,,yes,4,13.1283379,80.2415163,13.1269434,80.2415193
edge-1552504984-7821736146-7821736148,1552504984,node-7821736146,node-7821736148,Perambur Cross Road,primary,44.64,,yes,4,13.1284441,80.2414389,13.1288442,80.2414711
edge-1552504985-10682649098-9974319718,1552504985,node-10682649098,node-9974319718,Perambur Cross Road,primary,14.75,,yes,2,13.1284702,80.2415267,13.1283379,80.2415163
edge-1552504986-290647748-7821736146,1552504986,node-290647748,node-7821736146,Perambur Cross Road,primary,11.91,,yes,2,13.128337,80.2414383,13.1284441,80.2414389
edge-1552853790-9929183741-6776243070,1552853790,node-9929183741,node-6776243070,Chennai - Tiruttani - Renigunta Road,primary,8.18,2,yes,2,13.1014995,80.1619355,13.1014996,80.162011
edge-1552853791-10208687998-14128325463,1552853791,node-10208687998,node-14128325463,Unnamed Road,primary,8.57,2,yes,2,13.1014071,80.1621152,13.1013302,80.1621095
edge-1552853792-6769322160-10208687998,1552853792,node-6769322160,node-10208687998,Chennai - Tiruttani - Renigunta Road,primary,12.84,,yes,2,13.1014031,80.1622337,13.1014071,80.1621152
edge-1552853793-6776243070-14128325464,1552853793,node-6776243070,node-14128325464,Unnamed Road,primary,9.14,,yes,2,13.1014996,80.162011,13.1015814,80.1620196
edge-1553166795-7822087006-14130904746,1553166795,node-7822087006,node-14130904746,Unnamed Road,primary_link,7.0,,no,2,13.0373487,80.1589717,13.037288,80.1589887
edge-1553768334-14136367263-14136367260,1553768334,node-14136367263,node-14136367260,Unnamed Road,secondary,80.2,,yes,4,13.1054435,80.279959,13.1052758,80.2792397
edge-1553768335-2269872881-14136367260,1553768335,node-2269872881,node-14136367260,North Wall Road,secondary,78.7,,yes,4,13.1055242,80.2799176,13.1052758,80.2792397
edge-1553786549-964603781-14000192690,1553786549,node-964603781,node-14000192690,Unnamed Road,primary_link,40.17,,no,2,12.948523,80.2101804,12.9487423,80.2098858
edge-1553786550-14000192689-338282568,1553786550,node-14000192689,node-338282568,Pallavaram - Thoraipakkam Road,primary,17.82,,yes,2,12.948401,80.2103033,12.948402,80.2101389
edge-1554404654-14141575216-276517792,1554404654,node-14141575216,node-276517792,Paper Mills Road,secondary,181.35,2,no,6,13.1278955,80.2169131,13.1289272,80.2156172
edge-1554404655-6749199783-14141575216,1554404655,node-6749199783,node-14141575216,Paper Mills Road,secondary,15.98,2,no,2,13.1278064,80.2170289,13.1278955,80.2169131
edge-1554475897-12334925222-12334925207,1554475897,node-12334925222,node-12334925207,Unnamed Road,primary,11.13,,no,6,12.9813675,80.2431334,12.9814181,80.2432148
edge-1554475898-12334925207-338470503,1554475898,node-12334925207,node-338470503,Unnamed Road,primary,5.84,,no,4,12.9814181,80.2432148,12.9813991,80.2432641
edge-1554475899-12895275712-12334925222,1554475899,node-12895275712,node-12334925222,Unnamed Road,primary,23.91,,no,11,12.9812751,80.2432643,12.9813675,80.2431334
edge-1554475900-338470503-1454664553,1554475900,node-338470503,node-1454664553,Unnamed Road,primary,12.09,,no,7,12.9813991,80.2432641,12.9813002,80.2432847
edge-1554726466-14144150387-10208687999,1554726466,node-14144150387,node-10208687999,Unnamed Road,primary,9.64,,yes,2,13.1015881,80.1621335,13.1015018,80.1621255
edge-1554726467-11226181245-6769322160,1554726467,node-11226181245,node-6769322160,Chennai - Tiruttani - Renigunta Road,primary,19.98,,yes,2,13.1013934,80.1624179,13.1014031,80.1622337
edge-1554738134-14144290611-14144290612,1554738134,node-14144290611,node-14144290612,Unnamed Road,secondary_link,11.8,,no,2,13.0037129,80.2199663,13.0036872,80.220072
edge-1555042368-14148210767-2197652486,1555042368,node-14148210767,node-2197652486,EVR Periyar Salai,primary,9.45,2,yes,2,13.0807016,80.2653199,13.0806923,80.2652332
edge-1555044392-14148225602-14148225611,1555044392,node-14148225602,node-14148225611,Unnamed Road,primary,294.92,,yes,10,13.0225595,80.2266405,13.0243722,80.2283854
edge-1555082190-277391353-12701705712,1555082190,node-277391353,node-12701705712,Valluvar Road,secondary,42.77,,no,3,13.0213429,80.1832773,13.0216876,80.1834525
edge-1555082191-310006942-277391353,1555082191,node-310006942,node-277391353,Valluvar Road,secondary,16.91,,yes,2,13.0212155,80.183192,13.0213429,80.1832773
edge-1555109999-10970897505-10970891280,1555109999,node-10970897505,node-10970891280,Abraham Bridge,secondary,123.52,,no,8,13.0167619,80.2167029,13.0162347,80.2157009
edge-1556753084-2166816263-290017486,1556753084,node-2166816263,node-290017486,Melpatti Ponappa Street,secondary,22.57,2,no,2,13.1154226,80.2500612,13.1154274,80.2498528
edge-1556753085-14159330870-2166816263,1556753085,node-14159330870,node-2166816263,Melpatti Ponappa Street,secondary,15.36,2,no,2,13.1154209,80.250203,13.1154226,80.2500612
edge-1556753087-290017486-2166816257,1556753087,node-290017486,node-2166816257,Melpatti Ponappa Street,secondary,168.29,2,no,7,13.1154274,80.2498528,13.1153227,80.2483025
edge-1557225141-1178006124-964604585,1557225141,node-1178006124,node-964604585,Pallavaram - Thoraipakkam Road,primary,1116.67,2,yes,12,12.9588698,80.1501378,12.9545403,80.1589101
edge-1557225143-340043705-340044519,1557225143,node-340043705,node-340044519,Pallavaram - Thoraipakkam Road,primary,1124.8,2,yes,19,12.9544467,80.1588938,12.958817,80.1500658
edge-1557267118-14122402395-7731022470,1557267118,node-14122402395,node-7731022470,Chennai - Ennore Expressway Road,primary,1107.73,,yes,24,13.1529595,80.3039715,13.1626059,80.3064479
edge-1557267120-373193433-14122402396,1557267120,node-373193433,node-14122402396,Chennai - Ennore Expressway Road,primary,1109.15,,yes,31,13.1625919,80.3065181,13.1529312,80.3040532
edge-1557276454-13754470066-13754470071,1557276454,node-13754470066,node-13754470071,Montieth Road,secondary,24.16,,yes,6,13.0664021,80.2606025,13.0664453,80.2603994
edge-1557276455-13754470066-14162060674,1557276455,node-13754470066,node-14162060674,Rukmani Lakshmipathi Road,secondary,9.92,2,no,2,13.0664021,80.2606025,13.066313,80.2606072
edge-1557276456-13754470071-248468887,1557276456,node-13754470071,node-248468887,Montieth Road,secondary,13.16,,yes,4,13.0664453,80.2603994,13.0665507,80.2604205
edge-1557276457-11617814534-13754470072,1557276457,node-11617814534,node-13754470072,Montieth Road,secondary,15.29,,yes,2,13.0664831,80.2603189,13.0665442,80.2601924
edge-1557276458-11617814531-11397712710,1557276458,node-11617814531,node-11397712710,Montieth Road,secondary,172.59,,no,11,13.0665848,80.2600907,13.0675607,80.2588594
edge-1557276460-13754470059-13754470066,1557276460,node-13754470059,node-13754470066,Montieth Road,secondary,5.94,,yes,2,13.0664481,80.2606304,13.0664021,80.2606025
edge-1557523140-5461538514-6768423145,1557523140,node-5461538514,node-6768423145,Manali High Road,primary,427.25,,yes,11,13.1765007,80.2947158,13.17518,80.2912333
edge-1557523141-1184362155-7025502844,1557523141,node-1184362155,node-7025502844,Manali High Road,primary,425.94,,yes,13,13.17532,80.2911654,13.1765597,80.2946494
