{
  "type": "FeatureCollection",
  "name": "chennai_water_bodies",
  "metadata": {
    "total_water_bodies": 1213,
    "source": "OpenStreetMap Overpass API",
    "extracted_at": "2026-09-09",
    "bounds": [
      80.05,
      12.85,
      80.33,
      13.25
    ]
  },
  "features": [
    {
      "type": "Feature",
      "id": "wb-way-23047572",
      "properties": {
        "osm_id": 23047572,
        "osm_type": "way",
        "name": "Whale Island",
        "name_ta": "",
        "category": "wetland",
        "water_type": "wetland",
        "latitude": 13.0135762,
        "longitude": 80.2644877,
        "city": "Chennai",
        "state": "Tamil Nadu"
      },
      "geometry": {
        "type": "Point",
        "coordinates": [
          80.2644877,
          13.0135762
        ]
      }
    },
    {
      "type": "Feature",
      "id": "wb-way-23047573",
      "properties": {
        "osm_id": 23047573,
        "osm_type": "way",
        "name": "Unnamed Wetland (wb-way-23047573)",
        "name_ta": "",
        "category": "wetland",
        "water_type": "wetland",
        "latitude": 13.0147639,
        "longitude": 80.2679774,
        "city": "Chennai",
        "state": "Tamil Nadu"
      },
      "geometry": {
        "type": "Point",
        "coordinates": [
          80.2679774,
          13.0147639
        ]
      }
    },
    {
      "type": "Feature",
      "id": "wb-way-23633592",
      "properties": {
        "osm_id": 23633592,
        "osm_type": "way",
        "name": "Porur Lake",
        "name_ta": "",
        "category": "lake",
        "water_type": "water",
        "latitude": 13.0340002,
        "longitude": 80.1499649,
        "city": "Chennai",
        "state": "Tamil Nadu"
      },
      "geometry": {
        "type": "Point",
        "coordinates": [
          80.1499649,
          13.0340002
        ]
      }
    },
    {
      "type": "Feature",
      "id": "wb-way-23648227",
      "properties": {
        "osm_id": 23648227,
        "osm_type": "way",
        "name": "Kadaperi Lake",
        "name_ta": "",
        "category": "lake",
        "water_type": "reservoir",
        "latitude": 12.9344597,
        "longitude": 80.1183343,
        "city": "Chennai",
        "state": "Tamil Nadu"
      },
      "geometry": {
        "type": "Point",
        "coordinates": [
          80.1183343,
          12.9344597
        ]
      }
    },
    {
      "type": "Feature",
      "id": "wb-way-23648228",
      "properties": {
        "osm_id": 23648228,
        "osm_type": "way",
        "name": "Irumbuliyur Lake",
        "name_ta": "",
        "category": "lake",
        "water_type": "reservoir",
        "latitude": 12.9215384,
        "longitude": 80.1076135,
        "city": "Chennai",
        "state": "Tamil Nadu"
      },
      "geometry": {
        "type": "Point",
        "coordinates": [
          80.1076135,
          12.9215384
        ]
      }
    },
    {
      "type": "Feature",
      "id": "wb-way-23648229",
      "properties": {
        "osm_id": 23648229,
        "osm_type": "way",
        "name": "Chitlapakkam Lake",
        "name_ta": "",
        "category": "lake",
        "water_type": "reservoir",
        "latitude": 12.933734,
        "longitude": 80.1361542,
        "city": "Chennai",
        "state": "Tamil Nadu"
      },
      "geometry": {
        "type": "Point",
        "coordinates": [
          80.1361542,
          12.933734
        ]
      }
    },
    {
      "type": "Feature",
      "id": "wb-way-23648233",
      "properties": {
        "osm_id": 23648233,
        "osm_type": "way",
        "name": "Tiruneermalai Eri",
        "name_ta": "",
        "category": "lake",
        "water_type": "reservoir",
        "latitude": 12.9538832,
        "longitude": 80.1235554,
        "city": "Chennai",
        "state": "Tamil Nadu"
      },
      "geometry": {
        "type": "Point",
        "coordinates": [
          80.1235554,
          12.9538832
        ]
      }
    },
    {
      "type": "Feature",
      "id": "wb-way-23804000",
      "properties": {
        "osm_id": 23804000,
        "osm_type": "way",
        "name": "ICF Lake",
        "name_ta": "",
        "category": "lake",
        "water_type": "reservoir",
        "latitude": 13.1033995,
        "longitude": 80.217535,
        "city": "Chennai",
        "state": "Tamil Nadu"
      },
      "geometry": {
        "type": "Point",
        "coordinates": [
          80.217535,
          13.1033995
        ]
      }
    },
    {
      "type": "Feature",
      "id": "wb-way-23885099",
      "properties": {
        "osm_id": 23885099,
        "osm_type": "way",
        "name": "Kandaswami Muthukumaraswami Koil Kulam",
        "name_ta": "",
        "category": "pond",
        "water_type": "pond",
        "latitude": 13.0857922,
        "longitude": 80.2786618,
        "city": "Chennai",
        "state": "Tamil Nadu"
      },
      "geometry": {
        "type": "Point",
        "coordinates": [
          80.2786618,
          13.0857922
        ]
      }
    },
    {
      "type": "Feature",
      "id": "wb-way-24270420",
      "properties": {
        "osm_id": 24270420,
        "osm_type": "way",
        "name": "Kapaleeshwara Koil Kulam",
        "name_ta": "",
        "category": "pond",
        "water_type": "pond",
        "latitude": 13.0334367,
        "longitude": 80.2686807,
        "city": "Chennai",
        "state": "Tamil Nadu"
      },
      "geometry": {
        "type": "Point",
        "coordinates": [
          80.2686807,
          13.0334367
        ]
      }
    },
    {
      "type": "Feature",
      "id": "wb-way-24270487",
      "properties": {
        "osm_id": 24270487,
        "osm_type": "way",
        "name": "Athikesvara Perumal Koil Kulam",
        "name_ta": "",
        "category": "pond",
        "water_type": "pond",
        "latitude": 13.0314245,
        "longitude": 80.2710182,
        "city": "Chennai",
        "state": "Tamil Nadu"
      },
      "geometry": {
        "type": "Point",
        "coordinates": [
          80.2710182,
          13.0314245
        ]
      }
    },
    {
      "type": "Feature",
      "id": "wb-way-25391800",
      "properties": {
        "osm_id": 25391800,
        "osm_type": "way",
        "name": "Ambattur Lake",
        "name_ta": "",
        "category": "lake",
        "water_type": "reservoir",
        "latitude": 13.1063301,
        "longitude": 80.1423361,
        "city": "Chennai",
        "state": "Tamil Nadu"
      },
      "geometry": {
        "type": "Point",
        "coordinates": [
          80.1423361,
          13.1063301
        ]
      }
    },
    {
      "type": "Feature",
      "id": "wb-way-25394157",
      "properties": {
        "osm_id": 25394157,
        "osm_type": "way",
        "name": "Puzhal Lake",
        "name_ta": "",
        "category": "lake",
        "water_type": "reservoir",
        "latitude": 13.1649637,
        "longitude": 80.1631528,
        "city": "Chennai",
        "state": "Tamil Nadu"
      },
      "geometry": {
        "type": "Point",
        "coordinates": [
          80.1631528,
          13.1649637
        ]
      }
    },
    {
      "type": "Feature",
      "id": "wb-way-25394523",
      "properties": {
        "osm_id": 25394523,
        "osm_type": "way",
        "name": "Sholavaram Lake",
        "name_ta": "",
        "category": "lake",
        "water_type": "reservoir",
        "latitude": 13.2237988,
        "longitude": 80.1405057,
        "city": "Chennai",
        "state": "Tamil Nadu"
      },
      "geometry": {
        "type": "Point",
        "coordinates": [
          80.1405057,
          13.2237988
        ]
      }
    },
    {
      "type": "Feature",
      "id": "wb-way-25450412",
      "properties": {
        "osm_id": 25450412,
        "osm_type": "way",
        "name": "Unnamed Reservoir (wb-way-25450412)",
        "name_ta": "",
        "category": "reservoir",
        "water_type": "reservoir",
        "latitude": 13.245557,
        "longitude": 80.3313979,
        "city": "Chennai",
        "state": "Tamil Nadu"
      },
      "geometry": {
        "type": "Point",
        "coordinates": [
          80.3313979,
          13.245557
        ]
      }
    },
    {
      "type": "Feature",
      "id": "wb-way-25453624",
      "properties": {
        "osm_id": 25453624,
        "osm_type": "way",
        "name": "Chembarambakkam Lake",
        "name_ta": "செம்பரம்பாக்கம் ஏரி",
        "category": "lake",
        "water_type": "reservoir",
        "latitude": 13.0079247,
        "longitude": 80.0507832,
        "city": "Chennai",
        "state": "Tamil Nadu"
      },
      "geometry": {
        "type": "Point",
        "coordinates": [
          80.0507832,
          13.0079247
        ]
      }
    },
    {
      "type": "Feature",
      "id": "wb-way-25474612",
      "properties": {
        "osm_id": 25474612,
        "osm_type": "way",
        "name": "Korattur Lake",
        "name_ta": "",
        "category": "lake",
        "water_type": "lake",
        "latitude": 13.1235262,
        "longitude": 80.1814033,
        "city": "Chennai",
        "state": "Tamil Nadu"
      },
      "geometry": {
        "type": "Point",
        "coordinates": [
          80.1814033,
          13.1235262
        ]
      }
    },
    {
      "type": "Feature",
      "id": "wb-way-25474749",
      "properties": {
        "osm_id": 25474749,
        "osm_type": "way",
        "name": "Retteri Lake",
        "name_ta": "",
        "category": "lake",
        "water_type": "reservoir",
        "latitude": 13.1407617,
        "longitude": 80.2106863,
        "city": "Chennai",
        "state": "Tamil Nadu"
      },
      "geometry": {
        "type": "Point",
        "coordinates": [
          80.2106863,
          13.1407617
        ]
      }
    },
    {
      "type": "Feature",
      "id": "wb-way-25504265",
      "properties": {
        "osm_id": 25504265,
        "osm_type": "way",
        "name": "Velachery Lake",
        "name_ta": "வேளச்சேரி ஏரி",
        "category": "lake",
        "water_type": "lake",
        "latitude": 12.9882439,
        "longitude": 80.211503,
        "city": "Chennai",
        "state": "Tamil Nadu"
      },
      "geometry": {
        "type": "Point",
        "coordinates": [
          80.211503,
          12.9882439
        ]
      }
    },
    {
      "type": "Feature",
      "id": "wb-way-25724261",
      "properties": {
        "osm_id": 25724261,
        "osm_type": "way",
        "name": "Adambakkam Lake",
        "name_ta": "",
        "category": "lake",
        "water_type": "reservoir",
        "latitude": 12.9862922,
        "longitude": 80.1966839,
        "city": "Chennai",
        "state": "Tamil Nadu"
      },
      "geometry": {
        "type": "Point",
        "coordinates": [
          80.1966839,
          12.9862922
        ]
      }
    },
    {
      "type": "Feature",
      "id": "wb-way-25724278",
      "properties": {
        "osm_id": 25724278,
        "osm_type": "way",
        "name": "Pannachiamman Koil Tank",
        "name_ta": "",
        "category": "pond",
        "water_type": "pond",
        "latitude": 12.9844606,
        "longitude": 80.1878689,
        "city": "Chennai",
        "state": "Tamil Nadu"
      },
      "geometry": {
        "type": "Point",
        "coordinates": [
          80.1878689,
          12.9844606
        ]
      }
    },
    {
      "type": "Feature",
      "id": "wb-way-25725027",
      "properties": {
        "osm_id": 25725027,
        "osm_type": "way",
        "name": "Madipakkam Lake",
        "name_ta": "மடிப்பாக்கம் ஏரி",
        "category": "lake",
        "water_type": "lake",
        "latitude": 12.9613673,
        "longitude": 80.1909225,
        "city": "Chennai",
        "state": "Tamil Nadu"
      },
      "geometry": {
        "type": "Point",
        "coordinates": [
          80.1909225,
          12.9613673
        ]
      }
    },
    {
      "type": "Feature",
      "id": "wb-way-25726316",
      "properties": {
        "osm_id": 25726316,
        "osm_type": "way",
        "name": "Puzhuthivakkam Lake",
        "name_ta": "",
        "category": "lake",
        "water_type": "lake",
        "latitude": 12.9685658,
        "longitude": 80.2021207,
        "city": "Chennai",
        "state": "Tamil Nadu"
      },
      "geometry": {
        "type": "Point",
        "coordinates": [
          80.2021207,
          12.9685658
        ]
      }
    },
    {
      "type": "Feature",
      "id": "wb-way-26433707",
      "properties": {
        "osm_id": 26433707,
        "osm_type": "way",
        "name": "Sembakkam lake",
        "name_ta": "",
        "category": "lake",
        "water_type": "lake",
        "latitude": 12.9336624,
        "longitude": 80.1534105,
        "city": "Chennai",
        "state": "Tamil Nadu"
      },
      "geometry": {
        "type": "Point",
        "coordinates": [
          80.1534105,
          12.9336624
        ]
      }
    },
    {
      "type": "Feature",
      "id": "wb-way-26800736",
      "properties": {
        "osm_id": 26800736,
        "osm_type": "way",
        "name": "Retteri Lake",
        "name_ta": "",
        "category": "lake",
        "water_type": "reservoir",
        "latitude": 13.1520729,
        "longitude": 80.2139929,
        "city": "Chennai",
        "state": "Tamil Nadu"
      },
      "geometry": {
        "type": "Point",
        "coordinates": [
          80.2139929,
          13.1520729
        ]
      }
    },
    {
      "type": "Feature",
      "id": "wb-way-27203001",
      "properties": {
        "osm_id": 27203001,
        "osm_type": "way",
        "name": "Ellaiamman Koil Kulam",
        "name_ta": "",
        "category": "pond",
        "water_type": "pond",
        "latitude": 13.0341066,
        "longitude": 80.225076,
        "city": "Chennai",
        "state": "Tamil Nadu"
      },
      "geometry": {
        "type": "Point",
        "coordinates": [
          80.225076,
          13.0341066
        ]
      }
    },
    {
      "type": "Feature",
      "id": "wb-way-27771449",
      "properties": {
        "osm_id": 27771449,
        "osm_type": "way",
        "name": "Vadapalani Murugan Temple Pond",
        "name_ta": "",
        "category": "reservoir",
        "water_type": "reservoir",
        "latitude": 13.0529846,
        "longitude": 80.2142641,
        "city": "Chennai",
        "state": "Tamil Nadu"
      },
      "geometry": {
        "type": "Point",
        "coordinates": [
          80.2142641,
          13.0529846
        ]
      }
    },
    {
      "type": "Feature",
      "id": "wb-way-28260258",
      "properties": {
        "osm_id": 28260258,
        "osm_type": "way",
        "name": "Vadakkapattu Lake",
        "name_ta": "மேடவாக்கம் ஏரி",
        "category": "lake",
        "water_type": "lake",
        "latitude": 12.9304605,
        "longitude": 80.1856076,
        "city": "Chennai",
        "state": "Tamil Nadu"
      },
      "geometry": {
        "type": "Point",
        "coordinates": [
          80.1856076,
          12.9304605
        ]
      }
    },
    {
      "type": "Feature",
      "id": "wb-way-28260431",
      "properties": {
        "osm_id": 28260431,
        "osm_type": "way",
        "name": "Nanmangalam Lake",
        "name_ta": "",
        "category": "lake",
        "water_type": "lake",
        "latitude": 12.9393675,
        "longitude": 80.1670185,
        "city": "Chennai",
        "state": "Tamil Nadu"
      },
      "geometry": {
        "type": "Point",
        "coordinates": [
          80.1670185,
          12.9393675
        ]
      }
    },
    {
      "type": "Feature",
      "id": "wb-way-28260577",
      "properties": {
        "osm_id": 28260577,
        "osm_type": "way",
        "name": "Selaiyur Lake",
        "name_ta": "",
        "category": "lake",
        "water_type": "water",
        "latitude": 12.9161679,
        "longitude": 80.1322388,
        "city": "Chennai",
        "state": "Tamil Nadu"
      },
      "geometry": {
        "type": "Point",
        "coordinates": [
          80.1322388,
          12.9161679
        ]
      }
    },
    {
      "type": "Feature",
      "id": "wb-way-28261148",
      "properties": {
        "osm_id": 28261148,
        "osm_type": "way",
        "name": "Balaji Nagar Lake",
        "name_ta": "",
        "category": "lake",
        "water_type": "water",
        "latitude": 12.9141182,
        "longitude": 80.1111709,
        "city": "Chennai",
        "state": "Tamil Nadu"
      },
      "geometry": {
        "type": "Point",
        "coordinates": [
          80.1111709,
          12.9141182
        ]
      }
    },
    {
      "type": "Feature",
      "id": "wb-way-28309481",
      "properties": {
        "osm_id": 28309481,
        "osm_type": "way",
        "name": "Unnamed Reservoir (wb-way-28309481)",
        "name_ta": "",
        "category": "reservoir",
        "water_type": "reservoir",
        "latitude": 12.9692931,
        "longitude": 80.1718276,
        "city": "Chennai",
        "state": "Tamil Nadu"
      },
      "geometry": {
        "type": "Point",
        "coordinates": [
          80.1718276,
          12.9692931
        ]
      }
    },
    {
      "type": "Feature",
      "id": "wb-way-28309498",
      "properties": {
        "osm_id": 28309498,
        "osm_type": "way",
        "name": "Unnamed Pond (wb-way-28309498)",
        "name_ta": "",
        "category": "pond",
        "water_type": "water",
        "latitude": 12.9695943,
        "longitude": 80.1685403,
        "city": "Chennai",
        "state": "Tamil Nadu"
      },
      "geometry": {
        "type": "Point",
        "coordinates": [
          80.1685403,
          12.9695943
        ]
      }
    },
    {
      "type": "Feature",
      "id": "wb-way-28309593",
      "properties": {
        "osm_id": 28309593,
        "osm_type": "way",
        "name": "Unnamed Pond (wb-way-28309593)",
        "name_ta": "",
        "category": "pond",
        "water_type": "water",
        "latitude": 12.9681347,
        "longitude": 80.1678879,
        "city": "Chennai",
        "state": "Tamil Nadu"
      },
      "geometry": {
        "type": "Point",
        "coordinates": [
          80.1678879,
          12.9681347
        ]
      }
    },
    {
      "type": "Feature",
      "id": "wb-way-28309687",
      "properties": {
        "osm_id": 28309687,
        "osm_type": "way",
        "name": "Tirisulam Lake",
        "name_ta": "",
        "category": "lake",
        "water_type": "water",
        "latitude": 12.9735338,
        "longitude": 80.1687634,
        "city": "Chennai",
        "state": "Tamil Nadu"
      },
      "geometry": {
        "type": "Point",
        "coordinates": [
          80.1687634,
          12.9735338
        ]
      }
    },
    {
      "type": "Feature",
      "id": "wb-way-28310149",
      "properties": {
        "osm_id": 28310149,
        "osm_type": "way",
        "name": "Unnamed Pond (wb-way-28310149)",
        "name_ta": "",
        "category": "pond",
        "water_type": "water",
        "latitude": 12.9785688,
        "longitude": 80.1722953,
        "city": "Chennai",
        "state": "Tamil Nadu"
      },
      "geometry": {
        "type": "Point",
        "coordinates": [
          80.1722953,
          12.9785688
        ]
      }
    },
    {
      "type": "Feature",
      "id": "wb-way-28310161",
      "properties": {
        "osm_id": 28310161,
        "osm_type": "way",
        "name": "Unnamed Pond (wb-way-28310161)",
        "name_ta": "",
        "category": "pond",
        "water_type": "water",
        "latitude": 12.9802165,
        "longitude": 80.1725528,
        "city": "Chennai",
        "state": "Tamil Nadu"
      },
      "geometry": {
        "type": "Point",
        "coordinates": [
          80.1725528,
          12.9802165
        ]
      }
    },
    {
      "type": "Feature",
      "id": "wb-way-29047592",
      "properties": {
        "osm_id": 29047592,
        "osm_type": "way",
        "name": "Marundeeshwara Temple Tank",
        "name_ta": "",
        "category": "pond",
        "water_type": "pond",
        "latitude": 12.9855689,
        "longitude": 80.2614273,
        "city": "Chennai",
        "state": "Tamil Nadu"
      },
      "geometry": {
        "type": "Point",
        "coordinates": [
          80.2614273,
          12.9855689
        ]
      }
    },
    {
      "type": "Feature",
      "id": "wb-way-29241216",
      "properties": {
        "osm_id": 29241216,
        "osm_type": "way",
        "name": "Agathishwara Perumal Koil Kulam",
        "name_ta": "",
        "category": "pond",
        "water_type": "pond",
        "latitude": 13.0600384,
        "longitude": 80.2419083,
        "city": "Chennai",
        "state": "Tamil Nadu"
      },
      "geometry": {
        "type": "Point",
        "coordinates": [
          80.2419083,
          13.0600384
        ]
      }
    },
    {
      "type": "Feature",
      "id": "wb-way-29246065",
      "properties": {
        "osm_id": 29246065,
        "osm_type": "way",
        "name": "Periyathoppu Lake",
        "name_ta": "",
        "category": "lake",
        "water_type": "reservoir",
        "latitude": 13.1694948,
        "longitude": 80.2526376,
        "city": "Chennai",
        "state": "Tamil Nadu"
      },
      "geometry": {
        "type": "Point",
        "coordinates": [
          80.2526376,
          13.1694948
        ]
      }
    },
    {
      "type": "Feature",
      "id": "wb-way-30037018",
      "properties": {
        "osm_id": 30037018,
        "osm_type": "way",
        "name": "Oxidation Pond",
        "name_ta": "",
        "category": "pond",
        "water_type": "pond",
        "latitude": 12.9908274,
        "longitude": 80.2403937,
        "city": "Chennai",
        "state": "Tamil Nadu"
      },
      "geometry": {
        "type": "Point",
        "coordinates": [
          80.2403937,
          12.9908274
        ]
      }
    },
    {
      "type": "Feature",
      "id": "wb-way-30037019",
      "properties": {
        "osm_id": 30037019,
        "osm_type": "way",
        "name": "Oxidation Pond",
        "name_ta": "",
        "category": "pond",
        "water_type": "pond",
        "latitude": 12.9890143,
        "longitude": 80.2401114,
        "city": "Chennai",
        "state": "Tamil Nadu"
      },
      "geometry": {
        "type": "Point",
        "coordinates": [
          80.2401114,
          12.9890143
        ]
      }
    },
    {
      "type": "Feature",
      "id": "wb-way-30078793",
      "properties": {
        "osm_id": 30078793,
        "osm_type": "way",
        "name": "Kovilpadagai Lake",
        "name_ta": "",
        "category": "lake",
        "water_type": "reservoir",
        "latitude": 13.1467823,
        "longitude": 80.0969107,
        "city": "Chennai",
        "state": "Tamil Nadu"
      },
      "geometry": {
        "type": "Point",
        "coordinates": [
          80.0969107,
          13.1467823
        ]
      }
    },
    {
      "type": "Feature",
      "id": "wb-way-30118530",
      "properties": {
        "osm_id": 30118530,
        "osm_type": "way",
        "name": "Unnamed Reservoir (wb-way-30118530)",
        "name_ta": "",
        "category": "reservoir",
        "water_type": "reservoir",
        "latitude": 12.9497354,
        "longitude": 80.1313528,
        "city": "Chennai",
        "state": "Tamil Nadu"
      },
      "geometry": {
        "type": "Point",
        "coordinates": [
          80.1313528,
          12.9497354
        ]
      }
    },
    {
      "type": "Feature",
      "id": "wb-way-30209756",
      "properties": {
        "osm_id": 30209756,
        "osm_type": "way",
        "name": "Vengambakkam Lake",
        "name_ta": "",
        "category": "lake",
        "water_type": "reservoir",
        "latitude": 12.8692769,
        "longitude": 80.1251022,
        "city": "Chennai",
        "state": "Tamil Nadu"
      },
      "geometry": {
        "type": "Point",
        "coordinates": [
          80.1251022,
          12.8692769
        ]
      }
    },
    {
      "type": "Feature",
      "id": "wb-way-30424450",
      "properties": {
        "osm_id": 30424450,
        "osm_type": "way",
        "name": "Perumbakkam Lake",
        "name_ta": "",
        "category": "lake",
        "water_type": "water",
        "latitude": 12.8964834,
        "longitude": 80.1887616,
        "city": "Chennai",
        "state": "Tamil Nadu"
      },
      "geometry": {
        "type": "Point",
        "coordinates": [
          80.1887616,
          12.8964834
        ]
      }
    },
    {
      "type": "Feature",
      "id": "wb-way-30606822",
      "properties": {
        "osm_id": 30606822,
        "osm_type": "way",
        "name": "Velachery Lake",
        "name_ta": "",
        "category": "lake",
        "water_type": "water",
        "latitude": 12.9857913,
        "longitude": 80.220753,
        "city": "Chennai",
        "state": "Tamil Nadu"
      },
      "geometry": {
        "type": "Point",
        "coordinates": [
          80.220753,
          12.9857913
        ]
      }
    },
    {
      "type": "Feature",
      "id": "wb-way-30609167",
      "properties": {
        "osm_id": 30609167,
        "osm_type": "way",
        "name": "Kallu Kuttai Lake",
        "name_ta": "",
        "category": "lake",
        "water_type": "lake",
        "latitude": 12.9790221,
        "longitude": 80.2359082,
        "city": "Chennai",
        "state": "Tamil Nadu"
      },
      "geometry": {
        "type": "Point",
        "coordinates": [
          80.2359082,
          12.9790221
        ]
      }
    },
    {
      "type": "Feature",
      "id": "wb-way-30624441",
      "properties": {
        "osm_id": 30624441,
        "osm_type": "way",
        "name": "Unnamed Pond (wb-way-30624441)",
        "name_ta": "",
        "category": "pond",
        "water_type": "river",
        "latitude": 13.0665346,
        "longitude": 80.1615122,
        "city": "Chennai",
        "state": "Tamil Nadu"
      },
      "geometry": {
        "type": "Point",
        "coordinates": [
          80.1615122,
          13.0665346
        ]
      }
    },
    {
      "type": "Feature",
      "id": "wb-way-30625195",
      "properties": {
        "osm_id": 30625195,
        "osm_type": "way",
        "name": "Alappakkam Madhuravoyal Eri",
        "name_ta": "",
        "category": "lake",
        "water_type": "lake",
        "latitude": 13.0519893,
        "longitude": 80.1643174,
        "city": "Chennai",
        "state": "Tamil Nadu"
      },
      "geometry": {
        "type": "Point",
        "coordinates": [
          80.1643174,
          13.0519893
        ]
      }
    },
    {
      "type": "Feature",
      "id": "wb-way-30738635",
      "properties": {
        "osm_id": 30738635,
        "osm_type": "way",
        "name": "ETPS Flyash Pond",
        "name_ta": "",
        "category": "reservoir",
        "water_type": "reservoir",
        "latitude": 13.2076355,
        "longitude": 80.3048247,
        "city": "Chennai",
        "state": "Tamil Nadu"
      },
      "geometry": {
        "type": "Point",
        "coordinates": [
          80.3048247,
          13.2076355
        ]
      }
    },
    {
      "type": "Feature",
      "id": "wb-way-30738642",
      "properties": {
        "osm_id": 30738642,
        "osm_type": "way",
        "name": "ETPS Flyash Pond",
        "name_ta": "",
        "category": "reservoir",
        "water_type": "reservoir",
        "latitude": 13.2117048,
        "longitude": 80.2991298,
        "city": "Chennai",
        "state": "Tamil Nadu"
      },
      "geometry": {
        "type": "Point",
        "coordinates": [
          80.2991298,
          13.2117048
        ]
      }
    },
    {
      "type": "Feature",
      "id": "wb-way-30746879",
      "properties": {
        "osm_id": 30746879,
        "osm_type": "way",
        "name": "Unnamed Pond (wb-way-30746879)",
        "name_ta": "",
        "category": "pond",
        "water_type": "water",
        "latitude": 12.9458111,
        "longitude": 80.1547352,
        "city": "Chennai",
        "state": "Tamil Nadu"
      },
      "geometry": {
        "type": "Point",
        "coordinates": [
          80.1547352,
          12.9458111
        ]
      }
    },
    {
      "type": "Feature",
      "id": "wb-way-30978033",
      "properties": {
        "osm_id": 30978033,
        "osm_type": "way",
        "name": "Kandasamy Koil Tank",
        "name_ta": "",
        "category": "reservoir",
        "water_type": "reservoir",
        "latitude": 13.0946675,
        "longitude": 80.2558023,
        "city": "Chennai",
        "state": "Tamil Nadu"
      },
      "geometry": {
        "type": "Point",
        "coordinates": [
          80.2558023,
          13.0946675
        ]
      }
    },
    {
      "type": "Feature",
      "id": "wb-way-31020934",
      "properties": {
        "osm_id": 31020934,
        "osm_type": "way",
        "name": "Periyathoppu Lake",
        "name_ta": "",
        "category": "lake",
        "water_type": "reservoir",
        "latitude": 13.1624663,
        "longitude": 80.2498001,
        "city": "Chennai",
        "state": "Tamil Nadu"
      },
      "geometry": {
        "type": "Point",
        "coordinates": [
          80.2498001,
          13.1624663
        ]
      }
    },
    {
      "type": "Feature",
      "id": "wb-way-31243200",
      "properties": {
        "osm_id": 31243200,
        "osm_type": "way",
        "name": "Unnamed Reservoir (wb-way-31243200)",
        "name_ta": "",
        "category": "reservoir",
        "water_type": "reservoir",
        "latitude": 12.9977317,
        "longitude": 80.0942051,
        "city": "Chennai",
        "state": "Tamil Nadu"
      },
      "geometry": {
        "type": "Point",
        "coordinates": [
          80.0942051,
          12.9977317
        ]
      }
    },
    {
      "type": "Feature",
      "id": "wb-way-32017928",
      "properties": {
        "osm_id": 32017928,
        "osm_type": "way",
        "name": "Palavedu Eri",
        "name_ta": "",
        "category": "lake",
        "water_type": "water",
        "latitude": 13.1415311,
        "longitude": 80.0456237,
        "city": "Chennai",
        "state": "Tamil Nadu"
      },
      "geometry": {
        "type": "Point",
        "coordinates": [
          80.0456237,
          13.1415311
        ]
      }
    },
    {
      "type": "Feature",
      "id": "wb-way-32066592",
      "properties": {
        "osm_id": 32066592,
        "osm_type": "way",
        "name": "Manivakkam Lake",
        "name_ta": "",
        "category": "lake",
        "water_type": "water",
        "latitude": 12.8792776,
        "longitude": 80.0592591,
        "city": "Chennai",
        "state": "Tamil Nadu"
      },
      "geometry": {
        "type": "Point",
        "coordinates": [
          80.0592591,
          12.8792776
        ]
      }
    },
    {
      "type": "Feature",
      "id": "wb-way-32253842",
      "properties": {
        "osm_id": 32253842,
        "osm_type": "way",
        "name": "New Perungalathur Lake",
        "name_ta": "",
        "category": "lake",
        "water_type": "reservoir",
        "latitude": 12.9015317,
        "longitude": 80.0864592,
        "city": "Chennai",
        "state": "Tamil Nadu"
      },
      "geometry": {
        "type": "Point",
        "coordinates": [
          80.0864592,
          12.9015317
        ]
      }
    },
    {
      "type": "Feature",
      "id": "wb-way-32306856",
      "properties": {
        "osm_id": 32306856,
        "osm_type": "way",
        "name": "Balasubramani Temple Tank",
        "name_ta": "",
        "category": "pond",
        "water_type": "pond",
        "latitude": 13.0383112,
        "longitude": 80.2493334,
        "city": "Chennai",
        "state": "Tamil Nadu"
      },
      "geometry": {
        "type": "Point",
        "coordinates": [
          80.2493334,
          13.0383112
        ]
      }
    },
    {
      "type": "Feature",
      "id": "wb-way-32945537",
      "properties": {
        "osm_id": 32945537,
        "osm_type": "way",
        "name": "Unnamed Reservoir (wb-way-32945537)",
        "name_ta": "",
        "category": "reservoir",
        "water_type": "reservoir",
        "latitude": 13.0378198,
        "longitude": 80.1735943,
        "city": "Chennai",
        "state": "Tamil Nadu"
      },
      "geometry": {
        "type": "Point",
        "coordinates": [
          80.1735943,
          13.0378198
        ]
      }
    },
    {
      "type": "Feature",
      "id": "wb-way-32995619",
      "properties": {
        "osm_id": 32995619,
        "osm_type": "way",
        "name": "Thamarai Kulam",
        "name_ta": "",
        "category": "lake",
        "water_type": "lake",
        "latitude": 13.2232486,
        "longitude": 80.3232862,
        "city": "Chennai",
        "state": "Tamil Nadu"
      },
      "geometry": {
        "type": "Point",
        "coordinates": [
          80.3232862,
          13.2232486
        ]
      }
    },
    {
      "type": "Feature",
      "id": "wb-way-33069045",
      "properties": {
        "osm_id": 33069045,
        "osm_type": "way",
        "name": "ETPS Oxidation Pond",
        "name_ta": "",
        "category": "pond",
        "water_type": "pond",
        "latitude": 13.2145225,
        "longitude": 80.3171951,
        "city": "Chennai",
        "state": "Tamil Nadu"
      },
      "geometry": {
        "type": "Point",
        "coordinates": [
          80.3171951,
          13.2145225
        ]
      }
    },
    {
      "type": "Feature",
      "id": "wb-way-33071135",
      "properties": {
        "osm_id": 33071135,
        "osm_type": "way",
        "name": "Thyagarajaswami Koil Tank",
        "name_ta": "",
        "category": "pond",
        "water_type": "pond",
        "latitude": 13.1615152,
        "longitude": 80.3003355,
        "city": "Chennai",
        "state": "Tamil Nadu"
      },
      "geometry": {
        "type": "Point",
        "coordinates": [
          80.3003355,
          13.1615152
        ]
      }
    },
    {
      "type": "Feature",
      "id": "wb-way-33630146",
      "properties": {
        "osm_id": 33630146,
        "osm_type": "way",
        "name": "Temple Tank",
        "name_ta": "",
        "category": "reservoir",
        "water_type": "reservoir",
        "latitude": 13.051027,
        "longitude": 80.0964553,
        "city": "Chennai",
        "state": "Tamil Nadu"
      },
      "geometry": {
        "type": "Point",
        "coordinates": [
          80.0964553,
          13.051027
        ]
      }
    },
    {
      "type": "Feature",
      "id": "wb-way-33630325",
      "properties": {
        "osm_id": 33630325,
        "osm_type": "way",
        "name": "Unnamed Pond (wb-way-33630325)",
        "name_ta": "",
        "category": "pond",
        "water_type": "water",
        "latitude": 13.0483388,
        "longitude": 80.1021545,
        "city": "Chennai",
        "state": "Tamil Nadu"
      },
      "geometry": {
        "type": "Point",
        "coordinates": [
          80.1021545,
          13.0483388
        ]
      }
    },
    {
      "type": "Feature",
      "id": "wb-way-34483988",
      "properties": {
        "osm_id": 34483988,
        "osm_type": "way",
        "name": "Unnamed Pond (wb-way-34483988)",
        "name_ta": "",
        "category": "pond",
        "water_type": "water",
        "latitude": 13.1646874,
        "longitude": 80.1492722,
        "city": "Chennai",
        "state": "Tamil Nadu"
      },
      "geometry": {
        "type": "Point",
        "coordinates": [
          80.1492722,
          13.1646874
        ]
      }
    },
    {
      "type": "Feature",
      "id": "wb-way-34483989",
      "properties": {
        "osm_id": 34483989,
        "osm_type": "way",
        "name": "Mittanamalli Lake",
        "name_ta": "",
        "category": "lake",
        "water_type": "lake",
        "latitude": 13.1619422,
        "longitude": 80.0734762,
        "city": "Chennai",
        "state": "Tamil Nadu"
      },
      "geometry": {
        "type": "Point",
        "coordinates": [
          80.0734762,
          13.1619422
        ]
      }
    },
    {
      "type": "Feature",
      "id": "wb-way-34483992",
      "properties": {
        "osm_id": 34483992,
        "osm_type": "way",
        "name": "Unnamed Wetland (wb-way-34483992)",
        "name_ta": "",
        "category": "wetland",
        "water_type": "wetland",
        "latitude": 13.1615436,
        "longitude": 80.1333787,
        "city": "Chennai",
        "state": "Tamil Nadu"
      },
      "geometry": {
        "type": "Point",
        "coordinates": [
          80.1333787,
          13.1615436
        ]
      }
    },
    {
      "type": "Feature",
      "id": "wb-way-34483994",
      "properties": {
        "osm_id": 34483994,
        "osm_type": "way",
        "name": "Unnamed Wetland (wb-way-34483994)",
        "name_ta": "",
        "category": "wetland",
        "water_type": "wetland",
        "latitude": 13.168647,
        "longitude": 80.1272149,
        "city": "Chennai",
        "state": "Tamil Nadu"
      },
      "geometry": {
        "type": "Point",
        "coordinates": [
          80.1272149,
          13.168647
        ]
      }
    },
    {
      "type": "Feature",
      "id": "wb-way-34483997",
      "properties": {
        "osm_id": 34483997,
        "osm_type": "way",
        "name": "Nagaraja aeri",
        "name_ta": "",
        "category": "lake",
        "water_type": "lake",
        "latitude": 13.10925,
        "longitude": 80.076375,
        "city": "Chennai",
        "state": "Tamil Nadu"
      },
      "geometry": {
        "type": "Point",
        "coordinates": [
          80.076375,
          13.10925
        ]
      }
    },
    {
      "type": "Feature",
      "id": "wb-way-34483999",
      "properties": {
        "osm_id": 34483999,
        "osm_type": "way",
        "name": "Unnamed Pond (wb-way-34483999)",
        "name_ta": "",
        "category": "pond",
        "water_type": "water",
        "latitude": 13.1377398,
        "longitude": 80.119852,
        "city": "Chennai",
        "state": "Tamil Nadu"
      },
      "geometry": {
        "type": "Point",
        "coordinates": [
          80.119852,
          13.1377398
        ]
      }
    },
    {
      "type": "Feature",
      "id": "wb-way-34484000",
      "properties": {
        "osm_id": 34484000,
        "osm_type": "way",
        "name": "Konimedu Lake",
        "name_ta": "",
        "category": "lake",
        "water_type": "lake",
        "latitude": 13.1824543,
        "longitude": 80.1526153,
        "city": "Chennai",
        "state": "Tamil Nadu"
      },
      "geometry": {
        "type": "Point",
        "coordinates": [
          80.1526153,
          13.1824543
        ]
      }
    },
    {
      "type": "Feature",
      "id": "wb-way-34484007",
      "properties": {
        "osm_id": 34484007,
        "osm_type": "way",
        "name": "Unnamed Pond (wb-way-34484007)",
        "name_ta": "",
        "category": "pond",
        "water_type": "water",
        "latitude": 13.1686367,
        "longitude": 80.1168621,
        "city": "Chennai",
        "state": "Tamil Nadu"
      },
      "geometry": {
        "type": "Point",
        "coordinates": [
          80.1168621,
          13.1686367
        ]
      }
    },
    {
      "type": "Feature",
      "id": "wb-way-34484008",
      "properties": {
        "osm_id": 34484008,
        "osm_type": "way",
        "name": "Vellanur aeri",
        "name_ta": "",
        "category": "lake",
        "water_type": "lake",
        "latitude": 13.1619966,
        "longitude": 80.1072145,
        "city": "Chennai",
        "state": "Tamil Nadu"
      },
      "geometry": {
        "type": "Point",
        "coordinates": [
          80.1072145,
          13.1619966
        ]
      }
    },
    {
      "type": "Feature",
      "id": "wb-way-34618168",
      "properties": {
        "osm_id": 34618168,
        "osm_type": "way",
        "name": "Ayapakkam Lake",
        "name_ta": "",
        "category": "lake",
        "water_type": "water",
        "latitude": 13.1018659,
        "longitude": 80.1287157,
        "city": "Chennai",
        "state": "Tamil Nadu"
      },
      "geometry": {
        "type": "Point",
        "coordinates": [
          80.1287157,
          13.1018659
        ]
      }
    },
    {
      "type": "Feature",
      "id": "wb-way-35475053",
      "properties": {
        "osm_id": 35475053,
        "osm_type": "way",
        "name": "Karaneeswarar Temple Tank",
        "name_ta": "",
        "category": "reservoir",
        "water_type": "reservoir",
        "latitude": 13.0247592,
        "longitude": 80.2224859,
        "city": "Chennai",
        "state": "Tamil Nadu"
      },
      "geometry": {
        "type": "Point",
        "coordinates": [
          80.2224859,
          13.0247592
        ]
      }
    },
    {
      "type": "Feature",
      "id": "wb-way-35475132",
      "properties": {
        "osm_id": 35475132,
        "osm_type": "way",
        "name": "Prasanna Venkatesa Perumal Koil Kulam",
        "name_ta": "",
        "category": "pond",
        "water_type": "pond",
        "latitude": 13.0223868,
        "longitude": 80.2173036,
        "city": "Chennai",
        "state": "Tamil Nadu"
      },
      "geometry": {
        "type": "Point",
        "coordinates": [
          80.2173036,
          13.0223868
        ]
      }
    },
    {
      "type": "Feature",
      "id": "wb-way-47109361",
      "properties": {
        "osm_id": 47109361,
        "osm_type": "way",
        "name": "Kachaleeswara Temple Reservoir",
        "name_ta": "",
        "category": "reservoir",
        "water_type": "reservoir",
        "latitude": 13.0933942,
        "longitude": 80.2873848,
        "city": "Chennai",
        "state": "Tamil Nadu"
      },
      "geometry": {
        "type": "Point",
        "coordinates": [
          80.2873848,
          13.0933942
        ]
      }
    },
    {
      "type": "Feature",
      "id": "wb-way-47109373",
      "properties": {
        "osm_id": 47109373,
        "osm_type": "way",
        "name": "Malligeshwarar Temple Reservoir",
        "name_ta": "",
        "category": "reservoir",
        "water_type": "reservoir",
        "latitude": 13.097879,
        "longitude": 80.290036,
        "city": "Chennai",
        "state": "Tamil Nadu"
      },
      "geometry": {
        "type": "Point",
        "coordinates": [
          80.290036,
          13.097879
        ]
      }
    },
    {
      "type": "Feature",
      "id": "wb-way-47415291",
      "properties": {
        "osm_id": 47415291,
        "osm_type": "way",
        "name": "Kondithope Kasi Viswanathar Koil",
        "name_ta": "",
        "category": "pond",
        "water_type": "pond",
        "latitude": 13.1001576,
        "longitude": 80.2779169,
        "city": "Chennai",
        "state": "Tamil Nadu"
      },
      "geometry": {
        "type": "Point",
        "coordinates": [
          80.2779169,
          13.1001576
        ]
      }
    },
    {
      "type": "Feature",
      "id": "wb-way-47571166",
      "properties": {
        "osm_id": 47571166,
        "osm_type": "way",
        "name": "Thiruvateeswaran Koil Kulam",
        "name_ta": "",
        "category": "pond",
        "water_type": "pond",
        "latitude": 13.0616759,
        "longitude": 80.2725411,
        "city": "Chennai",
        "state": "Tamil Nadu"
      },
      "geometry": {
        "type": "Point",
        "coordinates": [
          80.2725411,
          13.0616759
        ]
      }
    },
    {
      "type": "Feature",
      "id": "wb-way-47572261",
      "properties": {
        "osm_id": 47572261,
        "osm_type": "way",
        "name": "Rajakilpakkam Lake",
        "name_ta": "",
        "category": "lake",
        "water_type": "water",
        "latitude": 12.9188621,
        "longitude": 80.150802,
        "city": "Chennai",
        "state": "Tamil Nadu"
      },
      "geometry": {
        "type": "Point",
        "coordinates": [
          80.150802,
          12.9188621
        ]
      }
    },
    {
      "type": "Feature",
      "id": "wb-way-47572610",
      "properties": {
        "osm_id": 47572610,
        "osm_type": "way",
        "name": "Unnamed Reservoir (wb-way-47572610)",
        "name_ta": "",
        "category": "reservoir",
        "water_type": "reservoir",
        "latitude": 12.8938797,
        "longitude": 80.1495781,
        "city": "Chennai",
        "state": "Tamil Nadu"
      },
      "geometry": {
        "type": "Point",
        "coordinates": [
          80.1495781,
          12.8938797
        ]
      }
    },
    {
      "type": "Feature",
      "id": "wb-way-47572658",
      "properties": {
        "osm_id": 47572658,
        "osm_type": "way",
        "name": "Unnamed Reservoir (wb-way-47572658)",
        "name_ta": "",
        "category": "reservoir",
        "water_type": "reservoir",
        "latitude": 12.8871485,
        "longitude": 80.177216,
        "city": "Chennai",
        "state": "Tamil Nadu"
      },
      "geometry": {
        "type": "Point",
        "coordinates": [
          80.177216,
          12.8871485
        ]
      }
    },
    {
      "type": "Feature",
      "id": "wb-way-48057021",
      "properties": {
        "osm_id": 48057021,
        "osm_type": "way",
        "name": "Gangadeeshwarar Koil Kulam",
        "name_ta": "",
        "category": "pond",
        "water_type": "pond",
        "latitude": 13.0851598,
        "longitude": 80.2542844,
        "city": "Chennai",
        "state": "Tamil Nadu"
      },
      "geometry": {
        "type": "Point",
        "coordinates": [
          80.2542844,
          13.0851598
        ]
      }
    },
    {
      "type": "Feature",
      "id": "wb-way-48737652",
      "properties": {
        "osm_id": 48737652,
        "osm_type": "way",
        "name": "Unnamed Reservoir (wb-way-48737652)",
        "name_ta": "",
        "category": "reservoir",
        "water_type": "reservoir",
        "latitude": 13.1054624,
        "longitude": 80.2383389,
        "city": "Chennai",
        "state": "Tamil Nadu"
      },
      "geometry": {
        "type": "Point",
        "coordinates": [
          80.2383389,
          13.1054624
        ]
      }
    },
    {
      "type": "Feature",
      "id": "wb-way-48738675",
      "properties": {
        "osm_id": 48738675,
        "osm_type": "way",
        "name": "Unnamed Reservoir (wb-way-48738675)",
        "name_ta": "",
        "category": "reservoir",
        "water_type": "reservoir",
        "latitude": 13.0978298,
        "longitude": 80.2264722,
        "city": "Chennai",
        "state": "Tamil Nadu"
      },
      "geometry": {
        "type": "Point",
        "coordinates": [
          80.2264722,
          13.0978298
        ]
      }
    },
    {
      "type": "Feature",
      "id": "wb-way-82874933",
      "properties": {
        "osm_id": 82874933,
        "osm_type": "way",
        "name": "Nesavalar Nagar Lake",
        "name_ta": "",
        "category": "lake",
        "water_type": "lake",
        "latitude": 12.9129973,
        "longitude": 80.2001602,
        "city": "Chennai",
        "state": "Tamil Nadu"
      },
      "geometry": {
        "type": "Point",
        "coordinates": [
          80.2001602,
          12.9129973
        ]
      }
    },
    {
      "type": "Feature",
      "id": "wb-way-82883544",
      "properties": {
        "osm_id": 82883544,
        "osm_type": "way",
        "name": "Mambakkam Lake",
        "name_ta": "",
        "category": "lake",
        "water_type": "reservoir",
        "latitude": 12.8498722,
        "longitude": 80.1597378,
        "city": "Chennai",
        "state": "Tamil Nadu"
      },
      "geometry": {
        "type": "Point",
        "coordinates": [
          80.1597378,
          12.8498722
        ]
      }
    },
    {
      "type": "Feature",
      "id": "wb-way-82883558",
      "properties": {
        "osm_id": 82883558,
        "osm_type": "way",
        "name": "Unnamed Reservoir (wb-way-82883558)",
        "name_ta": "",
        "category": "reservoir",
        "water_type": "reservoir",
        "latitude": 12.9178028,
        "longitude": 80.1837776,
        "city": "Chennai",
        "state": "Tamil Nadu"
      },
      "geometry": {
        "type": "Point",
        "coordinates": [
          80.1837776,
          12.9178028
        ]
      }
    },
    {
      "type": "Feature",
      "id": "wb-way-82883586",
      "properties": {
        "osm_id": 82883586,
        "osm_type": "way",
        "name": "Unnamed Reservoir (wb-way-82883586)",
        "name_ta": "",
        "category": "reservoir",
        "water_type": "reservoir",
        "latitude": 12.8761796,
        "longitude": 80.1450247,
        "city": "Chennai",
        "state": "Tamil Nadu"
      },
      "geometry": {
        "type": "Point",
        "coordinates": [
          80.1450247,
          12.8761796
        ]
      }
    },
    {
      "type": "Feature",
      "id": "wb-way-82883601",
      "properties": {
        "osm_id": 82883601,
        "osm_type": "way",
        "name": "Unnamed Reservoir (wb-way-82883601)",
        "name_ta": "",
        "category": "reservoir",
        "water_type": "reservoir",
        "latitude": 12.8708493,
        "longitude": 80.1816031,
        "city": "Chennai",
        "state": "Tamil Nadu"
      },
      "geometry": {
        "type": "Point",
        "coordinates": [
          80.1816031,
          12.8708493
        ]
      }
    },
    {
      "type": "Feature",
      "id": "wb-way-82883604",
      "properties": {
        "osm_id": 82883604,
        "osm_type": "way",
        "name": "Chitrerari Lake",
        "name_ta": "",
        "category": "lake",
        "water_type": "lake",
        "latitude": 12.909069,
        "longitude": 80.1709087,
        "city": "Chennai",
        "state": "Tamil Nadu"
      },
      "geometry": {
        "type": "Point",
        "coordinates": [
          80.1709087,
          12.909069
        ]
      }
    },
    {
      "type": "Feature",
      "id": "wb-way-83075012",
      "properties": {
        "osm_id": 83075012,
        "osm_type": "way",
        "name": "Unnamed Pond (wb-way-83075012)",
        "name_ta": "",
        "category": "pond",
        "water_type": "river",
        "latitude": 13.0750684,
        "longitude": 80.2784097,
        "city": "Chennai",
        "state": "Tamil Nadu"
      },
      "geometry": {
        "type": "Point",
        "coordinates": [
          80.2784097,
          13.0750684
        ]
      }
    },
    {
      "type": "Feature",
      "id": "wb-way-83300092",
      "properties": {
        "osm_id": 83300092,
        "osm_type": "way",
        "name": "Aquarium",
        "name_ta": "",
        "category": "pond",
        "water_type": "water",
        "latitude": 12.8793209,
        "longitude": 80.0859477,
        "city": "Chennai",
        "state": "Tamil Nadu"
      },
      "geometry": {
        "type": "Point",
        "coordinates": [
          80.0859477,
          12.8793209
        ]
      }
    },
    {
      "type": "Feature",
      "id": "wb-way-84099124",
      "properties": {
        "osm_id": 84099124,
        "osm_type": "way",
        "name": "Madippakkam Village Pond",
        "name_ta": "",
        "category": "pond",
        "water_type": "pond",
        "latitude": 12.9637856,
        "longitude": 80.1974717,
        "city": "Chennai",
        "state": "Tamil Nadu"
      },
      "geometry": {
        "type": "Point",
        "coordinates": [
          80.1974717,
          12.9637856
        ]
      }
    },
    {
      "type": "Feature",
      "id": "wb-way-84106295",
      "properties": {
        "osm_id": 84106295,
        "osm_type": "way",
        "name": "Unnamed Wetland (wb-way-84106295)",
        "name_ta": "",
        "category": "wetland",
        "water_type": "wetland",
        "latitude": 12.9343054,
        "longitude": 80.2286073,
        "city": "Chennai",
        "state": "Tamil Nadu"
      },
      "geometry": {
        "type": "Point",
        "coordinates": [
          80.2286073,
          12.9343054
        ]
      }
    },
    {
      "type": "Feature",
      "id": "wb-way-86251016",
      "properties": {
        "osm_id": 86251016,
        "osm_type": "way",
        "name": "Sooriamman Koil pond",
        "name_ta": "",
        "category": "reservoir",
        "water_type": "reservoir",
        "latitude": 12.9726283,
        "longitude": 80.132766,
        "city": "Chennai",
        "state": "Tamil Nadu"
      },
      "geometry": {
        "type": "Point",
        "coordinates": [
          80.132766,
          12.9726283
        ]
      }
    },
    {
      "type": "Feature",
      "id": "wb-way-87098619",
      "properties": {
        "osm_id": 87098619,
        "osm_type": "way",
        "name": "Otteri Lake",
        "name_ta": "",
        "category": "lake",
        "water_type": "reservoir",
        "latitude": 12.8843504,
        "longitude": 80.0846855,
        "city": "Chennai",
        "state": "Tamil Nadu"
      },
      "geometry": {
        "type": "Point",
        "coordinates": [
          80.0846855,
          12.8843504
        ]
      }
    },
    {
      "type": "Feature",
      "id": "wb-way-95639899",
      "properties": {
        "osm_id": 95639899,
        "osm_type": "way",
        "name": "Unnamed Pond (wb-way-95639899)",
        "name_ta": "",
        "category": "pond",
        "water_type": "water",
        "latitude": 13.09321,
        "longitude": 80.0953113,
        "city": "Chennai",
        "state": "Tamil Nadu"
      },
      "geometry": {
        "type": "Point",
        "coordinates": [
          80.0953113,
          13.09321
        ]
      }
    },
    {
      "type": "Feature",
      "id": "wb-way-95639903",
      "properties": {
        "osm_id": 95639903,
        "osm_type": "way",
        "name": "Unnamed Pond (wb-way-95639903)",
        "name_ta": "",
        "category": "pond",
        "water_type": "water",
        "latitude": 13.0781151,
        "longitude": 80.086418,
        "city": "Chennai",
        "state": "Tamil Nadu"
      },
      "geometry": {
        "type": "Point",
        "coordinates": [
          80.086418,
          13.0781151
        ]
      }
    },
    {
      "type": "Feature",
      "id": "wb-way-95639912",
      "properties": {
        "osm_id": 95639912,
        "osm_type": "way",
        "name": "Unnamed Pond (wb-way-95639912)",
        "name_ta": "",
        "category": "pond",
        "water_type": "water",
        "latitude": 13.1164224,
        "longitude": 80.0658102,
        "city": "Chennai",
        "state": "Tamil Nadu"
      },
      "geometry": {
        "type": "Point",
        "coordinates": [
          80.0658102,
          13.1164224
        ]
      }
    },
    {
      "type": "Feature",
      "id": "wb-way-95639925",
      "properties": {
        "osm_id": 95639925,
        "osm_type": "way",
        "name": "Unnamed Pond (wb-way-95639925)",
        "name_ta": "",
        "category": "pond",
        "water_type": "water",
        "latitude": 13.0451533,
        "longitude": 80.0619316,
        "city": "Chennai",
        "state": "Tamil Nadu"
      },
      "geometry": {
        "type": "Point",
        "coordinates": [
          80.0619316,
          13.0451533
        ]
      }
    },
    {
      "type": "Feature",
      "id": "wb-way-95639930",
      "properties": {
        "osm_id": 95639930,
        "osm_type": "way",
        "name": "Thandurai aeri",
        "name_ta": "",
        "category": "lake",
        "water_type": "lake",
        "latitude": 13.1160212,
        "longitude": 80.0560661,
        "city": "Chennai",
        "state": "Tamil Nadu"
      },
      "geometry": {
        "type": "Point",
        "coordinates": [
          80.0560661,
          13.1160212
        ]
      }
    },
    {
      "type": "Feature",
      "id": "wb-way-95668334",
      "properties": {
        "osm_id": 95668334,
        "osm_type": "way",
        "name": "Unnamed Wetland (wb-way-95668334)",
        "name_ta": "",
        "category": "wetland",
        "water_type": "wetland",
        "latitude": 13.111393,
        "longitude": 80.2683165,
        "city": "Chennai",
        "state": "Tamil Nadu"
      },
      "geometry": {
        "type": "Point",
        "coordinates": [
          80.2683165,
          13.111393
        ]
      }
    },
    {
      "type": "Feature",
      "id": "wb-way-95668343",
      "properties": {
        "osm_id": 95668343,
        "osm_type": "way",
        "name": "Unnamed Wetland (wb-way-95668343)",
        "name_ta": "",
        "category": "wetland",
        "water_type": "wetland",
        "latitude": 13.1078009,
        "longitude": 80.2707099,
        "city": "Chennai",
        "state": "Tamil Nadu"
      },
      "geometry": {
        "type": "Point",
        "coordinates": [
          80.2707099,
          13.1078009
        ]
      }
    },
    {
      "type": "Feature",
      "id": "wb-way-95668360",
      "properties": {
        "osm_id": 95668360,
        "osm_type": "way",
        "name": "Kolathur Lake",
        "name_ta": "",
        "category": "lake",
        "water_type": "lake",
        "latitude": 13.1282577,
        "longitude": 80.2129191,
        "city": "Chennai",
        "state": "Tamil Nadu"
      },
      "geometry": {
        "type": "Point",
        "coordinates": [
          80.2129191,
          13.1282577
        ]
      }
    },
    {
      "type": "Feature",
      "id": "wb-way-95772858",
      "properties": {
        "osm_id": 95772858,
        "osm_type": "way",
        "name": "Alleri Tank",
        "name_ta": "",
        "category": "lake",
        "water_type": "lake",
        "latitude": 12.9408843,
        "longitude": 80.1190628,
        "city": "Chennai",
        "state": "Tamil Nadu"
      },
      "geometry": {
        "type": "Point",
        "coordinates": [
          80.1190628,
          12.9408843
        ]
      }
    },
    {
      "type": "Feature",
      "id": "wb-way-96944704",
      "properties": {
        "osm_id": 96944704,
        "osm_type": "way",
        "name": "Unnamed Pond (wb-way-96944704)",
        "name_ta": "",
        "category": "pond",
        "water_type": "river",
        "latitude": 13.0689874,
        "longitude": 80.1283976,
        "city": "Chennai",
        "state": "Tamil Nadu"
      },
      "geometry": {
        "type": "Point",
        "coordinates": [
          80.1283976,
          13.0689874
        ]
      }
    },
    {
      "type": "Feature",
      "id": "wb-way-96944715",
      "properties": {
        "osm_id": 96944715,
        "osm_type": "way",
        "name": "Unnamed Pond (wb-way-96944715)",
        "name_ta": "",
        "category": "pond",
        "water_type": "river",
        "latitude": 12.9823324,
        "longitude": 80.1347134,
        "city": "Chennai",
        "state": "Tamil Nadu"
      },
      "geometry": {
        "type": "Point",
        "coordinates": [
          80.1347134,
          12.9823324
        ]
      }
    },
    {
      "type": "Feature",
      "id": "wb-way-96944720",
      "properties": {
        "osm_id": 96944720,
        "osm_type": "way",
        "name": "Unnamed Pond (wb-way-96944720)",
        "name_ta": "",
        "category": "pond",
        "water_type": "river",
        "latitude": 13.0978287,
        "longitude": 80.0886461,
        "city": "Chennai",
        "state": "Tamil Nadu"
      },
      "geometry": {
        "type": "Point",
        "coordinates": [
          80.0886461,
          13.0978287
        ]
      }
    },
    {
      "type": "Feature",
      "id": "wb-way-96944723",
      "properties": {
        "osm_id": 96944723,
        "osm_type": "way",
        "name": "Unnamed Pond (wb-way-96944723)",
        "name_ta": "",
        "category": "pond",
        "water_type": "canal",
        "latitude": 13.0838916,
        "longitude": 80.1072473,
        "city": "Chennai",
        "state": "Tamil Nadu"
      },
      "geometry": {
        "type": "Point",
        "coordinates": [
          80.1072473,
          13.0838916
        ]
      }
    },
    {
      "type": "Feature",
      "id": "wb-way-96944724",
      "properties": {
        "osm_id": 96944724,
        "osm_type": "way",
        "name": "Unnamed Pond (wb-way-96944724)",
        "name_ta": "",
        "category": "pond",
        "water_type": "river",
        "latitude": 13.1010683,
        "longitude": 79.9926239,
        "city": "Chennai",
        "state": "Tamil Nadu"
      },
      "geometry": {
        "type": "Point",
        "coordinates": [
          79.9926239,
          13.1010683
        ]
      }
    },
    {
      "type": "Feature",
      "id": "wb-way-96963152",
      "properties": {
        "osm_id": 96963152,
        "osm_type": "way",
        "name": "Unnamed Pond (wb-way-96963152)",
        "name_ta": "",
        "category": "pond",
        "water_type": "water",
        "latitude": 12.875801,
        "longitude": 80.1058085,
        "city": "Chennai",
        "state": "Tamil Nadu"
      },
      "geometry": {
        "type": "Point",
        "coordinates": [
          80.1058085,
          12.875801
        ]
      }
    },
    {
      "type": "Feature",
      "id": "wb-way-97000438",
      "properties": {
        "osm_id": 97000438,
        "osm_type": "way",
        "name": "Unnamed Wetland (wb-way-97000438)",
        "name_ta": "",
        "category": "wetland",
        "water_type": "wetland",
        "latitude": 12.9146869,
        "longitude": 80.1022263,
        "city": "Chennai",
        "state": "Tamil Nadu"
      },
      "geometry": {
        "type": "Point",
        "coordinates": [
          80.1022263,
          12.9146869
        ]
      }
    },
    {
      "type": "Feature",
      "id": "wb-way-97000441",
      "properties": {
        "osm_id": 97000441,
        "osm_type": "way",
        "name": "Unnamed Wetland (wb-way-97000441)",
        "name_ta": "",
        "category": "wetland",
        "water_type": "wetland",
        "latitude": 12.9151916,
        "longitude": 80.103807,
        "city": "Chennai",
        "state": "Tamil Nadu"
      },
      "geometry": {
        "type": "Point",
        "coordinates": [
          80.103807,
          12.9151916
        ]
      }
    },
    {
      "type": "Feature",
      "id": "wb-way-97000443",
      "properties": {
        "osm_id": 97000443,
        "osm_type": "way",
        "name": "Unnamed Wetland (wb-way-97000443)",
        "name_ta": "",
        "category": "wetland",
        "water_type": "wetland",
        "latitude": 12.9139916,
        "longitude": 80.1036194,
        "city": "Chennai",
        "state": "Tamil Nadu"
      },
      "geometry": {
        "type": "Point",
        "coordinates": [
          80.1036194,
          12.9139916
        ]
      }
    },
    {
      "type": "Feature",
      "id": "wb-way-97000448",
      "properties": {
        "osm_id": 97000448,
        "osm_type": "way",
        "name": "Unnamed Wetland (wb-way-97000448)",
        "name_ta": "",
        "category": "wetland",
        "water_type": "wetland",
        "latitude": 12.9157826,
        "longitude": 80.1020465,
        "city": "Chennai",
        "state": "Tamil Nadu"
      },
      "geometry": {
        "type": "Point",
        "coordinates": [
          80.1020465,
          12.9157826
        ]
      }
    },
    {
      "type": "Feature",
      "id": "wb-way-97000452",
      "properties": {
        "osm_id": 97000452,
        "osm_type": "way",
        "name": "Unnamed Wetland (wb-way-97000452)",
        "name_ta": "",
        "category": "wetland",
        "water_type": "wetland",
        "latitude": 12.9158981,
        "longitude": 80.1029194,
        "city": "Chennai",
        "state": "Tamil Nadu"
      },
      "geometry": {
        "type": "Point",
        "coordinates": [
          80.1029194,
          12.9158981
        ]
      }
    },
    {
      "type": "Feature",
      "id": "wb-way-97686736",
      "properties": {
        "osm_id": 97686736,
        "osm_type": "way",
        "name": "Unnamed Reservoir (wb-way-97686736)",
        "name_ta": "",
        "category": "reservoir",
        "water_type": "reservoir",
        "latitude": 13.1699699,
        "longitude": 80.3008677,
        "city": "Chennai",
        "state": "Tamil Nadu"
      },
      "geometry": {
        "type": "Point",
        "coordinates": [
          80.3008677,
          13.1699699
        ]
      }
    },
    {
      "type": "Feature",
      "id": "wb-way-98315659",
      "properties": {
        "osm_id": 98315659,
        "osm_type": "way",
        "name": "Unnamed Pond (wb-way-98315659)",
        "name_ta": "",
        "category": "pond",
        "water_type": "water",
        "latitude": 13.2587227,
        "longitude": 80.2024993,
        "city": "Chennai",
        "state": "Tamil Nadu"
      },
      "geometry": {
        "type": "Point",
        "coordinates": [
          80.2024993,
          13.2587227
        ]
      }
    },
    {
      "type": "Feature",
      "id": "wb-way-98315664",
      "properties": {
        "osm_id": 98315664,
        "osm_type": "way",
        "name": "Unnamed Pond (wb-way-98315664)",
        "name_ta": "",
        "category": "pond",
        "water_type": "water",
        "latitude": 13.210614,
        "longitude": 80.1759435,
        "city": "Chennai",
        "state": "Tamil Nadu"
      },
      "geometry": {
        "type": "Point",
        "coordinates": [
          80.1759435,
          13.210614
        ]
      }
    },
    {
      "type": "Feature",
      "id": "wb-way-98315669",
      "properties": {
        "osm_id": 98315669,
        "osm_type": "way",
        "name": "Kadapakkam Tank",
        "name_ta": "",
        "category": "lake",
        "water_type": "lake",
        "latitude": 13.2008861,
        "longitude": 80.2527498,
        "city": "Chennai",
        "state": "Tamil Nadu"
      },
      "geometry": {
        "type": "Point",
        "coordinates": [
          80.2527498,
          13.2008861
        ]
      }
    },
    {
      "type": "Feature",
      "id": "wb-way-98315675",
      "properties": {
        "osm_id": 98315675,
        "osm_type": "way",
        "name": "Unnamed Wetland (wb-way-98315675)",
        "name_ta": "",
        "category": "wetland",
        "water_type": "wetland",
        "latitude": 13.2207846,
        "longitude": 80.2106285,
        "city": "Chennai",
        "state": "Tamil Nadu"
      },
      "geometry": {
        "type": "Point",
        "coordinates": [
          80.2106285,
          13.2207846
        ]
      }
    },
    {
      "type": "Feature",
      "id": "wb-way-98315691",
      "properties": {
        "osm_id": 98315691,
        "osm_type": "way",
        "name": "Unnamed Pond (wb-way-98315691)",
        "name_ta": "",
        "category": "pond",
        "water_type": "water",
        "latitude": 13.2060076,
        "longitude": 80.2401816,
        "city": "Chennai",
        "state": "Tamil Nadu"
      },
      "geometry": {
        "type": "Point",
        "coordinates": [
          80.2401816,
          13.2060076
        ]
      }
    },
    {
      "type": "Feature",
      "id": "wb-way-98357289",
      "properties": {
        "osm_id": 98357289,
        "osm_type": "way",
        "name": "Unnamed Reservoir (wb-way-98357289)",
        "name_ta": "",
        "category": "reservoir",
        "water_type": "reservoir",
        "latitude": 12.8874538,
        "longitude": 80.2253267,
        "city": "Chennai",
        "state": "Tamil Nadu"
      },
      "geometry": {
        "type": "Point",
        "coordinates": [
          80.2253267,
          12.8874538
        ]
      }
    },
    {
      "type": "Feature",
      "id": "wb-way-98357294",
      "properties": {
        "osm_id": 98357294,
        "osm_type": "way",
        "name": "Unnamed Reservoir (wb-way-98357294)",
        "name_ta": "",
        "category": "reservoir",
        "water_type": "reservoir",
        "latitude": 12.88272,
        "longitude": 80.225266,
        "city": "Chennai",
        "state": "Tamil Nadu"
      },
      "geometry": {
        "type": "Point",
        "coordinates": [
          80.225266,
          12.88272
        ]
      }
    },
    {
      "type": "Feature",
      "id": "wb-way-98357297",
      "properties": {
        "osm_id": 98357297,
        "osm_type": "way",
        "name": "Dhenupureeswarar Tank",
        "name_ta": "",
        "category": "reservoir",
        "water_type": "reservoir",
        "latitude": 12.8979788,
        "longitude": 80.1601043,
        "city": "Chennai",
        "state": "Tamil Nadu"
      },
      "geometry": {
        "type": "Point",
        "coordinates": [
          80.1601043,
          12.8979788
        ]
      }
    },
    {
      "type": "Feature",
      "id": "wb-way-98357315",
      "properties": {
        "osm_id": 98357315,
        "osm_type": "way",
        "name": "Unnamed Reservoir (wb-way-98357315)",
        "name_ta": "",
        "category": "reservoir",
        "water_type": "reservoir",
        "latitude": 12.8567417,
        "longitude": 80.1388805,
        "city": "Chennai",
        "state": "Tamil Nadu"
      },
      "geometry": {
        "type": "Point",
        "coordinates": [
          80.1388805,
          12.8567417
        ]
      }
    },
    {
      "type": "Feature",
      "id": "wb-way-98357340",
      "properties": {
        "osm_id": 98357340,
        "osm_type": "way",
        "name": "Unnamed Reservoir (wb-way-98357340)",
        "name_ta": "",
        "category": "reservoir",
        "water_type": "reservoir",
        "latitude": 12.8901967,
        "longitude": 80.2255961,
        "city": "Chennai",
        "state": "Tamil Nadu"
      },
      "geometry": {
        "type": "Point",
        "coordinates": [
          80.2255961,
          12.8901967
        ]
      }
    },
    {
      "type": "Feature",
      "id": "wb-way-98357345",
      "properties": {
        "osm_id": 98357345,
        "osm_type": "way",
        "name": "Unnamed Pond (wb-way-98357345)",
        "name_ta": "",
        "category": "pond",
        "water_type": "water",
        "latitude": 12.8509516,
        "longitude": 80.2032846,
        "city": "Chennai",
        "state": "Tamil Nadu"
      },
      "geometry": {
        "type": "Point",
        "coordinates": [
          80.2032846,
          12.8509516
        ]
      }
    },
    {
      "type": "Feature",
      "id": "wb-way-98357449",
      "properties": {
        "osm_id": 98357449,
        "osm_type": "way",
        "name": "Vengadamangalam, IRPC Lake",
        "name_ta": "",
        "category": "lake",
        "water_type": "reservoir",
        "latitude": 12.858513,
        "longitude": 80.1520198,
        "city": "Chennai",
        "state": "Tamil Nadu"
      },
      "geometry": {
        "type": "Point",
        "coordinates": [
          80.1520198,
          12.858513
        ]
      }
    },
    {
      "type": "Feature",
      "id": "wb-way-98357524",
      "properties": {
        "osm_id": 98357524,
        "osm_type": "way",
        "name": "Perumbakkam Lake",
        "name_ta": "",
        "category": "lake",
        "water_type": "reservoir",
        "latitude": 12.9009779,
        "longitude": 80.1941528,
        "city": "Chennai",
        "state": "Tamil Nadu"
      },
      "geometry": {
        "type": "Point",
        "coordinates": [
          80.1941528,
          12.9009779
        ]
      }
    },
    {
      "type": "Feature",
      "id": "wb-way-98357574",
      "properties": {
        "osm_id": 98357574,
        "osm_type": "way",
        "name": "Unnamed Reservoir (wb-way-98357574)",
        "name_ta": "",
        "category": "reservoir",
        "water_type": "reservoir",
        "latitude": 12.8561341,
        "longitude": 80.2041562,
        "city": "Chennai",
        "state": "Tamil Nadu"
      },
      "geometry": {
        "type": "Point",
        "coordinates": [
          80.2041562,
          12.8561341
        ]
      }
    },
    {
      "type": "Feature",
      "id": "wb-way-98357618",
      "properties": {
        "osm_id": 98357618,
        "osm_type": "way",
        "name": "Unnamed Reservoir (wb-way-98357618)",
        "name_ta": "",
        "category": "reservoir",
        "water_type": "reservoir",
        "latitude": 12.8855844,
        "longitude": 80.2323487,
        "city": "Chennai",
        "state": "Tamil Nadu"
      },
      "geometry": {
        "type": "Point",
        "coordinates": [
          80.2323487,
          12.8855844
        ]
      }
    },
    {
      "type": "Feature",
      "id": "wb-way-98357621",
      "properties": {
        "osm_id": 98357621,
        "osm_type": "way",
        "name": "Unnamed Reservoir (wb-way-98357621)",
        "name_ta": "",
        "category": "reservoir",
        "water_type": "reservoir",
        "latitude": 12.8498998,
        "longitude": 80.1459103,
        "city": "Chennai",
        "state": "Tamil Nadu"
      },
      "geometry": {
        "type": "Point",
        "coordinates": [
          80.1459103,
          12.8498998
        ]
      }
    },
    {
      "type": "Feature",
      "id": "wb-way-98357649",
      "properties": {
        "osm_id": 98357649,
        "osm_type": "way",
        "name": "Unnamed Reservoir (wb-way-98357649)",
        "name_ta": "",
        "category": "reservoir",
        "water_type": "reservoir",
        "latitude": 12.8987797,
        "longitude": 80.1654597,
        "city": "Chennai",
        "state": "Tamil Nadu"
      },
      "geometry": {
        "type": "Point",
        "coordinates": [
          80.1654597,
          12.8987797
        ]
      }
    },
    {
      "type": "Feature",
      "id": "wb-way-98358044",
      "properties": {
        "osm_id": 98358044,
        "osm_type": "way",
        "name": "Classic Farms Lake 2",
        "name_ta": "",
        "category": "lake",
        "water_type": "lake",
        "latitude": 12.8868484,
        "longitude": 80.2210395,
        "city": "Chennai",
        "state": "Tamil Nadu"
      },
      "geometry": {
        "type": "Point",
        "coordinates": [
          80.2210395,
          12.8868484
        ]
      }
    },
    {
      "type": "Feature",
      "id": "wb-way-98358058",
      "properties": {
        "osm_id": 98358058,
        "osm_type": "way",
        "name": "Unnamed Reservoir (wb-way-98358058)",
        "name_ta": "",
        "category": "reservoir",
        "water_type": "reservoir",
        "latitude": 12.8569074,
        "longitude": 80.1959139,
        "city": "Chennai",
        "state": "Tamil Nadu"
      },
      "geometry": {
        "type": "Point",
        "coordinates": [
          80.1959139,
          12.8569074
        ]
      }
    },
    {
      "type": "Feature",
      "id": "wb-way-98358078",
      "properties": {
        "osm_id": 98358078,
        "osm_type": "way",
        "name": "Unnamed Pond (wb-way-98358078)",
        "name_ta": "",
        "category": "pond",
        "water_type": "water",
        "latitude": 12.8648381,
        "longitude": 80.0728165,
        "city": "Chennai",
        "state": "Tamil Nadu"
      },
      "geometry": {
        "type": "Point",
        "coordinates": [
          80.0728165,
          12.8648381
        ]
      }
    },
    {
      "type": "Feature",
      "id": "wb-way-98639499",
      "properties": {
        "osm_id": 98639499,
        "osm_type": "way",
        "name": "Kallu Kuttai Lake",
        "name_ta": "",
        "category": "lake",
        "water_type": "water",
        "latitude": 12.977766,
        "longitude": 80.2361236,
        "city": "Chennai",
        "state": "Tamil Nadu"
      },
      "geometry": {
        "type": "Point",
        "coordinates": [
          80.2361236,
          12.977766
        ]
      }
    },
    {
      "type": "Feature",
      "id": "wb-way-102303002",
      "properties": {
        "osm_id": 102303002,
        "osm_type": "way",
        "name": "ADHANUR LAKE",
        "name_ta": "",
        "category": "lake",
        "water_type": "reservoir",
        "latitude": 12.8659475,
        "longitude": 80.0470854,
        "city": "Chennai",
        "state": "Tamil Nadu"
      },
      "geometry": {
        "type": "Point",
        "coordinates": [
          80.0470854,
          12.8659475
        ]
      }
    },
    {
      "type": "Feature",
      "id": "wb-way-102459218",
      "properties": {
        "osm_id": 102459218,
        "osm_type": "way",
        "name": "கோலடி ஏரி",
        "name_ta": "",
        "category": "lake",
        "water_type": "lake",
        "latitude": 13.0848468,
        "longitude": 80.1239227,
        "city": "Chennai",
        "state": "Tamil Nadu"
      },
      "geometry": {
        "type": "Point",
        "coordinates": [
          80.1239227,
          13.0848468
        ]
      }
    },
    {
      "type": "Feature",
      "id": "wb-way-102459224",
      "properties": {
        "osm_id": 102459224,
        "osm_type": "way",
        "name": "Unnamed Pond (wb-way-102459224)",
        "name_ta": "",
        "category": "pond",
        "water_type": "water",
        "latitude": 13.0848181,
        "longitude": 80.1498851,
        "city": "Chennai",
        "state": "Tamil Nadu"
      },
      "geometry": {
        "type": "Point",
        "coordinates": [
          80.1498851,
          13.0848181
        ]
      }
    },
    {
      "type": "Feature",
      "id": "wb-way-102459233",
      "properties": {
        "osm_id": 102459233,
        "osm_type": "way",
        "name": "Ambattur Lake",
        "name_ta": "",
        "category": "lake",
        "water_type": "reservoir",
        "latitude": 13.1160788,
        "longitude": 80.1409692,
        "city": "Chennai",
        "state": "Tamil Nadu"
      },
      "geometry": {
        "type": "Point",
        "coordinates": [
          80.1409692,
          13.1160788
        ]
      }
    },
    {
      "type": "Feature",
      "id": "wb-way-102459272",
      "properties": {
        "osm_id": 102459272,
        "osm_type": "way",
        "name": "Unnamed Reservoir (wb-way-102459272)",
        "name_ta": "",
        "category": "reservoir",
        "water_type": "reservoir",
        "latitude": 13.0810606,
        "longitude": 80.1528589,
        "city": "Chennai",
        "state": "Tamil Nadu"
      },
      "geometry": {
        "type": "Point",
        "coordinates": [
          80.1528589,
          13.0810606
        ]
      }
    },
    {
      "type": "Feature",
      "id": "wb-way-102545496",
      "properties": {
        "osm_id": 102545496,
        "osm_type": "way",
        "name": "Unnamed Wetland (wb-way-102545496)",
        "name_ta": "",
        "category": "wetland",
        "water_type": "wetland",
        "latitude": 13.1091962,
        "longitude": 80.2746639,
        "city": "Chennai",
        "state": "Tamil Nadu"
      },
      "geometry": {
        "type": "Point",
        "coordinates": [
          80.2746639,
          13.1091962
        ]
      }
    },
    {
      "type": "Feature",
      "id": "wb-way-102545500",
      "properties": {
        "osm_id": 102545500,
        "osm_type": "way",
        "name": "Unnamed Wetland (wb-way-102545500)",
        "name_ta": "",
        "category": "wetland",
        "water_type": "wetland",
        "latitude": 13.1362071,
        "longitude": 80.282977,
        "city": "Chennai",
        "state": "Tamil Nadu"
      },
      "geometry": {
        "type": "Point",
        "coordinates": [
          80.282977,
          13.1362071
        ]
      }
    },
    {
      "type": "Feature",
      "id": "wb-way-102547877",
      "properties": {
        "osm_id": 102547877,
        "osm_type": "way",
        "name": "Thiruvalleswar Temple Pond",
        "name_ta": "",
        "category": "pond",
        "water_type": "pond",
        "latitude": 13.0965483,
        "longitude": 80.1871738,
        "city": "Chennai",
        "state": "Tamil Nadu"
      },
      "geometry": {
        "type": "Point",
        "coordinates": [
          80.1871738,
          13.0965483
        ]
      }
    },
    {
      "type": "Feature",
      "id": "wb-way-102565841",
      "properties": {
        "osm_id": 102565841,
        "osm_type": "way",
        "name": "Unnamed Wetland (wb-way-102565841)",
        "name_ta": "",
        "category": "wetland",
        "water_type": "wetland",
        "latitude": 13.180367,
        "longitude": 80.2918199,
        "city": "Chennai",
        "state": "Tamil Nadu"
      },
      "geometry": {
        "type": "Point",
        "coordinates": [
          80.2918199,
          13.180367
        ]
      }
    },
    {
      "type": "Feature",
      "id": "wb-way-102574448",
      "properties": {
        "osm_id": 102574448,
        "osm_type": "way",
        "name": "Unnamed Pond (wb-way-102574448)",
        "name_ta": "",
        "category": "pond",
        "water_type": "water",
        "latitude": 13.1066948,
        "longitude": 80.1782423,
        "city": "Chennai",
        "state": "Tamil Nadu"
      },
      "geometry": {
        "type": "Point",
        "coordinates": [
          80.1782423,
          13.1066948
        ]
      }
    },
    {
      "type": "Feature",
      "id": "wb-way-102574453",
      "properties": {
        "osm_id": 102574453,
        "osm_type": "way",
        "name": "Unnamed Reservoir (wb-way-102574453)",
        "name_ta": "",
        "category": "reservoir",
        "water_type": "reservoir",
        "latitude": 13.0718993,
        "longitude": 80.1250303,
        "city": "Chennai",
        "state": "Tamil Nadu"
      },
      "geometry": {
        "type": "Point",
        "coordinates": [
          80.1250303,
          13.0718993
        ]
      }
    },
    {
      "type": "Feature",
      "id": "wb-way-102574490",
      "properties": {
        "osm_id": 102574490,
        "osm_type": "way",
        "name": "Unnamed Wetland (wb-way-102574490)",
        "name_ta": "",
        "category": "wetland",
        "water_type": "wetland",
        "latitude": 13.1101478,
        "longitude": 80.1987955,
        "city": "Chennai",
        "state": "Tamil Nadu"
      },
      "geometry": {
        "type": "Point",
        "coordinates": [
          80.1987955,
          13.1101478
        ]
      }
    },
    {
      "type": "Feature",
      "id": "wb-way-102574558",
      "properties": {
        "osm_id": 102574558,
        "osm_type": "way",
        "name": "Unnamed Wetland (wb-way-102574558)",
        "name_ta": "",
        "category": "wetland",
        "water_type": "wetland",
        "latitude": 13.1115848,
        "longitude": 80.1947164,
        "city": "Chennai",
        "state": "Tamil Nadu"
      },
      "geometry": {
        "type": "Point",
        "coordinates": [
          80.1947164,
          13.1115848
        ]
      }
    },
    {
      "type": "Feature",
      "id": "wb-way-102575796",
      "properties": {
        "osm_id": 102575796,
        "osm_type": "way",
        "name": "Unnamed Lake (wb-way-102575796)",
        "name_ta": "",
        "category": "lake",
        "water_type": "lake",
        "latitude": 13.0448789,
        "longitude": 80.1433224,
        "city": "Chennai",
        "state": "Tamil Nadu"
      },
      "geometry": {
        "type": "Point",
        "coordinates": [
          80.1433224,
          13.0448789
        ]
      }
    },
    {
      "type": "Feature",
      "id": "wb-way-102577046",
      "properties": {
        "osm_id": 102577046,
        "osm_type": "way",
        "name": "Unnamed Pond (wb-way-102577046)",
        "name_ta": "",
        "category": "pond",
        "water_type": "pond",
        "latitude": 13.0516807,
        "longitude": 80.0626681,
        "city": "Chennai",
        "state": "Tamil Nadu"
      },
      "geometry": {
        "type": "Point",
        "coordinates": [
          80.0626681,
          13.0516807
        ]
      }
    },
    {
      "type": "Feature",
      "id": "wb-way-102577052",
      "properties": {
        "osm_id": 102577052,
        "osm_type": "way",
        "name": "Unnamed Pond (wb-way-102577052)",
        "name_ta": "",
        "category": "pond",
        "water_type": "pond",
        "latitude": 13.0545234,
        "longitude": 80.0621541,
        "city": "Chennai",
        "state": "Tamil Nadu"
      },
      "geometry": {
        "type": "Point",
        "coordinates": [
          80.0621541,
          13.0545234
        ]
      }
    },
    {
      "type": "Feature",
      "id": "wb-way-102655659",
      "properties": {
        "osm_id": 102655659,
        "osm_type": "way",
        "name": "Unnamed Reservoir (wb-way-102655659)",
        "name_ta": "",
        "category": "reservoir",
        "water_type": "reservoir",
        "latitude": 12.9614841,
        "longitude": 80.063263,
        "city": "Chennai",
        "state": "Tamil Nadu"
      },
      "geometry": {
        "type": "Point",
        "coordinates": [
          80.063263,
          12.9614841
        ]
      }
    },
    {
      "type": "Feature",
      "id": "wb-way-102655672",
      "properties": {
        "osm_id": 102655672,
        "osm_type": "way",
        "name": "Unnamed Reservoir (wb-way-102655672)",
        "name_ta": "",
        "category": "reservoir",
        "water_type": "reservoir",
        "latitude": 12.9680524,
        "longitude": 80.0510397,
        "city": "Chennai",
        "state": "Tamil Nadu"
      },
      "geometry": {
        "type": "Point",
        "coordinates": [
          80.0510397,
          12.9680524
        ]
      }
    },
    {
      "type": "Feature",
      "id": "wb-way-102663578",
      "properties": {
        "osm_id": 102663578,
        "osm_type": "way",
        "name": "Unnamed Wetland (wb-way-102663578)",
        "name_ta": "",
        "category": "wetland",
        "water_type": "wetland",
        "latitude": 13.1429483,
        "longitude": 80.2731007,
        "city": "Chennai",
        "state": "Tamil Nadu"
      },
      "geometry": {
        "type": "Point",
        "coordinates": [
          80.2731007,
          13.1429483
        ]
      }
    },
    {
      "type": "Feature",
      "id": "wb-way-102663605",
      "properties": {
        "osm_id": 102663605,
        "osm_type": "way",
        "name": "Unnamed Wetland (wb-way-102663605)",
        "name_ta": "",
        "category": "wetland",
        "water_type": "wetland",
        "latitude": 13.1497837,
        "longitude": 80.2636019,
        "city": "Chennai",
        "state": "Tamil Nadu"
      },
      "geometry": {
        "type": "Point",
        "coordinates": [
          80.2636019,
          13.1497837
        ]
      }
    },
    {
      "type": "Feature",
      "id": "wb-way-102667270",
      "properties": {
        "osm_id": 102667270,
        "osm_type": "way",
        "name": "Unnamed Wetland (wb-way-102667270)",
        "name_ta": "",
        "category": "wetland",
        "water_type": "wetland",
        "latitude": 13.0649018,
        "longitude": 80.2041011,
        "city": "Chennai",
        "state": "Tamil Nadu"
      },
      "geometry": {
        "type": "Point",
        "coordinates": [
          80.2041011,
          13.0649018
        ]
      }
    },
    {
      "type": "Feature",
      "id": "wb-way-104651362",
      "properties": {
        "osm_id": 104651362,
        "osm_type": "way",
        "name": "Unnamed Pond (wb-way-104651362)",
        "name_ta": "",
        "category": "pond",
        "water_type": "water",
        "latitude": 13.0743547,
        "longitude": 80.2803911,
        "city": "Chennai",
        "state": "Tamil Nadu"
      },
      "geometry": {
        "type": "Point",
        "coordinates": [
          80.2803911,
          13.0743547
        ]
      }
    },
    {
      "type": "Feature",
      "id": "wb-way-104651364",
      "properties": {
        "osm_id": 104651364,
        "osm_type": "way",
        "name": "Unnamed Pond (wb-way-104651364)",
        "name_ta": "",
        "category": "pond",
        "water_type": "water",
        "latitude": 13.0721978,
        "longitude": 80.2796635,
        "city": "Chennai",
        "state": "Tamil Nadu"
      },
      "geometry": {
        "type": "Point",
        "coordinates": [
          80.2796635,
          13.0721978
        ]
      }
    },
    {
      "type": "Feature",
      "id": "wb-way-104651366",
      "properties": {
        "osm_id": 104651366,
        "osm_type": "way",
        "name": "Unnamed Pond (wb-way-104651366)",
        "name_ta": "",
        "category": "pond",
        "water_type": "water",
        "latitude": 13.0731111,
        "longitude": 80.27928,
        "city": "Chennai",
        "state": "Tamil Nadu"
      },
      "geometry": {
        "type": "Point",
        "coordinates": [
          80.27928,
          13.0731111
        ]
      }
    },
    {
      "type": "Feature",
      "id": "wb-way-104651368",
      "properties": {
        "osm_id": 104651368,
        "osm_type": "way",
        "name": "Unnamed Pond (wb-way-104651368)",
        "name_ta": "",
        "category": "pond",
        "water_type": "water",
        "latitude": 13.0722234,
        "longitude": 80.2805503,
        "city": "Chennai",
        "state": "Tamil Nadu"
      },
      "geometry": {
        "type": "Point",
        "coordinates": [
          80.2805503,
          13.0722234
        ]
      }
    },
    {
      "type": "Feature",
      "id": "wb-way-104651370",
      "properties": {
        "osm_id": 104651370,
        "osm_type": "way",
        "name": "Unnamed Pond (wb-way-104651370)",
        "name_ta": "",
        "category": "pond",
        "water_type": "water",
        "latitude": 13.0736023,
        "longitude": 80.2796688,
        "city": "Chennai",
        "state": "Tamil Nadu"
      },
      "geometry": {
        "type": "Point",
        "coordinates": [
          80.2796688,
          13.0736023
        ]
      }
    },
    {
      "type": "Feature",
      "id": "wb-way-104651371",
      "properties": {
        "osm_id": 104651371,
        "osm_type": "way",
        "name": "Unnamed Pond (wb-way-104651371)",
        "name_ta": "",
        "category": "pond",
        "water_type": "water",
        "latitude": 13.0739067,
        "longitude": 80.2789885,
        "city": "Chennai",
        "state": "Tamil Nadu"
      },
      "geometry": {
        "type": "Point",
        "coordinates": [
          80.2789885,
          13.0739067
        ]
      }
    },
    {
      "type": "Feature",
      "id": "wb-way-104651372",
      "properties": {
        "osm_id": 104651372,
        "osm_type": "way",
        "name": "Unnamed Pond (wb-way-104651372)",
        "name_ta": "",
        "category": "pond",
        "water_type": "water",
        "latitude": 13.074687,
        "longitude": 80.2826338,
        "city": "Chennai",
        "state": "Tamil Nadu"
      },
      "geometry": {
        "type": "Point",
        "coordinates": [
          80.2826338,
          13.074687
        ]
      }
    },
    {
      "type": "Feature",
      "id": "wb-way-104651373",
      "properties": {
        "osm_id": 104651373,
        "osm_type": "way",
        "name": "Unnamed Pond (wb-way-104651373)",
        "name_ta": "",
        "category": "pond",
        "water_type": "water",
        "latitude": 13.0729678,
        "longitude": 80.282928,
        "city": "Chennai",
        "state": "Tamil Nadu"
      },
      "geometry": {
        "type": "Point",
        "coordinates": [
          80.282928,
          13.0729678
        ]
      }
    },
    {
      "type": "Feature",
      "id": "wb-way-104651376",
      "properties": {
        "osm_id": 104651376,
        "osm_type": "way",
        "name": "Unnamed Pond (wb-way-104651376)",
        "name_ta": "",
        "category": "pond",
        "water_type": "water",
        "latitude": 13.0762321,
        "longitude": 80.2808663,
        "city": "Chennai",
        "state": "Tamil Nadu"
      },
      "geometry": {
        "type": "Point",
        "coordinates": [
          80.2808663,
          13.0762321
        ]
      }
    },
    {
      "type": "Feature",
      "id": "wb-way-107877932",
      "properties": {
        "osm_id": 107877932,
        "osm_type": "way",
        "name": "Bengal tiger",
        "name_ta": "",
        "category": "pond",
        "water_type": "water",
        "latitude": 12.8883481,
        "longitude": 80.0941313,
        "city": "Chennai",
        "state": "Tamil Nadu"
      },
      "geometry": {
        "type": "Point",
        "coordinates": [
          80.0941313,
          12.8883481
        ]
      }
    },
    {
      "type": "Feature",
      "id": "wb-way-107881850",
      "properties": {
        "osm_id": 107881850,
        "osm_type": "way",
        "name": "Elephant Water Trough",
        "name_ta": "",
        "category": "basin",
        "water_type": "basin",
        "latitude": 12.8782437,
        "longitude": 80.0905562,
        "city": "Chennai",
        "state": "Tamil Nadu"
      },
      "geometry": {
        "type": "Point",
        "coordinates": [
          80.0905562,
          12.8782437
        ]
      }
    },
    {
      "type": "Feature",
      "id": "wb-way-108120404",
      "properties": {
        "osm_id": 108120404,
        "osm_type": "way",
        "name": "Hippopotamus",
        "name_ta": "",
        "category": "pond",
        "water_type": "water",
        "latitude": 12.8770467,
        "longitude": 80.0901109,
        "city": "Chennai",
        "state": "Tamil Nadu"
      },
      "geometry": {
        "type": "Point",
        "coordinates": [
          80.0901109,
          12.8770467
        ]
      }
    },
    {
      "type": "Feature",
      "id": "wb-way-111749099",
      "properties": {
        "osm_id": 111749099,
        "osm_type": "way",
        "name": "Unnamed Reservoir (wb-way-111749099)",
        "name_ta": "",
        "category": "reservoir",
        "water_type": "reservoir",
        "latitude": 13.023651,
        "longitude": 80.269514,
        "city": "Chennai",
        "state": "Tamil Nadu"
      },
      "geometry": {
        "type": "Point",
        "coordinates": [
          80.269514,
          13.023651
        ]
      }
    },
    {
      "type": "Feature",
      "id": "wb-way-111767112",
      "properties": {
        "osm_id": 111767112,
        "osm_type": "way",
        "name": "Unnamed Pond (wb-way-111767112)",
        "name_ta": "",
        "category": "pond",
        "water_type": "water",
        "latitude": 13.0169139,
        "longitude": 80.2658775,
        "city": "Chennai",
        "state": "Tamil Nadu"
      },
      "geometry": {
        "type": "Point",
        "coordinates": [
          80.2658775,
          13.0169139
        ]
      }
    },
    {
      "type": "Feature",
      "id": "wb-way-112644675",
      "properties": {
        "osm_id": 112644675,
        "osm_type": "way",
        "name": "Unnamed Pond (wb-way-112644675)",
        "name_ta": "",
        "category": "pond",
        "water_type": "water",
        "latitude": 13.0186029,
        "longitude": 80.2535142,
        "city": "Chennai",
        "state": "Tamil Nadu"
      },
      "geometry": {
        "type": "Point",
        "coordinates": [
          80.2535142,
          13.0186029
        ]
      }
    },
    {
      "type": "Feature",
      "id": "wb-way-112869306",
      "properties": {
        "osm_id": 112869306,
        "osm_type": "way",
        "name": "Unnamed Pond (wb-way-112869306)",
        "name_ta": "",
        "category": "pond",
        "water_type": "river",
        "latitude": 13.0674608,
        "longitude": 80.227598,
        "city": "Chennai",
        "state": "Tamil Nadu"
      },
      "geometry": {
        "type": "Point",
        "coordinates": [
          80.227598,
          13.0674608
        ]
      }
    },
    {
      "type": "Feature",
      "id": "wb-way-122063615",
      "properties": {
        "osm_id": 122063615,
        "osm_type": "way",
        "name": "Unnamed Pond (wb-way-122063615)",
        "name_ta": "",
        "category": "pond",
        "water_type": "water",
        "latitude": 13.0353839,
        "longitude": 80.1737485,
        "city": "Chennai",
        "state": "Tamil Nadu"
      },
      "geometry": {
        "type": "Point",
        "coordinates": [
          80.1737485,
          13.0353839
        ]
      }
    },
    {
      "type": "Feature",
      "id": "wb-way-125180715",
      "properties": {
        "osm_id": 125180715,
        "osm_type": "way",
        "name": "Unnamed Pond (wb-way-125180715)",
        "name_ta": "",
        "category": "pond",
        "water_type": "water",
        "latitude": 13.1434773,
        "longitude": 80.2639597,
        "city": "Chennai",
        "state": "Tamil Nadu"
      },
      "geometry": {
        "type": "Point",
        "coordinates": [
          80.2639597,
          13.1434773
        ]
      }
    },
    {
      "type": "Feature",
      "id": "wb-way-125180718",
      "properties": {
        "osm_id": 125180718,
        "osm_type": "way",
        "name": "Unnamed Pond (wb-way-125180718)",
        "name_ta": "",
        "category": "pond",
        "water_type": "water",
        "latitude": 13.1260725,
        "longitude": 80.2660499,
        "city": "Chennai",
        "state": "Tamil Nadu"
      },
      "geometry": {
        "type": "Point",
        "coordinates": [
          80.2660499,
          13.1260725
        ]
      }
    },
    {
      "type": "Feature",
      "id": "wb-way-125180721",
      "properties": {
        "osm_id": 125180721,
        "osm_type": "way",
        "name": "Unnamed Pond (wb-way-125180721)",
        "name_ta": "",
        "category": "pond",
        "water_type": "water",
        "latitude": 13.1243131,
        "longitude": 80.2537292,
        "city": "Chennai",
        "state": "Tamil Nadu"
      },
      "geometry": {
        "type": "Point",
        "coordinates": [
          80.2537292,
          13.1243131
        ]
      }
    },
    {
      "type": "Feature",
      "id": "wb-way-125180729",
      "properties": {
        "osm_id": 125180729,
        "osm_type": "way",
        "name": "Unnamed Pond (wb-way-125180729)",
        "name_ta": "",
        "category": "pond",
        "water_type": "water",
        "latitude": 13.1412182,
        "longitude": 80.2702305,
        "city": "Chennai",
        "state": "Tamil Nadu"
      },
      "geometry": {
        "type": "Point",
        "coordinates": [
          80.2702305,
          13.1412182
        ]
      }
    },
    {
      "type": "Feature",
      "id": "wb-way-125234697",
      "properties": {
        "osm_id": 125234697,
        "osm_type": "way",
        "name": "Unnamed Reservoir (wb-way-125234697)",
        "name_ta": "",
        "category": "reservoir",
        "water_type": "reservoir",
        "latitude": 13.1159253,
        "longitude": 80.2621943,
        "city": "Chennai",
        "state": "Tamil Nadu"
      },
      "geometry": {
        "type": "Point",
        "coordinates": [
          80.2621943,
          13.1159253
        ]
      }
    },
    {
      "type": "Feature",
      "id": "wb-way-127012059",
      "properties": {
        "osm_id": 127012059,
        "osm_type": "way",
        "name": "Unnamed Pond (wb-way-127012059)",
        "name_ta": "",
        "category": "pond",
        "water_type": "water",
        "latitude": 13.1178052,
        "longitude": 80.2698845,
        "city": "Chennai",
        "state": "Tamil Nadu"
      },
      "geometry": {
        "type": "Point",
        "coordinates": [
          80.2698845,
          13.1178052
        ]
      }
    },
    {
      "type": "Feature",
      "id": "wb-way-127012071",
      "properties": {
        "osm_id": 127012071,
        "osm_type": "way",
        "name": "Unnamed Pond (wb-way-127012071)",
        "name_ta": "",
        "category": "pond",
        "water_type": "water",
        "latitude": 13.1189649,
        "longitude": 80.270488,
        "city": "Chennai",
        "state": "Tamil Nadu"
      },
      "geometry": {
        "type": "Point",
        "coordinates": [
          80.270488,
          13.1189649
        ]
      }
    },
    {
      "type": "Feature",
      "id": "wb-way-127012072",
      "properties": {
        "osm_id": 127012072,
        "osm_type": "way",
        "name": "Unnamed Pond (wb-way-127012072)",
        "name_ta": "",
        "category": "pond",
        "water_type": "water",
        "latitude": 13.1156502,
        "longitude": 80.2681999,
        "city": "Chennai",
        "state": "Tamil Nadu"
      },
      "geometry": {
        "type": "Point",
        "coordinates": [
          80.2681999,
          13.1156502
        ]
      }
    },
    {
      "type": "Feature",
      "id": "wb-way-127464711",
      "properties": {
        "osm_id": 127464711,
        "osm_type": "way",
        "name": "Virupatcheshwarer Temple Tank",
        "name_ta": "",
        "category": "pond",
        "water_type": "pond",
        "latitude": 13.0388449,
        "longitude": 80.2745452,
        "city": "Chennai",
        "state": "Tamil Nadu"
      },
      "geometry": {
        "type": "Point",
        "coordinates": [
          80.2745452,
          13.0388449
        ]
      }
    },
    {
      "type": "Feature",
      "id": "wb-way-127574695",
      "properties": {
        "osm_id": 127574695,
        "osm_type": "way",
        "name": "Unnamed Pond (wb-way-127574695)",
        "name_ta": "",
        "category": "pond",
        "water_type": "water",
        "latitude": 13.009582,
        "longitude": 80.2232457,
        "city": "Chennai",
        "state": "Tamil Nadu"
      },
      "geometry": {
        "type": "Point",
        "coordinates": [
          80.2232457,
          13.009582
        ]
      }
    },
    {
      "type": "Feature",
      "id": "wb-way-127574706",
      "properties": {
        "osm_id": 127574706,
        "osm_type": "way",
        "name": "Unnamed Pond (wb-way-127574706)",
        "name_ta": "",
        "category": "pond",
        "water_type": "water",
        "latitude": 13.0219128,
        "longitude": 80.2353633,
        "city": "Chennai",
        "state": "Tamil Nadu"
      },
      "geometry": {
        "type": "Point",
        "coordinates": [
          80.2353633,
          13.0219128
        ]
      }
    },
    {
      "type": "Feature",
      "id": "wb-way-127574708",
      "properties": {
        "osm_id": 127574708,
        "osm_type": "way",
        "name": "Unnamed Pond (wb-way-127574708)",
        "name_ta": "",
        "category": "pond",
        "water_type": "water",
        "latitude": 13.0227959,
        "longitude": 80.2349713,
        "city": "Chennai",
        "state": "Tamil Nadu"
      },
      "geometry": {
        "type": "Point",
        "coordinates": [
          80.2349713,
          13.0227959
        ]
      }
    },
    {
      "type": "Feature",
      "id": "wb-way-127574716",
      "properties": {
        "osm_id": 127574716,
        "osm_type": "way",
        "name": "Unnamed Pond (wb-way-127574716)",
        "name_ta": "",
        "category": "pond",
        "water_type": "water",
        "latitude": 13.0238907,
        "longitude": 80.2338367,
        "city": "Chennai",
        "state": "Tamil Nadu"
      },
      "geometry": {
        "type": "Point",
        "coordinates": [
          80.2338367,
          13.0238907
        ]
      }
    },
    {
      "type": "Feature",
      "id": "wb-way-131425309",
      "properties": {
        "osm_id": 131425309,
        "osm_type": "way",
        "name": "Unnamed Reservoir (wb-way-131425309)",
        "name_ta": "",
        "category": "reservoir",
        "water_type": "reservoir",
        "latitude": 12.9591944,
        "longitude": 80.2295716,
        "city": "Chennai",
        "state": "Tamil Nadu"
      },
      "geometry": {
        "type": "Point",
        "coordinates": [
          80.2295716,
          12.9591944
        ]
      }
    },
    {
      "type": "Feature",
      "id": "wb-way-131425313",
      "properties": {
        "osm_id": 131425313,
        "osm_type": "way",
        "name": "Unnamed Lake (wb-way-131425313)",
        "name_ta": "",
        "category": "lake",
        "water_type": "lake",
        "latitude": 12.9548556,
        "longitude": 80.2184361,
        "city": "Chennai",
        "state": "Tamil Nadu"
      },
      "geometry": {
        "type": "Point",
        "coordinates": [
          80.2184361,
          12.9548556
        ]
      }
    },
    {
      "type": "Feature",
      "id": "wb-way-131425321",
      "properties": {
        "osm_id": 131425321,
        "osm_type": "way",
        "name": "Unnamed Lake (wb-way-131425321)",
        "name_ta": "",
        "category": "lake",
        "water_type": "lake",
        "latitude": 12.9635571,
        "longitude": 80.2266112,
        "city": "Chennai",
        "state": "Tamil Nadu"
      },
      "geometry": {
        "type": "Point",
        "coordinates": [
          80.2266112,
          12.9635571
        ]
      }
    },
    {
      "type": "Feature",
      "id": "wb-way-131425322",
      "properties": {
        "osm_id": 131425322,
        "osm_type": "way",
        "name": "Anna Nedumchalai Lake",
        "name_ta": "",
        "category": "lake",
        "water_type": "lake",
        "latitude": 12.9662437,
        "longitude": 80.2388363,
        "city": "Chennai",
        "state": "Tamil Nadu"
      },
      "geometry": {
        "type": "Point",
        "coordinates": [
          80.2388363,
          12.9662437
        ]
      }
    },
    {
      "type": "Feature",
      "id": "wb-way-131961844",
      "properties": {
        "osm_id": 131961844,
        "osm_type": "way",
        "name": "Thamarai Kulam",
        "name_ta": "",
        "category": "pond",
        "water_type": "pond",
        "latitude": 12.9683324,
        "longitude": 80.2569592,
        "city": "Chennai",
        "state": "Tamil Nadu"
      },
      "geometry": {
        "type": "Point",
        "coordinates": [
          80.2569592,
          12.9683324
        ]
      }
    },
    {
      "type": "Feature",
      "id": "wb-way-132192002",
      "properties": {
        "osm_id": 132192002,
        "osm_type": "way",
        "name": "Unnamed Wetland (wb-way-132192002)",
        "name_ta": "",
        "category": "wetland",
        "water_type": "wetland",
        "latitude": 12.9753432,
        "longitude": 80.239423,
        "city": "Chennai",
        "state": "Tamil Nadu"
      },
      "geometry": {
        "type": "Point",
        "coordinates": [
          80.239423,
          12.9753432
        ]
      }
    },
    {
      "type": "Feature",
      "id": "wb-way-132192377",
      "properties": {
        "osm_id": 132192377,
        "osm_type": "way",
        "name": "Vandalur Lake",
        "name_ta": "",
        "category": "lake",
        "water_type": "water",
        "latitude": 12.889063,
        "longitude": 80.0751027,
        "city": "Chennai",
        "state": "Tamil Nadu"
      },
      "geometry": {
        "type": "Point",
        "coordinates": [
          80.0751027,
          12.889063
        ]
      }
    },
    {
      "type": "Feature",
      "id": "wb-way-132192387",
      "properties": {
        "osm_id": 132192387,
        "osm_type": "way",
        "name": "Unnamed Lake (wb-way-132192387)",
        "name_ta": "",
        "category": "lake",
        "water_type": "lake",
        "latitude": 12.9026601,
        "longitude": 80.0761376,
        "city": "Chennai",
        "state": "Tamil Nadu"
      },
      "geometry": {
        "type": "Point",
        "coordinates": [
          80.0761376,
          12.9026601
        ]
      }
    },
    {
      "type": "Feature",
      "id": "wb-way-132192388",
      "properties": {
        "osm_id": 132192388,
        "osm_type": "way",
        "name": "Unnamed Pond (wb-way-132192388)",
        "name_ta": "",
        "category": "pond",
        "water_type": "water",
        "latitude": 12.9094887,
        "longitude": 80.0864056,
        "city": "Chennai",
        "state": "Tamil Nadu"
      },
      "geometry": {
        "type": "Point",
        "coordinates": [
          80.0864056,
          12.9094887
        ]
      }
    },
    {
      "type": "Feature",
      "id": "wb-way-132195429",
      "properties": {
        "osm_id": 132195429,
        "osm_type": "way",
        "name": "Unnamed Pond (wb-way-132195429)",
        "name_ta": "",
        "category": "pond",
        "water_type": "canal",
        "latitude": 12.987582,
        "longitude": 80.2520341,
        "city": "Chennai",
        "state": "Tamil Nadu"
      },
      "geometry": {
        "type": "Point",
        "coordinates": [
          80.2520341,
          12.987582
        ]
      }
    },
    {
      "type": "Feature",
      "id": "wb-way-132195432",
      "properties": {
        "osm_id": 132195432,
        "osm_type": "way",
        "name": "Unnamed Pond (wb-way-132195432)",
        "name_ta": "",
        "category": "pond",
        "water_type": "canal",
        "latitude": 12.972169,
        "longitude": 80.2523248,
        "city": "Chennai",
        "state": "Tamil Nadu"
      },
      "geometry": {
        "type": "Point",
        "coordinates": [
          80.2523248,
          12.972169
        ]
      }
    },
    {
      "type": "Feature",
      "id": "wb-way-132195433",
      "properties": {
        "osm_id": 132195433,
        "osm_type": "way",
        "name": "Unnamed Pond (wb-way-132195433)",
        "name_ta": "",
        "category": "pond",
        "water_type": "canal",
        "latitude": 12.9560005,
        "longitude": 80.2495996,
        "city": "Chennai",
        "state": "Tamil Nadu"
      },
      "geometry": {
        "type": "Point",
        "coordinates": [
          80.2495996,
          12.9560005
        ]
      }
    },
    {
      "type": "Feature",
      "id": "wb-way-132462272",
      "properties": {
        "osm_id": 132462272,
        "osm_type": "way",
        "name": "Unnamed Wetland (wb-way-132462272)",
        "name_ta": "",
        "category": "wetland",
        "water_type": "wetland",
        "latitude": 12.8934944,
        "longitude": 80.2375322,
        "city": "Chennai",
        "state": "Tamil Nadu"
      },
      "geometry": {
        "type": "Point",
        "coordinates": [
          80.2375322,
          12.8934944
        ]
      }
    },
    {
      "type": "Feature",
      "id": "wb-way-132462273",
      "properties": {
        "osm_id": 132462273,
        "osm_type": "way",
        "name": "Unnamed Wetland (wb-way-132462273)",
        "name_ta": "",
        "category": "wetland",
        "water_type": "wetland",
        "latitude": 12.913905,
        "longitude": 80.2439664,
        "city": "Chennai",
        "state": "Tamil Nadu"
      },
      "geometry": {
        "type": "Point",
        "coordinates": [
          80.2439664,
          12.913905
        ]
      }
    },
    {
      "type": "Feature",
      "id": "wb-way-133593261",
      "properties": {
        "osm_id": 133593261,
        "osm_type": "way",
        "name": "Railway Pond 2",
        "name_ta": "",
        "category": "wetland",
        "water_type": "wetland",
        "latitude": 13.1879301,
        "longitude": 80.3089118,
        "city": "Chennai",
        "state": "Tamil Nadu"
      },
      "geometry": {
        "type": "Point",
        "coordinates": [
          80.3089118,
          13.1879301
        ]
      }
    },
    {
      "type": "Feature",
      "id": "wb-way-133593262",
      "properties": {
        "osm_id": 133593262,
        "osm_type": "way",
        "name": "Railway Pond 1",
        "name_ta": "",
        "category": "wetland",
        "water_type": "wetland",
        "latitude": 13.1943937,
        "longitude": 80.3128456,
        "city": "Chennai",
        "state": "Tamil Nadu"
      },
      "geometry": {
        "type": "Point",
        "coordinates": [
          80.3128456,
          13.1943937
        ]
      }
    },
    {
      "type": "Feature",
      "id": "wb-way-133600830",
      "properties": {
        "osm_id": 133600830,
        "osm_type": "way",
        "name": "Unnamed Pond (wb-way-133600830)",
        "name_ta": "",
        "category": "pond",
        "water_type": "pond",
        "latitude": 13.1675974,
        "longitude": 80.2695441,
        "city": "Chennai",
        "state": "Tamil Nadu"
      },
      "geometry": {
        "type": "Point",
        "coordinates": [
          80.2695441,
          13.1675974
        ]
      }
    },
    {
      "type": "Feature",
      "id": "wb-way-133600831",
      "properties": {
        "osm_id": 133600831,
        "osm_type": "way",
        "name": "Unnamed Pond (wb-way-133600831)",
        "name_ta": "",
        "category": "pond",
        "water_type": "pond",
        "latitude": 13.1662238,
        "longitude": 80.2672663,
        "city": "Chennai",
        "state": "Tamil Nadu"
      },
      "geometry": {
        "type": "Point",
        "coordinates": [
          80.2672663,
          13.1662238
        ]
      }
    },
    {
      "type": "Feature",
      "id": "wb-way-133600832",
      "properties": {
        "osm_id": 133600832,
        "osm_type": "way",
        "name": "Unnamed Wetland (wb-way-133600832)",
        "name_ta": "",
        "category": "wetland",
        "water_type": "wetland",
        "latitude": 13.1670886,
        "longitude": 80.2669447,
        "city": "Chennai",
        "state": "Tamil Nadu"
      },
      "geometry": {
        "type": "Point",
        "coordinates": [
          80.2669447,
          13.1670886
        ]
      }
    },
    {
      "type": "Feature",
      "id": "wb-way-138294773",
      "properties": {
        "osm_id": 138294773,
        "osm_type": "way",
        "name": "Unnamed Wetland (wb-way-138294773)",
        "name_ta": "",
        "category": "wetland",
        "water_type": "wetland",
        "latitude": 12.8965156,
        "longitude": 80.240108,
        "city": "Chennai",
        "state": "Tamil Nadu"
      },
      "geometry": {
        "type": "Point",
        "coordinates": [
          80.240108,
          12.8965156
        ]
      }
    },
    {
      "type": "Feature",
      "id": "wb-way-138294774",
      "properties": {
        "osm_id": 138294774,
        "osm_type": "way",
        "name": "Unnamed Wetland (wb-way-138294774)",
        "name_ta": "",
        "category": "wetland",
        "water_type": "wetland",
        "latitude": 12.9021355,
        "longitude": 80.2417893,
        "city": "Chennai",
        "state": "Tamil Nadu"
      },
      "geometry": {
        "type": "Point",
        "coordinates": [
          80.2417893,
          12.9021355
        ]
      }
    },
    {
      "type": "Feature",
      "id": "wb-way-138307617",
      "properties": {
        "osm_id": 138307617,
        "osm_type": "way",
        "name": "Unnamed Reservoir (wb-way-138307617)",
        "name_ta": "",
        "category": "reservoir",
        "water_type": "reservoir",
        "latitude": 13.104007,
        "longitude": 80.1822752,
        "city": "Chennai",
        "state": "Tamil Nadu"
      },
      "geometry": {
        "type": "Point",
        "coordinates": [
          80.1822752,
          13.104007
        ]
      }
    },
    {
      "type": "Feature",
      "id": "wb-way-138307626",
      "properties": {
        "osm_id": 138307626,
        "osm_type": "way",
        "name": "Araabath Lake",
        "name_ta": "",
        "category": "lake",
        "water_type": "reservoir",
        "latitude": 13.1251997,
        "longitude": 80.1374976,
        "city": "Chennai",
        "state": "Tamil Nadu"
      },
      "geometry": {
        "type": "Point",
        "coordinates": [
          80.1374976,
          13.1251997
        ]
      }
    },
    {
      "type": "Feature",
      "id": "wb-way-138307635",
      "properties": {
        "osm_id": 138307635,
        "osm_type": "way",
        "name": "Unnamed Reservoir (wb-way-138307635)",
        "name_ta": "",
        "category": "reservoir",
        "water_type": "reservoir",
        "latitude": 13.092767,
        "longitude": 80.0672077,
        "city": "Chennai",
        "state": "Tamil Nadu"
      },
      "geometry": {
        "type": "Point",
        "coordinates": [
          80.0672077,
          13.092767
        ]
      }
    },
    {
      "type": "Feature",
      "id": "wb-way-138307636",
      "properties": {
        "osm_id": 138307636,
        "osm_type": "way",
        "name": "Unnamed Pond (wb-way-138307636)",
        "name_ta": "",
        "category": "pond",
        "water_type": "oxbow",
        "latitude": 13.1006661,
        "longitude": 80.0998215,
        "city": "Chennai",
        "state": "Tamil Nadu"
      },
      "geometry": {
        "type": "Point",
        "coordinates": [
          80.0998215,
          13.1006661
        ]
      }
    },
    {
      "type": "Feature",
      "id": "wb-way-138307641",
      "properties": {
        "osm_id": 138307641,
        "osm_type": "way",
        "name": "Nagaraja lake",
        "name_ta": "",
        "category": "lake",
        "water_type": "wetland",
        "latitude": 13.109408,
        "longitude": 80.0761433,
        "city": "Chennai",
        "state": "Tamil Nadu"
      },
      "geometry": {
        "type": "Point",
        "coordinates": [
          80.0761433,
          13.109408
        ]
      }
    },
    {
      "type": "Feature",
      "id": "wb-way-138307644",
      "properties": {
        "osm_id": 138307644,
        "osm_type": "way",
        "name": "Unnamed Wetland (wb-way-138307644)",
        "name_ta": "",
        "category": "wetland",
        "water_type": "wetland",
        "latitude": 13.1230663,
        "longitude": 80.2132386,
        "city": "Chennai",
        "state": "Tamil Nadu"
      },
      "geometry": {
        "type": "Point",
        "coordinates": [
          80.2132386,
          13.1230663
        ]
      }
    },
    {
      "type": "Feature",
      "id": "wb-way-138307645",
      "properties": {
        "osm_id": 138307645,
        "osm_type": "way",
        "name": "Unnamed Pond (wb-way-138307645)",
        "name_ta": "",
        "category": "pond",
        "water_type": "water",
        "latitude": 13.1259264,
        "longitude": 80.2176116,
        "city": "Chennai",
        "state": "Tamil Nadu"
      },
      "geometry": {
        "type": "Point",
        "coordinates": [
          80.2176116,
          13.1259264
        ]
      }
    },
    {
      "type": "Feature",
      "id": "wb-way-138307646",
      "properties": {
        "osm_id": 138307646,
        "osm_type": "way",
        "name": "Mariamman Koil Kulam",
        "name_ta": "",
        "category": "pond",
        "water_type": "pond",
        "latitude": 13.1124068,
        "longitude": 80.21956,
        "city": "Chennai",
        "state": "Tamil Nadu"
      },
      "geometry": {
        "type": "Point",
        "coordinates": [
          80.21956,
          13.1124068
        ]
      }
    },
    {
      "type": "Feature",
      "id": "wb-way-138307649",
      "properties": {
        "osm_id": 138307649,
        "osm_type": "way",
        "name": "Unnamed Reservoir (wb-way-138307649)",
        "name_ta": "",
        "category": "reservoir",
        "water_type": "reservoir",
        "latitude": 13.1139819,
        "longitude": 80.1205416,
        "city": "Chennai",
        "state": "Tamil Nadu"
      },
      "geometry": {
        "type": "Point",
        "coordinates": [
          80.1205416,
          13.1139819
        ]
      }
    },
    {
      "type": "Feature",
      "id": "wb-way-154089347",
      "properties": {
        "osm_id": 154089347,
        "osm_type": "way",
        "name": "Pallikaranai Thamarai Kulam",
        "name_ta": "",
        "category": "pond",
        "water_type": "pond",
        "latitude": 12.9347305,
        "longitude": 80.2045746,
        "city": "Chennai",
        "state": "Tamil Nadu"
      },
      "geometry": {
        "type": "Point",
        "coordinates": [
          80.2045746,
          12.9347305
        ]
      }
    },
    {
      "type": "Feature",
      "id": "wb-way-159017372",
      "properties": {
        "osm_id": 159017372,
        "osm_type": "way",
        "name": "Ponniamman Temple Pond",
        "name_ta": "",
        "category": "pond",
        "water_type": "water",
        "latitude": 12.9392728,
        "longitude": 80.178188,
        "city": "Chennai",
        "state": "Tamil Nadu"
      },
      "geometry": {
        "type": "Point",
        "coordinates": [
          80.178188,
          12.9392728
        ]
      }
    },
    {
      "type": "Feature",
      "id": "wb-way-166562080",
      "properties": {
        "osm_id": 166562080,
        "osm_type": "way",
        "name": "Unnamed Wetland (wb-way-166562080)",
        "name_ta": "",
        "category": "wetland",
        "water_type": "wetland",
        "latitude": 13.2453352,
        "longitude": 80.2827355,
        "city": "Chennai",
        "state": "Tamil Nadu"
      },
      "geometry": {
        "type": "Point",
        "coordinates": [
          80.2827355,
          13.2453352
        ]
      }
    },
    {
      "type": "Feature",
      "id": "wb-way-175799902",
      "properties": {
        "osm_id": 175799902,
        "osm_type": "way",
        "name": "Temple Tank",
        "name_ta": "",
        "category": "reservoir",
        "water_type": "reservoir",
        "latitude": 12.9622955,
        "longitude": 80.1126129,
        "city": "Chennai",
        "state": "Tamil Nadu"
      },
      "geometry": {
        "type": "Point",
        "coordinates": [
          80.1126129,
          12.9622955
        ]
      }
    },
    {
      "type": "Feature",
      "id": "wb-way-177370838",
      "properties": {
        "osm_id": 177370838,
        "osm_type": "way",
        "name": "Lake",
        "name_ta": "",
        "category": "lake",
        "water_type": "lake",
        "latitude": 12.9257363,
        "longitude": 80.1578824,
        "city": "Chennai",
        "state": "Tamil Nadu"
      },
      "geometry": {
        "type": "Point",
        "coordinates": [
          80.1578824,
          12.9257363
        ]
      }
    },
    {
      "type": "Feature",
      "id": "wb-way-178747904",
      "properties": {
        "osm_id": 178747904,
        "osm_type": "way",
        "name": "Vedhapureeswarar Temple Kulam",
        "name_ta": "",
        "category": "reservoir",
        "water_type": "reservoir",
        "latitude": 13.0717498,
        "longitude": 80.1158135,
        "city": "Chennai",
        "state": "Tamil Nadu"
      },
      "geometry": {
        "type": "Point",
        "coordinates": [
          80.1158135,
          13.0717498
        ]
      }
    },
    {
      "type": "Feature",
      "id": "wb-way-178751060",
      "properties": {
        "osm_id": 178751060,
        "osm_type": "way",
        "name": "Unnamed Lake (wb-way-178751060)",
        "name_ta": "",
        "category": "lake",
        "water_type": "lake",
        "latitude": 13.0143997,
        "longitude": 80.097808,
        "city": "Chennai",
        "state": "Tamil Nadu"
      },
      "geometry": {
        "type": "Point",
        "coordinates": [
          80.097808,
          13.0143997
        ]
      }
    },
    {
      "type": "Feature",
      "id": "wb-way-178751066",
      "properties": {
        "osm_id": 178751066,
        "osm_type": "way",
        "name": "Kamakshi Amman Temple Tank",
        "name_ta": "",
        "category": "pond",
        "water_type": "pond",
        "latitude": 13.030481,
        "longitude": 80.1099741,
        "city": "Chennai",
        "state": "Tamil Nadu"
      },
      "geometry": {
        "type": "Point",
        "coordinates": [
          80.1099741,
          13.030481
        ]
      }
    },
    {
      "type": "Feature",
      "id": "wb-way-178751071",
      "properties": {
        "osm_id": 178751071,
        "osm_type": "way",
        "name": "Unnamed Wetland (wb-way-178751071)",
        "name_ta": "",
        "category": "wetland",
        "water_type": "wetland",
        "latitude": 13.028235,
        "longitude": 80.1471675,
        "city": "Chennai",
        "state": "Tamil Nadu"
      },
      "geometry": {
        "type": "Point",
        "coordinates": [
          80.1471675,
          13.028235
        ]
      }
    },
    {
      "type": "Feature",
      "id": "wb-way-178751072",
      "properties": {
        "osm_id": 178751072,
        "osm_type": "way",
        "name": "Unnamed Wetland (wb-way-178751072)",
        "name_ta": "",
        "category": "wetland",
        "water_type": "wetland",
        "latitude": 13.0310372,
        "longitude": 80.1321233,
        "city": "Chennai",
        "state": "Tamil Nadu"
      },
      "geometry": {
        "type": "Point",
        "coordinates": [
          80.1321233,
          13.0310372
        ]
      }
    },
    {
      "type": "Feature",
      "id": "wb-way-178752249",
      "properties": {
        "osm_id": 178752249,
        "osm_type": "way",
        "name": "Unnamed Reservoir (wb-way-178752249)",
        "name_ta": "",
        "category": "reservoir",
        "water_type": "reservoir",
        "latitude": 13.039467,
        "longitude": 80.0783859,
        "city": "Chennai",
        "state": "Tamil Nadu"
      },
      "geometry": {
        "type": "Point",
        "coordinates": [
          80.0783859,
          13.039467
        ]
      }
    },
    {
      "type": "Feature",
      "id": "wb-way-180145739",
      "properties": {
        "osm_id": 180145739,
        "osm_type": "way",
        "name": "Unnamed Wetland (wb-way-180145739)",
        "name_ta": "",
        "category": "wetland",
        "water_type": "wetland",
        "latitude": 12.956168,
        "longitude": 80.1175781,
        "city": "Chennai",
        "state": "Tamil Nadu"
      },
      "geometry": {
        "type": "Point",
        "coordinates": [
          80.1175781,
          12.956168
        ]
      }
    },
    {
      "type": "Feature",
      "id": "wb-way-180145741",
      "properties": {
        "osm_id": 180145741,
        "osm_type": "way",
        "name": "Unnamed Wetland (wb-way-180145741)",
        "name_ta": "",
        "category": "wetland",
        "water_type": "wetland",
        "latitude": 12.9601354,
        "longitude": 80.1214915,
        "city": "Chennai",
        "state": "Tamil Nadu"
      },
      "geometry": {
        "type": "Point",
        "coordinates": [
          80.1214915,
          12.9601354
        ]
      }
    },
    {
      "type": "Feature",
      "id": "wb-way-180145745",
      "properties": {
        "osm_id": 180145745,
        "osm_type": "way",
        "name": "Unnamed Wetland (wb-way-180145745)",
        "name_ta": "",
        "category": "wetland",
        "water_type": "wetland",
        "latitude": 12.9633124,
        "longitude": 80.120295,
        "city": "Chennai",
        "state": "Tamil Nadu"
      },
      "geometry": {
        "type": "Point",
        "coordinates": [
          80.120295,
          12.9633124
        ]
      }
    },
    {
      "type": "Feature",
      "id": "wb-way-180145746",
      "properties": {
        "osm_id": 180145746,
        "osm_type": "way",
        "name": "Unnamed Wetland (wb-way-180145746)",
        "name_ta": "",
        "category": "wetland",
        "water_type": "wetland",
        "latitude": 12.9635459,
        "longitude": 80.1174255,
        "city": "Chennai",
        "state": "Tamil Nadu"
      },
      "geometry": {
        "type": "Point",
        "coordinates": [
          80.1174255,
          12.9635459
        ]
      }
    },
    {
      "type": "Feature",
      "id": "wb-way-184728907",
      "properties": {
        "osm_id": 184728907,
        "osm_type": "way",
        "name": "Mangal Eri",
        "name_ta": "",
        "category": "lake",
        "water_type": "wetland",
        "latitude": 13.0875237,
        "longitude": 80.1763792,
        "city": "Chennai",
        "state": "Tamil Nadu"
      },
      "geometry": {
        "type": "Point",
        "coordinates": [
          80.1763792,
          13.0875237
        ]
      }
    },
    {
      "type": "Feature",
      "id": "wb-way-197488611",
      "properties": {
        "osm_id": 197488611,
        "osm_type": "way",
        "name": "Thandukarai Kulam",
        "name_ta": "",
        "category": "pond",
        "water_type": "pond",
        "latitude": 12.9250359,
        "longitude": 80.2069302,
        "city": "Chennai",
        "state": "Tamil Nadu"
      },
      "geometry": {
        "type": "Point",
        "coordinates": [
          80.2069302,
          12.9250359
        ]
      }
    },
    {
      "type": "Feature",
      "id": "wb-way-198549437",
      "properties": {
        "osm_id": 198549437,
        "osm_type": "way",
        "name": "Unnamed Pond (wb-way-198549437)",
        "name_ta": "",
        "category": "pond",
        "water_type": "water",
        "latitude": 12.9592396,
        "longitude": 80.1825776,
        "city": "Chennai",
        "state": "Tamil Nadu"
      },
      "geometry": {
        "type": "Point",
        "coordinates": [
          80.1825776,
          12.9592396
        ]
      }
    },
    {
      "type": "Feature",
      "id": "wb-way-203215028",
      "properties": {
        "osm_id": 203215028,
        "osm_type": "way",
        "name": "Pallikkaranai Anai Tank",
        "name_ta": "",
        "category": "lake",
        "water_type": "lake",
        "latitude": 12.9337095,
        "longitude": 80.1969573,
        "city": "Chennai",
        "state": "Tamil Nadu"
      },
      "geometry": {
        "type": "Point",
        "coordinates": [
          80.1969573,
          12.9337095
        ]
      }
    },
    {
      "type": "Feature",
      "id": "wb-way-203215030",
      "properties": {
        "osm_id": 203215030,
        "osm_type": "way",
        "name": "Pallikkaranai Eri",
        "name_ta": "",
        "category": "lake",
        "water_type": "lake",
        "latitude": 12.9286829,
        "longitude": 80.1981877,
        "city": "Chennai",
        "state": "Tamil Nadu"
      },
      "geometry": {
        "type": "Point",
        "coordinates": [
          80.1981877,
          12.9286829
        ]
      }
    },
    {
      "type": "Feature",
      "id": "wb-way-203215355",
      "properties": {
        "osm_id": 203215355,
        "osm_type": "way",
        "name": "Unnamed Pond (wb-way-203215355)",
        "name_ta": "",
        "category": "pond",
        "water_type": "water",
        "latitude": 12.9388454,
        "longitude": 80.1925966,
        "city": "Chennai",
        "state": "Tamil Nadu"
      },
      "geometry": {
        "type": "Point",
        "coordinates": [
          80.1925966,
          12.9388454
        ]
      }
    },
    {
      "type": "Feature",
      "id": "wb-way-203215356",
      "properties": {
        "osm_id": 203215356,
        "osm_type": "way",
        "name": "Unnamed Pond (wb-way-203215356)",
        "name_ta": "",
        "category": "pond",
        "water_type": "water",
        "latitude": 12.9241756,
        "longitude": 80.1945657,
        "city": "Chennai",
        "state": "Tamil Nadu"
      },
      "geometry": {
        "type": "Point",
        "coordinates": [
          80.1945657,
          12.9241756
        ]
      }
    },
    {
      "type": "Feature",
      "id": "wb-way-203215357",
      "properties": {
        "osm_id": 203215357,
        "osm_type": "way",
        "name": "Unnamed Pond (wb-way-203215357)",
        "name_ta": "",
        "category": "pond",
        "water_type": "water",
        "latitude": 12.936294,
        "longitude": 80.1909605,
        "city": "Chennai",
        "state": "Tamil Nadu"
      },
      "geometry": {
        "type": "Point",
        "coordinates": [
          80.1909605,
          12.936294
        ]
      }
    },
    {
      "type": "Feature",
      "id": "wb-way-205879099",
      "properties": {
        "osm_id": 205879099,
        "osm_type": "way",
        "name": "Unnamed Reservoir (wb-way-205879099)",
        "name_ta": "",
        "category": "reservoir",
        "water_type": "reservoir",
        "latitude": 12.9913097,
        "longitude": 80.2424745,
        "city": "Chennai",
        "state": "Tamil Nadu"
      },
      "geometry": {
        "type": "Point",
        "coordinates": [
          80.2424745,
          12.9913097
        ]
      }
    },
    {
      "type": "Feature",
      "id": "wb-way-208578468",
      "properties": {
        "osm_id": 208578468,
        "osm_type": "way",
        "name": "Unnamed Pond (wb-way-208578468)",
        "name_ta": "",
        "category": "pond",
        "water_type": "water",
        "latitude": 13.0328555,
        "longitude": 80.2648606,
        "city": "Chennai",
        "state": "Tamil Nadu"
      },
      "geometry": {
        "type": "Point",
        "coordinates": [
          80.2648606,
          13.0328555
        ]
      }
    },
    {
      "type": "Feature",
      "id": "wb-way-208578469",
      "properties": {
        "osm_id": 208578469,
        "osm_type": "way",
        "name": "Unnamed Pond (wb-way-208578469)",
        "name_ta": "",
        "category": "pond",
        "water_type": "water",
        "latitude": 13.0397696,
        "longitude": 80.2724345,
        "city": "Chennai",
        "state": "Tamil Nadu"
      },
      "geometry": {
        "type": "Point",
        "coordinates": [
          80.2724345,
          13.0397696
        ]
      }
    },
    {
      "type": "Feature",
      "id": "wb-way-211119391",
      "properties": {
        "osm_id": 211119391,
        "osm_type": "way",
        "name": "Unnamed Pond (wb-way-211119391)",
        "name_ta": "",
        "category": "pond",
        "water_type": "water",
        "latitude": 12.868116,
        "longitude": 80.2307991,
        "city": "Chennai",
        "state": "Tamil Nadu"
      },
      "geometry": {
        "type": "Point",
        "coordinates": [
          80.2307991,
          12.868116
        ]
      }
    },
    {
      "type": "Feature",
      "id": "wb-way-211119392",
      "properties": {
        "osm_id": 211119392,
        "osm_type": "way",
        "name": "Unnamed Pond (wb-way-211119392)",
        "name_ta": "",
        "category": "pond",
        "water_type": "water",
        "latitude": 12.8693395,
        "longitude": 80.2306436,
        "city": "Chennai",
        "state": "Tamil Nadu"
      },
      "geometry": {
        "type": "Point",
        "coordinates": [
          80.2306436,
          12.8693395
        ]
      }
    },
    {
      "type": "Feature",
      "id": "wb-way-211121333",
      "properties": {
        "osm_id": 211121333,
        "osm_type": "way",
        "name": "Unnamed Reservoir (wb-way-211121333)",
        "name_ta": "",
        "category": "reservoir",
        "water_type": "reservoir",
        "latitude": 12.868549,
        "longitude": 80.2285454,
        "city": "Chennai",
        "state": "Tamil Nadu"
      },
      "geometry": {
        "type": "Point",
        "coordinates": [
          80.2285454,
          12.868549
        ]
      }
    },
    {
      "type": "Feature",
      "id": "wb-way-211121334",
      "properties": {
        "osm_id": 211121334,
        "osm_type": "way",
        "name": "Pigeon Pond",
        "name_ta": "",
        "category": "reservoir",
        "water_type": "reservoir",
        "latitude": 12.8660578,
        "longitude": 80.22881,
        "city": "Chennai",
        "state": "Tamil Nadu"
      },
      "geometry": {
        "type": "Point",
        "coordinates": [
          80.22881,
          12.8660578
        ]
      }
    },
    {
      "type": "Feature",
      "id": "wb-way-211144596",
      "properties": {
        "osm_id": 211144596,
        "osm_type": "way",
        "name": "Unnamed Reservoir (wb-way-211144596)",
        "name_ta": "",
        "category": "reservoir",
        "water_type": "reservoir",
        "latitude": 12.8690995,
        "longitude": 80.229141,
        "city": "Chennai",
        "state": "Tamil Nadu"
      },
      "geometry": {
        "type": "Point",
        "coordinates": [
          80.229141,
          12.8690995
        ]
      }
    },
    {
      "type": "Feature",
      "id": "wb-way-211423276",
      "properties": {
        "osm_id": 211423276,
        "osm_type": "way",
        "name": "Madhava Perumal Temple Tank",
        "name_ta": "",
        "category": "pond",
        "water_type": "pond",
        "latitude": 13.0376289,
        "longitude": 80.2715357,
        "city": "Chennai",
        "state": "Tamil Nadu"
      },
      "geometry": {
        "type": "Point",
        "coordinates": [
          80.2715357,
          13.0376289
        ]
      }
    },
    {
      "type": "Feature",
      "id": "wb-way-211435555",
      "properties": {
        "osm_id": 211435555,
        "osm_type": "way",
        "name": "Unnamed Pond (wb-way-211435555)",
        "name_ta": "",
        "category": "pond",
        "water_type": "canal",
        "latitude": 13.0883484,
        "longitude": 80.2742754,
        "city": "Chennai",
        "state": "Tamil Nadu"
      },
      "geometry": {
        "type": "Point",
        "coordinates": [
          80.2742754,
          13.0883484
        ]
      }
    },
    {
      "type": "Feature",
      "id": "wb-way-211638794",
      "properties": {
        "osm_id": 211638794,
        "osm_type": "way",
        "name": "Unnamed Reservoir (wb-way-211638794)",
        "name_ta": "",
        "category": "reservoir",
        "water_type": "reservoir",
        "latitude": 13.021023,
        "longitude": 80.2654544,
        "city": "Chennai",
        "state": "Tamil Nadu"
      },
      "geometry": {
        "type": "Point",
        "coordinates": [
          80.2654544,
          13.021023
        ]
      }
    },
    {
      "type": "Feature",
      "id": "wb-way-211774108",
      "properties": {
        "osm_id": 211774108,
        "osm_type": "way",
        "name": "Unnamed Reservoir (wb-way-211774108)",
        "name_ta": "",
        "category": "reservoir",
        "water_type": "reservoir",
        "latitude": 13.063546,
        "longitude": 80.2724345,
        "city": "Chennai",
        "state": "Tamil Nadu"
      },
      "geometry": {
        "type": "Point",
        "coordinates": [
          80.2724345,
          13.063546
        ]
      }
    },
    {
      "type": "Feature",
      "id": "wb-way-211900069",
      "properties": {
        "osm_id": 211900069,
        "osm_type": "way",
        "name": "Unnamed Pond (wb-way-211900069)",
        "name_ta": "",
        "category": "pond",
        "water_type": "water",
        "latitude": 13.0093267,
        "longitude": 80.2480429,
        "city": "Chennai",
        "state": "Tamil Nadu"
      },
      "geometry": {
        "type": "Point",
        "coordinates": [
          80.2480429,
          13.0093267
        ]
      }
    },
    {
      "type": "Feature",
      "id": "wb-way-211900070",
      "properties": {
        "osm_id": 211900070,
        "osm_type": "way",
        "name": "Unnamed Pond (wb-way-211900070)",
        "name_ta": "",
        "category": "pond",
        "water_type": "water",
        "latitude": 13.014909,
        "longitude": 80.248304,
        "city": "Chennai",
        "state": "Tamil Nadu"
      },
      "geometry": {
        "type": "Point",
        "coordinates": [
          80.248304,
          13.014909
        ]
      }
    },
    {
      "type": "Feature",
      "id": "wb-way-211900075",
      "properties": {
        "osm_id": 211900075,
        "osm_type": "way",
        "name": "Unnamed Pond (wb-way-211900075)",
        "name_ta": "",
        "category": "pond",
        "water_type": "water",
        "latitude": 13.0173908,
        "longitude": 80.2367029,
        "city": "Chennai",
        "state": "Tamil Nadu"
      },
      "geometry": {
        "type": "Point",
        "coordinates": [
          80.2367029,
          13.0173908
        ]
      }
    },
    {
      "type": "Feature",
      "id": "wb-way-214202945",
      "properties": {
        "osm_id": 214202945,
        "osm_type": "way",
        "name": "Unnamed Pond (wb-way-214202945)",
        "name_ta": "",
        "category": "pond",
        "water_type": "pond",
        "latitude": 13.0344959,
        "longitude": 80.2256386,
        "city": "Chennai",
        "state": "Tamil Nadu"
      },
      "geometry": {
        "type": "Point",
        "coordinates": [
          80.2256386,
          13.0344959
        ]
      }
    },
    {
      "type": "Feature",
      "id": "wb-way-214599857",
      "properties": {
        "osm_id": 214599857,
        "osm_type": "way",
        "name": "Unnamed Pond (wb-way-214599857)",
        "name_ta": "",
        "category": "pond",
        "water_type": "water",
        "latitude": 13.0152698,
        "longitude": 80.2272798,
        "city": "Chennai",
        "state": "Tamil Nadu"
      },
      "geometry": {
        "type": "Point",
        "coordinates": [
          80.2272798,
          13.0152698
        ]
      }
    },
    {
      "type": "Feature",
      "id": "wb-way-214698656",
      "properties": {
        "osm_id": 214698656,
        "osm_type": "way",
        "name": "Unnamed Reservoir (wb-way-214698656)",
        "name_ta": "",
        "category": "reservoir",
        "water_type": "reservoir",
        "latitude": 13.0764016,
        "longitude": 80.2680027,
        "city": "Chennai",
        "state": "Tamil Nadu"
      },
      "geometry": {
        "type": "Point",
        "coordinates": [
          80.2680027,
          13.0764016
        ]
      }
    },
    {
      "type": "Feature",
      "id": "wb-way-217609144",
      "properties": {
        "osm_id": 217609144,
        "osm_type": "way",
        "name": "Unnamed Reservoir (wb-way-217609144)",
        "name_ta": "",
        "category": "reservoir",
        "water_type": "reservoir",
        "latitude": 13.0910917,
        "longitude": 80.2772648,
        "city": "Chennai",
        "state": "Tamil Nadu"
      },
      "geometry": {
        "type": "Point",
        "coordinates": [
          80.2772648,
          13.0910917
        ]
      }
    },
    {
      "type": "Feature",
      "id": "wb-way-217609145",
      "properties": {
        "osm_id": 217609145,
        "osm_type": "way",
        "name": "Ekambeshwarar Koil Kulam",
        "name_ta": "",
        "category": "pond",
        "water_type": "pond",
        "latitude": 13.0882791,
        "longitude": 80.2775944,
        "city": "Chennai",
        "state": "Tamil Nadu"
      },
      "geometry": {
        "type": "Point",
        "coordinates": [
          80.2775944,
          13.0882791
        ]
      }
    },
    {
      "type": "Feature",
      "id": "wb-way-217688012",
      "properties": {
        "osm_id": 217688012,
        "osm_type": "way",
        "name": "Unnamed Reservoir (wb-way-217688012)",
        "name_ta": "",
        "category": "reservoir",
        "water_type": "reservoir",
        "latitude": 13.0630581,
        "longitude": 80.2430805,
        "city": "Chennai",
        "state": "Tamil Nadu"
      },
      "geometry": {
        "type": "Point",
        "coordinates": [
          80.2430805,
          13.0630581
        ]
      }
    },
    {
      "type": "Feature",
      "id": "wb-way-217722050",
      "properties": {
        "osm_id": 217722050,
        "osm_type": "way",
        "name": "Unnamed Reservoir (wb-way-217722050)",
        "name_ta": "",
        "category": "reservoir",
        "water_type": "reservoir",
        "latitude": 13.0932055,
        "longitude": 80.2638331,
        "city": "Chennai",
        "state": "Tamil Nadu"
      },
      "geometry": {
        "type": "Point",
        "coordinates": [
          80.2638331,
          13.0932055
        ]
      }
    },
    {
      "type": "Feature",
      "id": "wb-way-217722055",
      "properties": {
        "osm_id": 217722055,
        "osm_type": "way",
        "name": "Unnamed Wetland (wb-way-217722055)",
        "name_ta": "",
        "category": "wetland",
        "water_type": "wetland",
        "latitude": 13.0892116,
        "longitude": 80.246696,
        "city": "Chennai",
        "state": "Tamil Nadu"
      },
      "geometry": {
        "type": "Point",
        "coordinates": [
          80.246696,
          13.0892116
        ]
      }
    },
    {
      "type": "Feature",
      "id": "wb-way-217802640",
      "properties": {
        "osm_id": 217802640,
        "osm_type": "way",
        "name": "Unnamed Pond (wb-way-217802640)",
        "name_ta": "",
        "category": "pond",
        "water_type": "pond",
        "latitude": 13.0738054,
        "longitude": 80.1978847,
        "city": "Chennai",
        "state": "Tamil Nadu"
      },
      "geometry": {
        "type": "Point",
        "coordinates": [
          80.1978847,
          13.0738054
        ]
      }
    },
    {
      "type": "Feature",
      "id": "wb-way-217845707",
      "properties": {
        "osm_id": 217845707,
        "osm_type": "way",
        "name": "Unnamed Pond (wb-way-217845707)",
        "name_ta": "",
        "category": "pond",
        "water_type": "water",
        "latitude": 13.088292,
        "longitude": 80.2775745,
        "city": "Chennai",
        "state": "Tamil Nadu"
      },
      "geometry": {
        "type": "Point",
        "coordinates": [
          80.2775745,
          13.088292
        ]
      }
    },
    {
      "type": "Feature",
      "id": "wb-way-217849594",
      "properties": {
        "osm_id": 217849594,
        "osm_type": "way",
        "name": "Chennamalleshwarar Perumal Koil Kulam",
        "name_ta": "",
        "category": "pond",
        "water_type": "pond",
        "latitude": 13.0886131,
        "longitude": 80.2804671,
        "city": "Chennai",
        "state": "Tamil Nadu"
      },
      "geometry": {
        "type": "Point",
        "coordinates": [
          80.2804671,
          13.0886131
        ]
      }
    },
    {
      "type": "Feature",
      "id": "wb-way-217850421",
      "properties": {
        "osm_id": 217850421,
        "osm_type": "way",
        "name": "Unnamed Pond (wb-way-217850421)",
        "name_ta": "",
        "category": "pond",
        "water_type": "water",
        "latitude": 13.1019554,
        "longitude": 80.2721011,
        "city": "Chennai",
        "state": "Tamil Nadu"
      },
      "geometry": {
        "type": "Point",
        "coordinates": [
          80.2721011,
          13.1019554
        ]
      }
    },
    {
      "type": "Feature",
      "id": "wb-way-217902577",
      "properties": {
        "osm_id": 217902577,
        "osm_type": "way",
        "name": "Unnamed Wetland (wb-way-217902577)",
        "name_ta": "",
        "category": "wetland",
        "water_type": "wetland",
        "latitude": 13.1211579,
        "longitude": 80.2453234,
        "city": "Chennai",
        "state": "Tamil Nadu"
      },
      "geometry": {
        "type": "Point",
        "coordinates": [
          80.2453234,
          13.1211579
        ]
      }
    },
    {
      "type": "Feature",
      "id": "wb-way-217904438",
      "properties": {
        "osm_id": 217904438,
        "osm_type": "way",
        "name": "Unnamed Wetland (wb-way-217904438)",
        "name_ta": "",
        "category": "wetland",
        "water_type": "wetland",
        "latitude": 13.1206401,
        "longitude": 80.2523204,
        "city": "Chennai",
        "state": "Tamil Nadu"
      },
      "geometry": {
        "type": "Point",
        "coordinates": [
          80.2523204,
          13.1206401
        ]
      }
    },
    {
      "type": "Feature",
      "id": "wb-way-217906524",
      "properties": {
        "osm_id": 217906524,
        "osm_type": "way",
        "name": "Unnamed Reservoir (wb-way-217906524)",
        "name_ta": "",
        "category": "reservoir",
        "water_type": "reservoir",
        "latitude": 13.1185254,
        "longitude": 80.2620412,
        "city": "Chennai",
        "state": "Tamil Nadu"
      },
      "geometry": {
        "type": "Point",
        "coordinates": [
          80.2620412,
          13.1185254
        ]
      }
    },
    {
      "type": "Feature",
      "id": "wb-way-217920747",
      "properties": {
        "osm_id": 217920747,
        "osm_type": "way",
        "name": "Unnamed Pond (wb-way-217920747)",
        "name_ta": "",
        "category": "pond",
        "water_type": "water",
        "latitude": 13.110592,
        "longitude": 80.2266458,
        "city": "Chennai",
        "state": "Tamil Nadu"
      },
      "geometry": {
        "type": "Point",
        "coordinates": [
          80.2266458,
          13.110592
        ]
      }
    },
    {
      "type": "Feature",
      "id": "wb-way-217920757",
      "properties": {
        "osm_id": 217920757,
        "osm_type": "way",
        "name": "Thamarai Kulam",
        "name_ta": "",
        "category": "pond",
        "water_type": "pond",
        "latitude": 13.1191683,
        "longitude": 80.223444,
        "city": "Chennai",
        "state": "Tamil Nadu"
      },
      "geometry": {
        "type": "Point",
        "coordinates": [
          80.223444,
          13.1191683
        ]
      }
    },
    {
      "type": "Feature",
      "id": "wb-way-217922857",
      "properties": {
        "osm_id": 217922857,
        "osm_type": "way",
        "name": "Unnamed Reservoir (wb-way-217922857)",
        "name_ta": "",
        "category": "reservoir",
        "water_type": "reservoir",
        "latitude": 13.0971569,
        "longitude": 80.240402,
        "city": "Chennai",
        "state": "Tamil Nadu"
      },
      "geometry": {
        "type": "Point",
        "coordinates": [
          80.240402,
          13.0971569
        ]
      }
    },
    {
      "type": "Feature",
      "id": "wb-way-217928946",
      "properties": {
        "osm_id": 217928946,
        "osm_type": "way",
        "name": "Damodaran Perumal Koil Kulam",
        "name_ta": "",
        "category": "pond",
        "water_type": "pond",
        "latitude": 13.1071905,
        "longitude": 80.2078227,
        "city": "Chennai",
        "state": "Tamil Nadu"
      },
      "geometry": {
        "type": "Point",
        "coordinates": [
          80.2078227,
          13.1071905
        ]
      }
    },
    {
      "type": "Feature",
      "id": "wb-way-217928947",
      "properties": {
        "osm_id": 217928947,
        "osm_type": "way",
        "name": "Valayan Kulam",
        "name_ta": "",
        "category": "pond",
        "water_type": "pond",
        "latitude": 13.108506,
        "longitude": 80.2126874,
        "city": "Chennai",
        "state": "Tamil Nadu"
      },
      "geometry": {
        "type": "Point",
        "coordinates": [
          80.2126874,
          13.108506
        ]
      }
    },
    {
      "type": "Feature",
      "id": "wb-way-217928948",
      "properties": {
        "osm_id": 217928948,
        "osm_type": "way",
        "name": "Agatheeswaran Koil Street Kulam",
        "name_ta": "",
        "category": "pond",
        "water_type": "pond",
        "latitude": 13.1046666,
        "longitude": 80.2067541,
        "city": "Chennai",
        "state": "Tamil Nadu"
      },
      "geometry": {
        "type": "Point",
        "coordinates": [
          80.2067541,
          13.1046666
        ]
      }
    },
    {
      "type": "Feature",
      "id": "wb-way-217940545",
      "properties": {
        "osm_id": 217940545,
        "osm_type": "way",
        "name": "Unnamed Reservoir (wb-way-217940545)",
        "name_ta": "",
        "category": "reservoir",
        "water_type": "reservoir",
        "latitude": 13.1116453,
        "longitude": 80.2311104,
        "city": "Chennai",
        "state": "Tamil Nadu"
      },
      "geometry": {
        "type": "Point",
        "coordinates": [
          80.2311104,
          13.1116453
        ]
      }
    },
    {
      "type": "Feature",
      "id": "wb-way-217940547",
      "properties": {
        "osm_id": 217940547,
        "osm_type": "way",
        "name": "Unnamed Wetland (wb-way-217940547)",
        "name_ta": "",
        "category": "wetland",
        "water_type": "wetland",
        "latitude": 13.1175581,
        "longitude": 80.26142,
        "city": "Chennai",
        "state": "Tamil Nadu"
      },
      "geometry": {
        "type": "Point",
        "coordinates": [
          80.26142,
          13.1175581
        ]
      }
    },
    {
      "type": "Feature",
      "id": "wb-way-217955850",
      "properties": {
        "osm_id": 217955850,
        "osm_type": "way",
        "name": "Unnamed Pond (wb-way-217955850)",
        "name_ta": "",
        "category": "pond",
        "water_type": "water",
        "latitude": 13.0913003,
        "longitude": 80.2332928,
        "city": "Chennai",
        "state": "Tamil Nadu"
      },
      "geometry": {
        "type": "Point",
        "coordinates": [
          80.2332928,
          13.0913003
        ]
      }
    },
    {
      "type": "Feature",
      "id": "wb-way-217955854",
      "properties": {
        "osm_id": 217955854,
        "osm_type": "way",
        "name": "Unnamed Pond (wb-way-217955854)",
        "name_ta": "",
        "category": "pond",
        "water_type": "water",
        "latitude": 13.0913478,
        "longitude": 80.2328679,
        "city": "Chennai",
        "state": "Tamil Nadu"
      },
      "geometry": {
        "type": "Point",
        "coordinates": [
          80.2328679,
          13.0913478
        ]
      }
    },
    {
      "type": "Feature",
      "id": "wb-way-218212407",
      "properties": {
        "osm_id": 218212407,
        "osm_type": "way",
        "name": "Kalyana Varadaraja Perumal Koil Tank",
        "name_ta": "",
        "category": "pond",
        "water_type": "pond",
        "latitude": 13.153714,
        "longitude": 80.2966373,
        "city": "Chennai",
        "state": "Tamil Nadu"
      },
      "geometry": {
        "type": "Point",
        "coordinates": [
          80.2966373,
          13.153714
        ]
      }
    },
    {
      "type": "Feature",
      "id": "wb-way-218221719",
      "properties": {
        "osm_id": 218221719,
        "osm_type": "way",
        "name": "Bhaskar Colony Park Kulam",
        "name_ta": "",
        "category": "pond",
        "water_type": "pond",
        "latitude": 13.0527627,
        "longitude": 80.1985277,
        "city": "Chennai",
        "state": "Tamil Nadu"
      },
      "geometry": {
        "type": "Point",
        "coordinates": [
          80.1985277,
          13.0527627
        ]
      }
    },
    {
      "type": "Feature",
      "id": "wb-way-219560980",
      "properties": {
        "osm_id": 219560980,
        "osm_type": "way",
        "name": "Unnamed Pond (wb-way-219560980)",
        "name_ta": "",
        "category": "pond",
        "water_type": "water",
        "latitude": 13.1102021,
        "longitude": 80.1670331,
        "city": "Chennai",
        "state": "Tamil Nadu"
      },
      "geometry": {
        "type": "Point",
        "coordinates": [
          80.1670331,
          13.1102021
        ]
      }
    },
    {
      "type": "Feature",
      "id": "wb-way-231391877",
      "properties": {
        "osm_id": 231391877,
        "osm_type": "way",
        "name": "Porur Pond",
        "name_ta": "",
        "category": "pond",
        "water_type": "water",
        "latitude": 13.0365302,
        "longitude": 80.1593044,
        "city": "Chennai",
        "state": "Tamil Nadu"
      },
      "geometry": {
        "type": "Point",
        "coordinates": [
          80.1593044,
          13.0365302
        ]
      }
    },
    {
      "type": "Feature",
      "id": "wb-way-241414216",
      "properties": {
        "osm_id": 241414216,
        "osm_type": "way",
        "name": "Unnamed Pond (wb-way-241414216)",
        "name_ta": "",
        "category": "pond",
        "water_type": "water",
        "latitude": 13.0803074,
        "longitude": 80.284996,
        "city": "Chennai",
        "state": "Tamil Nadu"
      },
      "geometry": {
        "type": "Point",
        "coordinates": [
          80.284996,
          13.0803074
        ]
      }
    },
    {
      "type": "Feature",
      "id": "wb-way-278769879",
      "properties": {
        "osm_id": 278769879,
        "osm_type": "way",
        "name": "Thamarai Kulam",
        "name_ta": "",
        "category": "pond",
        "water_type": "pond",
        "latitude": 13.0177703,
        "longitude": 80.1582862,
        "city": "Chennai",
        "state": "Tamil Nadu"
      },
      "geometry": {
        "type": "Point",
        "coordinates": [
          80.1582862,
          13.0177703
        ]
      }
    },
    {
      "type": "Feature",
      "id": "wb-way-288772390",
      "properties": {
        "osm_id": 288772390,
        "osm_type": "way",
        "name": "Azhwancherry Pond",
        "name_ta": "",
        "category": "pond",
        "water_type": "pond",
        "latitude": 13.0160306,
        "longitude": 80.1557504,
        "city": "Chennai",
        "state": "Tamil Nadu"
      },
      "geometry": {
        "type": "Point",
        "coordinates": [
          80.1557504,
          13.0160306
        ]
      }
    },
    {
      "type": "Feature",
      "id": "wb-way-292025239",
      "properties": {
        "osm_id": 292025239,
        "osm_type": "way",
        "name": "Samiyar kulam",
        "name_ta": "",
        "category": "pond",
        "water_type": "pond",
        "latitude": 13.011353,
        "longitude": 80.1578015,
        "city": "Chennai",
        "state": "Tamil Nadu"
      },
      "geometry": {
        "type": "Point",
        "coordinates": [
          80.1578015,
          13.011353
        ]
      }
    },
    {
      "type": "Feature",
      "id": "wb-way-355667734",
      "properties": {
        "osm_id": 355667734,
        "osm_type": "way",
        "name": "Unnamed Pond (wb-way-355667734)",
        "name_ta": "",
        "category": "pond",
        "water_type": "wastewater",
        "latitude": 13.0348119,
        "longitude": 80.1923332,
        "city": "Chennai",
        "state": "Tamil Nadu"
      },
      "geometry": {
        "type": "Point",
        "coordinates": [
          80.1923332,
          13.0348119
        ]
      }
    },
    {
      "type": "Feature",
      "id": "wb-way-355667736",
      "properties": {
        "osm_id": 355667736,
        "osm_type": "way",
        "name": "Unnamed Pond (wb-way-355667736)",
        "name_ta": "",
        "category": "pond",
        "water_type": "wastewater",
        "latitude": 13.0322965,
        "longitude": 80.1938385,
        "city": "Chennai",
        "state": "Tamil Nadu"
      },
      "geometry": {
        "type": "Point",
        "coordinates": [
          80.1938385,
          13.0322965
        ]
      }
    },
    {
      "type": "Feature",
      "id": "wb-way-355667738",
      "properties": {
        "osm_id": 355667738,
        "osm_type": "way",
        "name": "Unnamed Pond (wb-way-355667738)",
        "name_ta": "",
        "category": "pond",
        "water_type": "wastewater",
        "latitude": 13.0347084,
        "longitude": 80.1932111,
        "city": "Chennai",
        "state": "Tamil Nadu"
      },
      "geometry": {
        "type": "Point",
        "coordinates": [
          80.1932111,
          13.0347084
        ]
      }
    },
    {
      "type": "Feature",
      "id": "wb-way-355667739",
      "properties": {
        "osm_id": 355667739,
        "osm_type": "way",
        "name": "Unnamed Pond (wb-way-355667739)",
        "name_ta": "",
        "category": "pond",
        "water_type": "wastewater",
        "latitude": 13.032001,
        "longitude": 80.1937056,
        "city": "Chennai",
        "state": "Tamil Nadu"
      },
      "geometry": {
        "type": "Point",
        "coordinates": [
          80.1937056,
          13.032001
        ]
      }
    },
    {
      "type": "Feature",
      "id": "wb-way-355667740",
      "properties": {
        "osm_id": 355667740,
        "osm_type": "way",
        "name": "Unnamed Pond (wb-way-355667740)",
        "name_ta": "",
        "category": "pond",
        "water_type": "wastewater",
        "latitude": 13.0330021,
        "longitude": 80.1938867,
        "city": "Chennai",
        "state": "Tamil Nadu"
      },
      "geometry": {
        "type": "Point",
        "coordinates": [
          80.1938867,
          13.0330021
        ]
      }
    },
    {
      "type": "Feature",
      "id": "wb-way-355667741",
      "properties": {
        "osm_id": 355667741,
        "osm_type": "way",
        "name": "Unnamed Pond (wb-way-355667741)",
        "name_ta": "",
        "category": "pond",
        "water_type": "wastewater",
        "latitude": 13.0321242,
        "longitude": 80.1927196,
        "city": "Chennai",
        "state": "Tamil Nadu"
      },
      "geometry": {
        "type": "Point",
        "coordinates": [
          80.1927196,
          13.0321242
        ]
      }
    },
    {
      "type": "Feature",
      "id": "wb-way-355667742",
      "properties": {
        "osm_id": 355667742,
        "osm_type": "way",
        "name": "Unnamed Pond (wb-way-355667742)",
        "name_ta": "",
        "category": "pond",
        "water_type": "wastewater",
        "latitude": 13.0347587,
        "longitude": 80.1928166,
        "city": "Chennai",
        "state": "Tamil Nadu"
      },
      "geometry": {
        "type": "Point",
        "coordinates": [
          80.1928166,
          13.0347587
        ]
      }
    },
    {
      "type": "Feature",
      "id": "wb-way-355667743",
      "properties": {
        "osm_id": 355667743,
        "osm_type": "way",
        "name": "Unnamed Pond (wb-way-355667743)",
        "name_ta": "",
        "category": "pond",
        "water_type": "wastewater",
        "latitude": 13.0339175,
        "longitude": 80.1940804,
        "city": "Chennai",
        "state": "Tamil Nadu"
      },
      "geometry": {
        "type": "Point",
        "coordinates": [
          80.1940804,
          13.0339175
        ]
      }
    },
    {
      "type": "Feature",
      "id": "wb-way-355667744",
      "properties": {
        "osm_id": 355667744,
        "osm_type": "way",
        "name": "Unnamed Pond (wb-way-355667744)",
        "name_ta": "",
        "category": "pond",
        "water_type": "wastewater",
        "latitude": 13.0333173,
        "longitude": 80.1927562,
        "city": "Chennai",
        "state": "Tamil Nadu"
      },
      "geometry": {
        "type": "Point",
        "coordinates": [
          80.1927562,
          13.0333173
        ]
      }
    },
    {
      "type": "Feature",
      "id": "wb-way-355667745",
      "properties": {
        "osm_id": 355667745,
        "osm_type": "way",
        "name": "Unnamed Pond (wb-way-355667745)",
        "name_ta": "",
        "category": "pond",
        "water_type": "wastewater",
        "latitude": 13.0333904,
        "longitude": 80.1922521,
        "city": "Chennai",
        "state": "Tamil Nadu"
      },
      "geometry": {
        "type": "Point",
        "coordinates": [
          80.1922521,
          13.0333904
        ]
      }
    },
    {
      "type": "Feature",
      "id": "wb-way-369099870",
      "properties": {
        "osm_id": 369099870,
        "osm_type": "way",
        "name": "Unnamed Pond (wb-way-369099870)",
        "name_ta": "",
        "category": "pond",
        "water_type": "water",
        "latitude": 12.9641209,
        "longitude": 80.1658054,
        "city": "Chennai",
        "state": "Tamil Nadu"
      },
      "geometry": {
        "type": "Point",
        "coordinates": [
          80.1658054,
          12.9641209
        ]
      }
    },
    {
      "type": "Feature",
      "id": "wb-way-369099873",
      "properties": {
        "osm_id": 369099873,
        "osm_type": "way",
        "name": "Unnamed Reservoir (wb-way-369099873)",
        "name_ta": "",
        "category": "reservoir",
        "water_type": "reservoir",
        "latitude": 12.9612866,
        "longitude": 80.1667013,
        "city": "Chennai",
        "state": "Tamil Nadu"
      },
      "geometry": {
        "type": "Point",
        "coordinates": [
          80.1667013,
          12.9612866
        ]
      }
    },
    {
      "type": "Feature",
      "id": "wb-way-369100833",
      "properties": {
        "osm_id": 369100833,
        "osm_type": "way",
        "name": "Unnamed Pond (wb-way-369100833)",
        "name_ta": "",
        "category": "pond",
        "water_type": "water",
        "latitude": 12.9618388,
        "longitude": 80.1341656,
        "city": "Chennai",
        "state": "Tamil Nadu"
      },
      "geometry": {
        "type": "Point",
        "coordinates": [
          80.1341656,
          12.9618388
        ]
      }
    },
    {
      "type": "Feature",
      "id": "wb-way-369464297",
      "properties": {
        "osm_id": 369464297,
        "osm_type": "way",
        "name": "Unnamed Pond (wb-way-369464297)",
        "name_ta": "",
        "category": "pond",
        "water_type": "wastewater",
        "latitude": 12.9569991,
        "longitude": 80.2328155,
        "city": "Chennai",
        "state": "Tamil Nadu"
      },
      "geometry": {
        "type": "Point",
        "coordinates": [
          80.2328155,
          12.9569991
        ]
      }
    },
    {
      "type": "Feature",
      "id": "wb-way-369464311",
      "properties": {
        "osm_id": 369464311,
        "osm_type": "way",
        "name": "Unnamed Basin (wb-way-369464311)",
        "name_ta": "",
        "category": "basin",
        "water_type": "basin",
        "latitude": 12.9556805,
        "longitude": 80.2351307,
        "city": "Chennai",
        "state": "Tamil Nadu"
      },
      "geometry": {
        "type": "Point",
        "coordinates": [
          80.2351307,
          12.9556805
        ]
      }
    },
    {
      "type": "Feature",
      "id": "wb-way-369508591",
      "properties": {
        "osm_id": 369508591,
        "osm_type": "way",
        "name": "Unnamed Pond (wb-way-369508591)",
        "name_ta": "",
        "category": "pond",
        "water_type": "water",
        "latitude": 12.883438,
        "longitude": 80.1906182,
        "city": "Chennai",
        "state": "Tamil Nadu"
      },
      "geometry": {
        "type": "Point",
        "coordinates": [
          80.1906182,
          12.883438
        ]
      }
    },
    {
      "type": "Feature",
      "id": "wb-way-369514771",
      "properties": {
        "osm_id": 369514771,
        "osm_type": "way",
        "name": "Unnamed Pond (wb-way-369514771)",
        "name_ta": "",
        "category": "pond",
        "water_type": "water",
        "latitude": 12.88607,
        "longitude": 80.1533051,
        "city": "Chennai",
        "state": "Tamil Nadu"
      },
      "geometry": {
        "type": "Point",
        "coordinates": [
          80.1533051,
          12.88607
        ]
      }
    },
    {
      "type": "Feature",
      "id": "wb-way-369514775",
      "properties": {
        "osm_id": 369514775,
        "osm_type": "way",
        "name": "Unnamed Pond (wb-way-369514775)",
        "name_ta": "",
        "category": "pond",
        "water_type": "water",
        "latitude": 12.8866167,
        "longitude": 80.1546795,
        "city": "Chennai",
        "state": "Tamil Nadu"
      },
      "geometry": {
        "type": "Point",
        "coordinates": [
          80.1546795,
          12.8866167
        ]
      }
    },
    {
      "type": "Feature",
      "id": "wb-way-369523051",
      "properties": {
        "osm_id": 369523051,
        "osm_type": "way",
        "name": "Unnamed Pond (wb-way-369523051)",
        "name_ta": "",
        "category": "pond",
        "water_type": "water",
        "latitude": 12.9040715,
        "longitude": 80.1987393,
        "city": "Chennai",
        "state": "Tamil Nadu"
      },
      "geometry": {
        "type": "Point",
        "coordinates": [
          80.1987393,
          12.9040715
        ]
      }
    },
    {
      "type": "Feature",
      "id": "wb-way-369617031",
      "properties": {
        "osm_id": 369617031,
        "osm_type": "way",
        "name": "Unnamed Pond (wb-way-369617031)",
        "name_ta": "",
        "category": "pond",
        "water_type": "water",
        "latitude": 12.9211283,
        "longitude": 80.1367725,
        "city": "Chennai",
        "state": "Tamil Nadu"
      },
      "geometry": {
        "type": "Point",
        "coordinates": [
          80.1367725,
          12.9211283
        ]
      }
    },
    {
      "type": "Feature",
      "id": "wb-way-369617032",
      "properties": {
        "osm_id": 369617032,
        "osm_type": "way",
        "name": "Unnamed Pond (wb-way-369617032)",
        "name_ta": "",
        "category": "pond",
        "water_type": "water",
        "latitude": 12.9172186,
        "longitude": 80.1422227,
        "city": "Chennai",
        "state": "Tamil Nadu"
      },
      "geometry": {
        "type": "Point",
        "coordinates": [
          80.1422227,
          12.9172186
        ]
      }
    },
    {
      "type": "Feature",
      "id": "wb-way-369617033",
      "properties": {
        "osm_id": 369617033,
        "osm_type": "way",
        "name": "Unnamed Pond (wb-way-369617033)",
        "name_ta": "",
        "category": "pond",
        "water_type": "water",
        "latitude": 12.9207752,
        "longitude": 80.1394213,
        "city": "Chennai",
        "state": "Tamil Nadu"
      },
      "geometry": {
        "type": "Point",
        "coordinates": [
          80.1394213,
          12.9207752
        ]
      }
    },
    {
      "type": "Feature",
      "id": "wb-way-369625991",
      "properties": {
        "osm_id": 369625991,
        "osm_type": "way",
        "name": "New Colony Pond",
        "name_ta": "",
        "category": "pond",
        "water_type": "pond",
        "latitude": 12.9323396,
        "longitude": 80.2050163,
        "city": "Chennai",
        "state": "Tamil Nadu"
      },
      "geometry": {
        "type": "Point",
        "coordinates": [
          80.2050163,
          12.9323396
        ]
      }
    },
    {
      "type": "Feature",
      "id": "wb-way-369625993",
      "properties": {
        "osm_id": 369625993,
        "osm_type": "way",
        "name": "Naasan Kulam",
        "name_ta": "",
        "category": "pond",
        "water_type": "pond",
        "latitude": 12.9302632,
        "longitude": 80.209672,
        "city": "Chennai",
        "state": "Tamil Nadu"
      },
      "geometry": {
        "type": "Point",
        "coordinates": [
          80.209672,
          12.9302632
        ]
      }
    },
    {
      "type": "Feature",
      "id": "wb-way-369625994",
      "properties": {
        "osm_id": 369625994,
        "osm_type": "way",
        "name": "Kovalan Nagar Lake",
        "name_ta": "",
        "category": "lake",
        "water_type": "lake",
        "latitude": 12.9322339,
        "longitude": 80.2061564,
        "city": "Chennai",
        "state": "Tamil Nadu"
      },
      "geometry": {
        "type": "Point",
        "coordinates": [
          80.2061564,
          12.9322339
        ]
      }
    },
    {
      "type": "Feature",
      "id": "wb-way-369629984",
      "properties": {
        "osm_id": 369629984,
        "osm_type": "way",
        "name": "Unnamed Pond (wb-way-369629984)",
        "name_ta": "",
        "category": "pond",
        "water_type": "water",
        "latitude": 12.9333036,
        "longitude": 80.2350928,
        "city": "Chennai",
        "state": "Tamil Nadu"
      },
      "geometry": {
        "type": "Point",
        "coordinates": [
          80.2350928,
          12.9333036
        ]
      }
    },
    {
      "type": "Feature",
      "id": "wb-way-369648524",
      "properties": {
        "osm_id": 369648524,
        "osm_type": "way",
        "name": "Unnamed Pond (wb-way-369648524)",
        "name_ta": "",
        "category": "pond",
        "water_type": "water",
        "latitude": 12.9531349,
        "longitude": 80.1582388,
        "city": "Chennai",
        "state": "Tamil Nadu"
      },
      "geometry": {
        "type": "Point",
        "coordinates": [
          80.1582388,
          12.9531349
        ]
      }
    },
    {
      "type": "Feature",
      "id": "wb-way-369650944",
      "properties": {
        "osm_id": 369650944,
        "osm_type": "way",
        "name": "Unnamed Pond (wb-way-369650944)",
        "name_ta": "",
        "category": "pond",
        "water_type": "water",
        "latitude": 12.9484223,
        "longitude": 80.16199,
        "city": "Chennai",
        "state": "Tamil Nadu"
      },
      "geometry": {
        "type": "Point",
        "coordinates": [
          80.16199,
          12.9484223
        ]
      }
    },
    {
      "type": "Feature",
      "id": "wb-way-376635749",
      "properties": {
        "osm_id": 376635749,
        "osm_type": "way",
        "name": "Birds Enclosure",
        "name_ta": "",
        "category": "pond",
        "water_type": "pond",
        "latitude": 13.0039805,
        "longitude": 80.2379634,
        "city": "Chennai",
        "state": "Tamil Nadu"
      },
      "geometry": {
        "type": "Point",
        "coordinates": [
          80.2379634,
          13.0039805
        ]
      }
    },
    {
      "type": "Feature",
      "id": "wb-way-379699515",
      "properties": {
        "osm_id": 379699515,
        "osm_type": "way",
        "name": "Unnamed Pond (wb-way-379699515)",
        "name_ta": "",
        "category": "pond",
        "water_type": "pond",
        "latitude": 13.0108379,
        "longitude": 80.2659956,
        "city": "Chennai",
        "state": "Tamil Nadu"
      },
      "geometry": {
        "type": "Point",
        "coordinates": [
          80.2659956,
          13.0108379
        ]
      }
    },
    {
      "type": "Feature",
      "id": "wb-way-382881902",
      "properties": {
        "osm_id": 382881902,
        "osm_type": "way",
        "name": "Unnamed Reservoir (wb-way-382881902)",
        "name_ta": "",
        "category": "reservoir",
        "water_type": "reservoir",
        "latitude": 13.2505969,
        "longitude": 80.3240223,
        "city": "Chennai",
        "state": "Tamil Nadu"
      },
      "geometry": {
        "type": "Point",
        "coordinates": [
          80.3240223,
          13.2505969
        ]
      }
    },
    {
      "type": "Feature",
      "id": "wb-way-383754555",
      "properties": {
        "osm_id": 383754555,
        "osm_type": "way",
        "name": "Unnamed Wetland (wb-way-383754555)",
        "name_ta": "",
        "category": "wetland",
        "water_type": "wetland",
        "latitude": 13.0110084,
        "longitude": 80.0854576,
        "city": "Chennai",
        "state": "Tamil Nadu"
      },
      "geometry": {
        "type": "Point",
        "coordinates": [
          80.0854576,
          13.0110084
        ]
      }
    },
    {
      "type": "Feature",
      "id": "wb-way-383754556",
      "properties": {
        "osm_id": 383754556,
        "osm_type": "way",
        "name": "Unnamed Wetland (wb-way-383754556)",
        "name_ta": "",
        "category": "wetland",
        "water_type": "wetland",
        "latitude": 13.005288,
        "longitude": 80.1028413,
        "city": "Chennai",
        "state": "Tamil Nadu"
      },
      "geometry": {
        "type": "Point",
        "coordinates": [
          80.1028413,
          13.005288
        ]
      }
    },
    {
      "type": "Feature",
      "id": "wb-way-383754557",
      "properties": {
        "osm_id": 383754557,
        "osm_type": "way",
        "name": "Unnamed Wetland (wb-way-383754557)",
        "name_ta": "",
        "category": "wetland",
        "water_type": "wetland",
        "latitude": 13.0056934,
        "longitude": 80.0954169,
        "city": "Chennai",
        "state": "Tamil Nadu"
      },
      "geometry": {
        "type": "Point",
        "coordinates": [
          80.0954169,
          13.0056934
        ]
      }
    },
    {
      "type": "Feature",
      "id": "wb-way-383754558",
      "properties": {
        "osm_id": 383754558,
        "osm_type": "way",
        "name": "Unnamed Wetland (wb-way-383754558)",
        "name_ta": "",
        "category": "wetland",
        "water_type": "wetland",
        "latitude": 12.9976315,
        "longitude": 80.1117762,
        "city": "Chennai",
        "state": "Tamil Nadu"
      },
      "geometry": {
        "type": "Point",
        "coordinates": [
          80.1117762,
          12.9976315
        ]
      }
    },
    {
      "type": "Feature",
      "id": "wb-way-383754562",
      "properties": {
        "osm_id": 383754562,
        "osm_type": "way",
        "name": "Unnamed Reservoir (wb-way-383754562)",
        "name_ta": "",
        "category": "reservoir",
        "water_type": "reservoir",
        "latitude": 13.0038408,
        "longitude": 80.0910798,
        "city": "Chennai",
        "state": "Tamil Nadu"
      },
      "geometry": {
        "type": "Point",
        "coordinates": [
          80.0910798,
          13.0038408
        ]
      }
    },
    {
      "type": "Feature",
      "id": "wb-way-383833224",
      "properties": {
        "osm_id": 383833224,
        "osm_type": "way",
        "name": "Unnamed Reservoir (wb-way-383833224)",
        "name_ta": "",
        "category": "reservoir",
        "water_type": "reservoir",
        "latitude": 13.0394883,
        "longitude": 80.0876841,
        "city": "Chennai",
        "state": "Tamil Nadu"
      },
      "geometry": {
        "type": "Point",
        "coordinates": [
          80.0876841,
          13.0394883
        ]
      }
    },
    {
      "type": "Feature",
      "id": "wb-way-383833225",
      "properties": {
        "osm_id": 383833225,
        "osm_type": "way",
        "name": "Unnamed Wetland (wb-way-383833225)",
        "name_ta": "",
        "category": "wetland",
        "water_type": "wetland",
        "latitude": 13.0223887,
        "longitude": 80.0787209,
        "city": "Chennai",
        "state": "Tamil Nadu"
      },
      "geometry": {
        "type": "Point",
        "coordinates": [
          80.0787209,
          13.0223887
        ]
      }
    },
    {
      "type": "Feature",
      "id": "wb-way-383838971",
      "properties": {
        "osm_id": 383838971,
        "osm_type": "way",
        "name": "Unnamed Wetland (wb-way-383838971)",
        "name_ta": "",
        "category": "wetland",
        "water_type": "wetland",
        "latitude": 13.0289094,
        "longitude": 80.1442623,
        "city": "Chennai",
        "state": "Tamil Nadu"
      },
      "geometry": {
        "type": "Point",
        "coordinates": [
          80.1442623,
          13.0289094
        ]
      }
    },
    {
      "type": "Feature",
      "id": "wb-way-383841151",
      "properties": {
        "osm_id": 383841151,
        "osm_type": "way",
        "name": "Unnamed Pond (wb-way-383841151)",
        "name_ta": "",
        "category": "pond",
        "water_type": "water",
        "latitude": 12.9671955,
        "longitude": 80.0834323,
        "city": "Chennai",
        "state": "Tamil Nadu"
      },
      "geometry": {
        "type": "Point",
        "coordinates": [
          80.0834323,
          12.9671955
        ]
      }
    },
    {
      "type": "Feature",
      "id": "wb-way-383841152",
      "properties": {
        "osm_id": 383841152,
        "osm_type": "way",
        "name": "Unnamed Pond (wb-way-383841152)",
        "name_ta": "",
        "category": "pond",
        "water_type": "water",
        "latitude": 12.9661339,
        "longitude": 80.0837424,
        "city": "Chennai",
        "state": "Tamil Nadu"
      },
      "geometry": {
        "type": "Point",
        "coordinates": [
          80.0837424,
          12.9661339
        ]
      }
    },
    {
      "type": "Feature",
      "id": "wb-way-383854747",
      "properties": {
        "osm_id": 383854747,
        "osm_type": "way",
        "name": "Unnamed Pond (wb-way-383854747)",
        "name_ta": "",
        "category": "pond",
        "water_type": "water",
        "latitude": 12.9391409,
        "longitude": 80.0618235,
        "city": "Chennai",
        "state": "Tamil Nadu"
      },
      "geometry": {
        "type": "Point",
        "coordinates": [
          80.0618235,
          12.9391409
        ]
      }
    },
    {
      "type": "Feature",
      "id": "wb-way-383854749",
      "properties": {
        "osm_id": 383854749,
        "osm_type": "way",
        "name": "Unnamed Pond (wb-way-383854749)",
        "name_ta": "",
        "category": "pond",
        "water_type": "water",
        "latitude": 12.9440561,
        "longitude": 80.0718131,
        "city": "Chennai",
        "state": "Tamil Nadu"
      },
      "geometry": {
        "type": "Point",
        "coordinates": [
          80.0718131,
          12.9440561
        ]
      }
    },
    {
      "type": "Feature",
      "id": "wb-way-383854751",
      "properties": {
        "osm_id": 383854751,
        "osm_type": "way",
        "name": "Unnamed Wetland (wb-way-383854751)",
        "name_ta": "",
        "category": "wetland",
        "water_type": "wetland",
        "latitude": 12.9332027,
        "longitude": 80.076607,
        "city": "Chennai",
        "state": "Tamil Nadu"
      },
      "geometry": {
        "type": "Point",
        "coordinates": [
          80.076607,
          12.9332027
        ]
      }
    },
    {
      "type": "Feature",
      "id": "wb-way-383854753",
      "properties": {
        "osm_id": 383854753,
        "osm_type": "way",
        "name": "Unnamed Wetland (wb-way-383854753)",
        "name_ta": "",
        "category": "wetland",
        "water_type": "wetland",
        "latitude": 12.9243478,
        "longitude": 80.0607934,
        "city": "Chennai",
        "state": "Tamil Nadu"
      },
      "geometry": {
        "type": "Point",
        "coordinates": [
          80.0607934,
          12.9243478
        ]
      }
    },
    {
      "type": "Feature",
      "id": "wb-way-383857979",
      "properties": {
        "osm_id": 383857979,
        "osm_type": "way",
        "name": "Unnamed Pond (wb-way-383857979)",
        "name_ta": "",
        "category": "pond",
        "water_type": "water",
        "latitude": 12.9123315,
        "longitude": 80.0823909,
        "city": "Chennai",
        "state": "Tamil Nadu"
      },
      "geometry": {
        "type": "Point",
        "coordinates": [
          80.0823909,
          12.9123315
        ]
      }
    },
    {
      "type": "Feature",
      "id": "wb-way-383857980",
      "properties": {
        "osm_id": 383857980,
        "osm_type": "way",
        "name": "Unnamed Reservoir (wb-way-383857980)",
        "name_ta": "",
        "category": "reservoir",
        "water_type": "reservoir",
        "latitude": 12.9035524,
        "longitude": 80.0819063,
        "city": "Chennai",
        "state": "Tamil Nadu"
      },
      "geometry": {
        "type": "Point",
        "coordinates": [
          80.0819063,
          12.9035524
        ]
      }
    },
    {
      "type": "Feature",
      "id": "wb-way-383857981",
      "properties": {
        "osm_id": 383857981,
        "osm_type": "way",
        "name": "Unnamed Reservoir (wb-way-383857981)",
        "name_ta": "",
        "category": "reservoir",
        "water_type": "reservoir",
        "latitude": 12.9310829,
        "longitude": 80.1015499,
        "city": "Chennai",
        "state": "Tamil Nadu"
      },
      "geometry": {
        "type": "Point",
        "coordinates": [
          80.1015499,
          12.9310829
        ]
      }
    },
    {
      "type": "Feature",
      "id": "wb-way-383857982",
      "properties": {
        "osm_id": 383857982,
        "osm_type": "way",
        "name": "Unnamed Reservoir (wb-way-383857982)",
        "name_ta": "",
        "category": "reservoir",
        "water_type": "reservoir",
        "latitude": 12.930009,
        "longitude": 80.1090387,
        "city": "Chennai",
        "state": "Tamil Nadu"
      },
      "geometry": {
        "type": "Point",
        "coordinates": [
          80.1090387,
          12.930009
        ]
      }
    },
    {
      "type": "Feature",
      "id": "wb-way-383857984",
      "properties": {
        "osm_id": 383857984,
        "osm_type": "way",
        "name": "Unnamed Pond (wb-way-383857984)",
        "name_ta": "",
        "category": "pond",
        "water_type": "water",
        "latitude": 12.9146487,
        "longitude": 80.0798835,
        "city": "Chennai",
        "state": "Tamil Nadu"
      },
      "geometry": {
        "type": "Point",
        "coordinates": [
          80.0798835,
          12.9146487
        ]
      }
    },
    {
      "type": "Feature",
      "id": "wb-way-383857985",
      "properties": {
        "osm_id": 383857985,
        "osm_type": "way",
        "name": "Unnamed Pond (wb-way-383857985)",
        "name_ta": "",
        "category": "pond",
        "water_type": "water",
        "latitude": 12.9261428,
        "longitude": 80.1038841,
        "city": "Chennai",
        "state": "Tamil Nadu"
      },
      "geometry": {
        "type": "Point",
        "coordinates": [
          80.1038841,
          12.9261428
        ]
      }
    },
    {
      "type": "Feature",
      "id": "wb-way-383857986",
      "properties": {
        "osm_id": 383857986,
        "osm_type": "way",
        "name": "Unnamed Wetland (wb-way-383857986)",
        "name_ta": "",
        "category": "wetland",
        "water_type": "wetland",
        "latitude": 12.9134003,
        "longitude": 80.0905095,
        "city": "Chennai",
        "state": "Tamil Nadu"
      },
      "geometry": {
        "type": "Point",
        "coordinates": [
          80.0905095,
          12.9134003
        ]
      }
    },
    {
      "type": "Feature",
      "id": "wb-way-383857987",
      "properties": {
        "osm_id": 383857987,
        "osm_type": "way",
        "name": "Unnamed Wetland (wb-way-383857987)",
        "name_ta": "",
        "category": "wetland",
        "water_type": "wetland",
        "latitude": 12.9124694,
        "longitude": 80.0883543,
        "city": "Chennai",
        "state": "Tamil Nadu"
      },
      "geometry": {
        "type": "Point",
        "coordinates": [
          80.0883543,
          12.9124694
        ]
      }
    },
    {
      "type": "Feature",
      "id": "wb-way-383858409",
      "properties": {
        "osm_id": 383858409,
        "osm_type": "way",
        "name": "Unnamed Pond (wb-way-383858409)",
        "name_ta": "",
        "category": "pond",
        "water_type": "river",
        "latitude": 13.0029314,
        "longitude": 80.1627923,
        "city": "Chennai",
        "state": "Tamil Nadu"
      },
      "geometry": {
        "type": "Point",
        "coordinates": [
          80.1627923,
          13.0029314
        ]
      }
    },
    {
      "type": "Feature",
      "id": "wb-way-383861893",
      "properties": {
        "osm_id": 383861893,
        "osm_type": "way",
        "name": "Unnamed Reservoir (wb-way-383861893)",
        "name_ta": "",
        "category": "reservoir",
        "water_type": "reservoir",
        "latitude": 12.8941406,
        "longitude": 80.0831813,
        "city": "Chennai",
        "state": "Tamil Nadu"
      },
      "geometry": {
        "type": "Point",
        "coordinates": [
          80.0831813,
          12.8941406
        ]
      }
    },
    {
      "type": "Feature",
      "id": "wb-way-383861894",
      "properties": {
        "osm_id": 383861894,
        "osm_type": "way",
        "name": "Unnamed Pond (wb-way-383861894)",
        "name_ta": "",
        "category": "pond",
        "water_type": "water",
        "latitude": 12.8874473,
        "longitude": 80.0725279,
        "city": "Chennai",
        "state": "Tamil Nadu"
      },
      "geometry": {
        "type": "Point",
        "coordinates": [
          80.0725279,
          12.8874473
        ]
      }
    },
    {
      "type": "Feature",
      "id": "wb-way-383947586",
      "properties": {
        "osm_id": 383947586,
        "osm_type": "way",
        "name": "Peerkankaranai lake",
        "name_ta": "",
        "category": "lake",
        "water_type": "reservoir",
        "latitude": 12.9072364,
        "longitude": 80.099492,
        "city": "Chennai",
        "state": "Tamil Nadu"
      },
      "geometry": {
        "type": "Point",
        "coordinates": [
          80.099492,
          12.9072364
        ]
      }
    },
    {
      "type": "Feature",
      "id": "wb-way-383947588",
      "properties": {
        "osm_id": 383947588,
        "osm_type": "way",
        "name": "Unnamed Pond (wb-way-383947588)",
        "name_ta": "",
        "category": "pond",
        "water_type": "water",
        "latitude": 12.917251,
        "longitude": 80.0836858,
        "city": "Chennai",
        "state": "Tamil Nadu"
      },
      "geometry": {
        "type": "Point",
        "coordinates": [
          80.0836858,
          12.917251
        ]
      }
    },
    {
      "type": "Feature",
      "id": "wb-way-383947590",
      "properties": {
        "osm_id": 383947590,
        "osm_type": "way",
        "name": "Unnamed Pond (wb-way-383947590)",
        "name_ta": "",
        "category": "pond",
        "water_type": "water",
        "latitude": 12.9114616,
        "longitude": 80.0957371,
        "city": "Chennai",
        "state": "Tamil Nadu"
      },
      "geometry": {
        "type": "Point",
        "coordinates": [
          80.0957371,
          12.9114616
        ]
      }
    },
    {
      "type": "Feature",
      "id": "wb-way-383947592",
      "properties": {
        "osm_id": 383947592,
        "osm_type": "way",
        "name": "Unnamed Pond (wb-way-383947592)",
        "name_ta": "",
        "category": "pond",
        "water_type": "water",
        "latitude": 12.9158035,
        "longitude": 80.0858285,
        "city": "Chennai",
        "state": "Tamil Nadu"
      },
      "geometry": {
        "type": "Point",
        "coordinates": [
          80.0858285,
          12.9158035
        ]
      }
    },
    {
      "type": "Feature",
      "id": "wb-way-384137769",
      "properties": {
        "osm_id": 384137769,
        "osm_type": "way",
        "name": "Unnamed Wetland (wb-way-384137769)",
        "name_ta": "",
        "category": "wetland",
        "water_type": "wetland",
        "latitude": 12.9966785,
        "longitude": 80.0885848,
        "city": "Chennai",
        "state": "Tamil Nadu"
      },
      "geometry": {
        "type": "Point",
        "coordinates": [
          80.0885848,
          12.9966785
        ]
      }
    },
    {
      "type": "Feature",
      "id": "wb-way-384137770",
      "properties": {
        "osm_id": 384137770,
        "osm_type": "way",
        "name": "Unnamed Pond (wb-way-384137770)",
        "name_ta": "",
        "category": "pond",
        "water_type": "water",
        "latitude": 12.994963,
        "longitude": 80.0801306,
        "city": "Chennai",
        "state": "Tamil Nadu"
      },
      "geometry": {
        "type": "Point",
        "coordinates": [
          80.0801306,
          12.994963
        ]
      }
    },
    {
      "type": "Feature",
      "id": "wb-way-384202825",
      "properties": {
        "osm_id": 384202825,
        "osm_type": "way",
        "name": "Unnamed Pond (wb-way-384202825)",
        "name_ta": "",
        "category": "pond",
        "water_type": "water",
        "latitude": 12.9182925,
        "longitude": 80.1055947,
        "city": "Chennai",
        "state": "Tamil Nadu"
      },
      "geometry": {
        "type": "Point",
        "coordinates": [
          80.1055947,
          12.9182925
        ]
      }
    },
    {
      "type": "Feature",
      "id": "wb-way-384283930",
      "properties": {
        "osm_id": 384283930,
        "osm_type": "way",
        "name": "Unnamed Lake (wb-way-384283930)",
        "name_ta": "",
        "category": "lake",
        "water_type": "lake",
        "latitude": 12.9286652,
        "longitude": 80.104313,
        "city": "Chennai",
        "state": "Tamil Nadu"
      },
      "geometry": {
        "type": "Point",
        "coordinates": [
          80.104313,
          12.9286652
        ]
      }
    },
    {
      "type": "Feature",
      "id": "wb-way-384284409",
      "properties": {
        "osm_id": 384284409,
        "osm_type": "way",
        "name": "Unnamed Pond (wb-way-384284409)",
        "name_ta": "",
        "category": "pond",
        "water_type": "pond",
        "latitude": 12.883832,
        "longitude": 80.0652666,
        "city": "Chennai",
        "state": "Tamil Nadu"
      },
      "geometry": {
        "type": "Point",
        "coordinates": [
          80.0652666,
          12.883832
        ]
      }
    },
    {
      "type": "Feature",
      "id": "wb-way-384290646",
      "properties": {
        "osm_id": 384290646,
        "osm_type": "way",
        "name": "Unnamed Lake (wb-way-384290646)",
        "name_ta": "",
        "category": "lake",
        "water_type": "lake",
        "latitude": 12.9239014,
        "longitude": 80.0961562,
        "city": "Chennai",
        "state": "Tamil Nadu"
      },
      "geometry": {
        "type": "Point",
        "coordinates": [
          80.0961562,
          12.9239014
        ]
      }
    },
    {
      "type": "Feature",
      "id": "wb-way-384312064",
      "properties": {
        "osm_id": 384312064,
        "osm_type": "way",
        "name": "Ayyan Kulam",
        "name_ta": "",
        "category": "pond",
        "water_type": "pond",
        "latitude": 12.9414832,
        "longitude": 80.2049564,
        "city": "Chennai",
        "state": "Tamil Nadu"
      },
      "geometry": {
        "type": "Point",
        "coordinates": [
          80.2049564,
          12.9414832
        ]
      }
    },
    {
      "type": "Feature",
      "id": "wb-way-384312610",
      "properties": {
        "osm_id": 384312610,
        "osm_type": "way",
        "name": "Unnamed Lake (wb-way-384312610)",
        "name_ta": "",
        "category": "lake",
        "water_type": "lake",
        "latitude": 12.9447896,
        "longitude": 80.2066313,
        "city": "Chennai",
        "state": "Tamil Nadu"
      },
      "geometry": {
        "type": "Point",
        "coordinates": [
          80.2066313,
          12.9447896
        ]
      }
    },
    {
      "type": "Feature",
      "id": "wb-way-384364812",
      "properties": {
        "osm_id": 384364812,
        "osm_type": "way",
        "name": "Kadaperi Tank",
        "name_ta": "",
        "category": "lake",
        "water_type": "pond",
        "latitude": 12.9353656,
        "longitude": 80.1227058,
        "city": "Chennai",
        "state": "Tamil Nadu"
      },
      "geometry": {
        "type": "Point",
        "coordinates": [
          80.1227058,
          12.9353656
        ]
      }
    },
    {
      "type": "Feature",
      "id": "wb-way-384380354",
      "properties": {
        "osm_id": 384380354,
        "osm_type": "way",
        "name": "Unnamed Pond (wb-way-384380354)",
        "name_ta": "",
        "category": "pond",
        "water_type": "water",
        "latitude": 12.8925641,
        "longitude": 80.2151887,
        "city": "Chennai",
        "state": "Tamil Nadu"
      },
      "geometry": {
        "type": "Point",
        "coordinates": [
          80.2151887,
          12.8925641
        ]
      }
    },
    {
      "type": "Feature",
      "id": "wb-way-384380356",
      "properties": {
        "osm_id": 384380356,
        "osm_type": "way",
        "name": "Classic Farms Lake 1",
        "name_ta": "",
        "category": "lake",
        "water_type": "lake",
        "latitude": 12.8935022,
        "longitude": 80.2198041,
        "city": "Chennai",
        "state": "Tamil Nadu"
      },
      "geometry": {
        "type": "Point",
        "coordinates": [
          80.2198041,
          12.8935022
        ]
      }
    },
    {
      "type": "Feature",
      "id": "wb-way-384380357",
      "properties": {
        "osm_id": 384380357,
        "osm_type": "way",
        "name": "Unnamed Wetland (wb-way-384380357)",
        "name_ta": "",
        "category": "wetland",
        "water_type": "wetland",
        "latitude": 12.8795946,
        "longitude": 80.199892,
        "city": "Chennai",
        "state": "Tamil Nadu"
      },
      "geometry": {
        "type": "Point",
        "coordinates": [
          80.199892,
          12.8795946
        ]
      }
    },
    {
      "type": "Feature",
      "id": "wb-way-384380358",
      "properties": {
        "osm_id": 384380358,
        "osm_type": "way",
        "name": "Unnamed Wetland (wb-way-384380358)",
        "name_ta": "",
        "category": "wetland",
        "water_type": "wetland",
        "latitude": 12.8658345,
        "longitude": 80.2169035,
        "city": "Chennai",
        "state": "Tamil Nadu"
      },
      "geometry": {
        "type": "Point",
        "coordinates": [
          80.2169035,
          12.8658345
        ]
      }
    },
    {
      "type": "Feature",
      "id": "wb-way-384392595",
      "properties": {
        "osm_id": 384392595,
        "osm_type": "way",
        "name": "Unnamed Pond (wb-way-384392595)",
        "name_ta": "",
        "category": "pond",
        "water_type": "water",
        "latitude": 12.8590193,
        "longitude": 80.220311,
        "city": "Chennai",
        "state": "Tamil Nadu"
      },
      "geometry": {
        "type": "Point",
        "coordinates": [
          80.220311,
          12.8590193
        ]
      }
    },
    {
      "type": "Feature",
      "id": "wb-way-384392605",
      "properties": {
        "osm_id": 384392605,
        "osm_type": "way",
        "name": "Unnamed Pond (wb-way-384392605)",
        "name_ta": "",
        "category": "pond",
        "water_type": "water",
        "latitude": 12.8582804,
        "longitude": 80.2164448,
        "city": "Chennai",
        "state": "Tamil Nadu"
      },
      "geometry": {
        "type": "Point",
        "coordinates": [
          80.2164448,
          12.8582804
        ]
      }
    },
    {
      "type": "Feature",
      "id": "wb-way-384392606",
      "properties": {
        "osm_id": 384392606,
        "osm_type": "way",
        "name": "Unnamed Pond (wb-way-384392606)",
        "name_ta": "",
        "category": "pond",
        "water_type": "water",
        "latitude": 12.8570077,
        "longitude": 80.202614,
        "city": "Chennai",
        "state": "Tamil Nadu"
      },
      "geometry": {
        "type": "Point",
        "coordinates": [
          80.202614,
          12.8570077
        ]
      }
    },
    {
      "type": "Feature",
      "id": "wb-way-384392607",
      "properties": {
        "osm_id": 384392607,
        "osm_type": "way",
        "name": "Unnamed Pond (wb-way-384392607)",
        "name_ta": "",
        "category": "pond",
        "water_type": "water",
        "latitude": 12.8557056,
        "longitude": 80.2025445,
        "city": "Chennai",
        "state": "Tamil Nadu"
      },
      "geometry": {
        "type": "Point",
        "coordinates": [
          80.2025445,
          12.8557056
        ]
      }
    },
    {
      "type": "Feature",
      "id": "wb-way-384392608",
      "properties": {
        "osm_id": 384392608,
        "osm_type": "way",
        "name": "Unnamed Pond (wb-way-384392608)",
        "name_ta": "",
        "category": "pond",
        "water_type": "water",
        "latitude": 12.8540474,
        "longitude": 80.2042872,
        "city": "Chennai",
        "state": "Tamil Nadu"
      },
      "geometry": {
        "type": "Point",
        "coordinates": [
          80.2042872,
          12.8540474
        ]
      }
    },
    {
      "type": "Feature",
      "id": "wb-way-384392609",
      "properties": {
        "osm_id": 384392609,
        "osm_type": "way",
        "name": "Unnamed Pond (wb-way-384392609)",
        "name_ta": "",
        "category": "pond",
        "water_type": "water",
        "latitude": 12.8554267,
        "longitude": 80.2029639,
        "city": "Chennai",
        "state": "Tamil Nadu"
      },
      "geometry": {
        "type": "Point",
        "coordinates": [
          80.2029639,
          12.8554267
        ]
      }
    },
    {
      "type": "Feature",
      "id": "wb-way-384392610",
      "properties": {
        "osm_id": 384392610,
        "osm_type": "way",
        "name": "Unnamed Pond (wb-way-384392610)",
        "name_ta": "",
        "category": "pond",
        "water_type": "water",
        "latitude": 12.8544664,
        "longitude": 80.2032865,
        "city": "Chennai",
        "state": "Tamil Nadu"
      },
      "geometry": {
        "type": "Point",
        "coordinates": [
          80.2032865,
          12.8544664
        ]
      }
    },
    {
      "type": "Feature",
      "id": "wb-way-384392611",
      "properties": {
        "osm_id": 384392611,
        "osm_type": "way",
        "name": "Unnamed Pond (wb-way-384392611)",
        "name_ta": "",
        "category": "pond",
        "water_type": "water",
        "latitude": 12.8625866,
        "longitude": 80.2074737,
        "city": "Chennai",
        "state": "Tamil Nadu"
      },
      "geometry": {
        "type": "Point",
        "coordinates": [
          80.2074737,
          12.8625866
        ]
      }
    },
    {
      "type": "Feature",
      "id": "wb-way-384392612",
      "properties": {
        "osm_id": 384392612,
        "osm_type": "way",
        "name": "Unnamed Pond (wb-way-384392612)",
        "name_ta": "",
        "category": "pond",
        "water_type": "water",
        "latitude": 12.8516984,
        "longitude": 80.2084454,
        "city": "Chennai",
        "state": "Tamil Nadu"
      },
      "geometry": {
        "type": "Point",
        "coordinates": [
          80.2084454,
          12.8516984
        ]
      }
    },
    {
      "type": "Feature",
      "id": "wb-way-384392613",
      "properties": {
        "osm_id": 384392613,
        "osm_type": "way",
        "name": "Unnamed Pond (wb-way-384392613)",
        "name_ta": "",
        "category": "pond",
        "water_type": "water",
        "latitude": 12.8548774,
        "longitude": 80.202467,
        "city": "Chennai",
        "state": "Tamil Nadu"
      },
      "geometry": {
        "type": "Point",
        "coordinates": [
          80.202467,
          12.8548774
        ]
      }
    },
    {
      "type": "Feature",
      "id": "wb-way-384392615",
      "properties": {
        "osm_id": 384392615,
        "osm_type": "way",
        "name": "Unnamed Pond (wb-way-384392615)",
        "name_ta": "",
        "category": "pond",
        "water_type": "water",
        "latitude": 12.8559572,
        "longitude": 80.2030413,
        "city": "Chennai",
        "state": "Tamil Nadu"
      },
      "geometry": {
        "type": "Point",
        "coordinates": [
          80.2030413,
          12.8559572
        ]
      }
    },
    {
      "type": "Feature",
      "id": "wb-way-384392617",
      "properties": {
        "osm_id": 384392617,
        "osm_type": "way",
        "name": "Unnamed Pond (wb-way-384392617)",
        "name_ta": "",
        "category": "pond",
        "water_type": "water",
        "latitude": 12.85502,
        "longitude": 80.2029337,
        "city": "Chennai",
        "state": "Tamil Nadu"
      },
      "geometry": {
        "type": "Point",
        "coordinates": [
          80.2029337,
          12.85502
        ]
      }
    },
    {
      "type": "Feature",
      "id": "wb-way-384392620",
      "properties": {
        "osm_id": 384392620,
        "osm_type": "way",
        "name": "Unnamed Pond (wb-way-384392620)",
        "name_ta": "",
        "category": "pond",
        "water_type": "water",
        "latitude": 12.8624101,
        "longitude": 80.2075166,
        "city": "Chennai",
        "state": "Tamil Nadu"
      },
      "geometry": {
        "type": "Point",
        "coordinates": [
          80.2075166,
          12.8624101
        ]
      }
    },
    {
      "type": "Feature",
      "id": "wb-way-384392622",
      "properties": {
        "osm_id": 384392622,
        "osm_type": "way",
        "name": "Unnamed Pond (wb-way-384392622)",
        "name_ta": "",
        "category": "pond",
        "water_type": "water",
        "latitude": 12.853353,
        "longitude": 80.2060913,
        "city": "Chennai",
        "state": "Tamil Nadu"
      },
      "geometry": {
        "type": "Point",
        "coordinates": [
          80.2060913,
          12.853353
        ]
      }
    },
    {
      "type": "Feature",
      "id": "wb-way-384392625",
      "properties": {
        "osm_id": 384392625,
        "osm_type": "way",
        "name": "Unnamed Pond (wb-way-384392625)",
        "name_ta": "",
        "category": "pond",
        "water_type": "water",
        "latitude": 12.8593047,
        "longitude": 80.2008283,
        "city": "Chennai",
        "state": "Tamil Nadu"
      },
      "geometry": {
        "type": "Point",
        "coordinates": [
          80.2008283,
          12.8593047
        ]
      }
    },
    {
      "type": "Feature",
      "id": "wb-way-384394317",
      "properties": {
        "osm_id": 384394317,
        "osm_type": "way",
        "name": "Kalappai Keni",
        "name_ta": "",
        "category": "pond",
        "water_type": "pond",
        "latitude": 12.8937911,
        "longitude": 80.2456958,
        "city": "Chennai",
        "state": "Tamil Nadu"
      },
      "geometry": {
        "type": "Point",
        "coordinates": [
          80.2456958,
          12.8937911
        ]
      }
    },
    {
      "type": "Feature",
      "id": "wb-way-384394319",
      "properties": {
        "osm_id": 384394319,
        "osm_type": "way",
        "name": "Thenman Poigai Pond",
        "name_ta": "",
        "category": "pond",
        "water_type": "pond",
        "latitude": 12.8854719,
        "longitude": 80.2442476,
        "city": "Chennai",
        "state": "Tamil Nadu"
      },
      "geometry": {
        "type": "Point",
        "coordinates": [
          80.2442476,
          12.8854719
        ]
      }
    },
    {
      "type": "Feature",
      "id": "wb-way-384424974",
      "properties": {
        "osm_id": 384424974,
        "osm_type": "way",
        "name": "Unnamed Pond (wb-way-384424974)",
        "name_ta": "",
        "category": "pond",
        "water_type": "water",
        "latitude": 13.0851201,
        "longitude": 80.1490498,
        "city": "Chennai",
        "state": "Tamil Nadu"
      },
      "geometry": {
        "type": "Point",
        "coordinates": [
          80.1490498,
          13.0851201
        ]
      }
    },
    {
      "type": "Feature",
      "id": "wb-way-384437269",
      "properties": {
        "osm_id": 384437269,
        "osm_type": "way",
        "name": "Unnamed Pond (wb-way-384437269)",
        "name_ta": "",
        "category": "pond",
        "water_type": "water",
        "latitude": 12.9622275,
        "longitude": 80.0845932,
        "city": "Chennai",
        "state": "Tamil Nadu"
      },
      "geometry": {
        "type": "Point",
        "coordinates": [
          80.0845932,
          12.9622275
        ]
      }
    },
    {
      "type": "Feature",
      "id": "wb-way-384437270",
      "properties": {
        "osm_id": 384437270,
        "osm_type": "way",
        "name": "Unnamed Pond (wb-way-384437270)",
        "name_ta": "",
        "category": "pond",
        "water_type": "water",
        "latitude": 12.9606245,
        "longitude": 80.075126,
        "city": "Chennai",
        "state": "Tamil Nadu"
      },
      "geometry": {
        "type": "Point",
        "coordinates": [
          80.075126,
          12.9606245
        ]
      }
    },
    {
      "type": "Feature",
      "id": "wb-way-384437271",
      "properties": {
        "osm_id": 384437271,
        "osm_type": "way",
        "name": "Unnamed Pond (wb-way-384437271)",
        "name_ta": "",
        "category": "pond",
        "water_type": "water",
        "latitude": 12.9648755,
        "longitude": 80.0788946,
        "city": "Chennai",
        "state": "Tamil Nadu"
      },
      "geometry": {
        "type": "Point",
        "coordinates": [
          80.0788946,
          12.9648755
        ]
      }
    },
    {
      "type": "Feature",
      "id": "wb-way-384437272",
      "properties": {
        "osm_id": 384437272,
        "osm_type": "way",
        "name": "Unnamed Pond (wb-way-384437272)",
        "name_ta": "",
        "category": "pond",
        "water_type": "water",
        "latitude": 12.9670195,
        "longitude": 80.0809313,
        "city": "Chennai",
        "state": "Tamil Nadu"
      },
      "geometry": {
        "type": "Point",
        "coordinates": [
          80.0809313,
          12.9670195
        ]
      }
    },
    {
      "type": "Feature",
      "id": "wb-way-384437273",
      "properties": {
        "osm_id": 384437273,
        "osm_type": "way",
        "name": "Unnamed Pond (wb-way-384437273)",
        "name_ta": "",
        "category": "pond",
        "water_type": "water",
        "latitude": 12.9621949,
        "longitude": 80.0704282,
        "city": "Chennai",
        "state": "Tamil Nadu"
      },
      "geometry": {
        "type": "Point",
        "coordinates": [
          80.0704282,
          12.9621949
        ]
      }
    },
    {
      "type": "Feature",
      "id": "wb-way-384467380",
      "properties": {
        "osm_id": 384467380,
        "osm_type": "way",
        "name": "Unnamed Lake (wb-way-384467380)",
        "name_ta": "",
        "category": "lake",
        "water_type": "lake",
        "latitude": 12.981172,
        "longitude": 80.0609673,
        "city": "Chennai",
        "state": "Tamil Nadu"
      },
      "geometry": {
        "type": "Point",
        "coordinates": [
          80.0609673,
          12.981172
        ]
      }
    },
    {
      "type": "Feature",
      "id": "wb-way-384467381",
      "properties": {
        "osm_id": 384467381,
        "osm_type": "way",
        "name": "Unnamed Lake (wb-way-384467381)",
        "name_ta": "",
        "category": "lake",
        "water_type": "lake",
        "latitude": 12.9783887,
        "longitude": 80.0551703,
        "city": "Chennai",
        "state": "Tamil Nadu"
      },
      "geometry": {
        "type": "Point",
        "coordinates": [
          80.0551703,
          12.9783887
        ]
      }
    },
    {
      "type": "Feature",
      "id": "wb-way-384472437",
      "properties": {
        "osm_id": 384472437,
        "osm_type": "way",
        "name": "Unnamed Reservoir (wb-way-384472437)",
        "name_ta": "",
        "category": "reservoir",
        "water_type": "reservoir",
        "latitude": 13.049815,
        "longitude": 80.072232,
        "city": "Chennai",
        "state": "Tamil Nadu"
      },
      "geometry": {
        "type": "Point",
        "coordinates": [
          80.072232,
          13.049815
        ]
      }
    },
    {
      "type": "Feature",
      "id": "wb-way-384476259",
      "properties": {
        "osm_id": 384476259,
        "osm_type": "way",
        "name": "Thirupunanthal Lake",
        "name_ta": "",
        "category": "lake",
        "water_type": "lake",
        "latitude": 12.971556,
        "longitude": 80.1358572,
        "city": "Chennai",
        "state": "Tamil Nadu"
      },
      "geometry": {
        "type": "Point",
        "coordinates": [
          80.1358572,
          12.971556
        ]
      }
    },
    {
      "type": "Feature",
      "id": "wb-way-384479651",
      "properties": {
        "osm_id": 384479651,
        "osm_type": "way",
        "name": "Unnamed Pond (wb-way-384479651)",
        "name_ta": "",
        "category": "pond",
        "water_type": "pond",
        "latitude": 13.0247778,
        "longitude": 80.0845391,
        "city": "Chennai",
        "state": "Tamil Nadu"
      },
      "geometry": {
        "type": "Point",
        "coordinates": [
          80.0845391,
          13.0247778
        ]
      }
    },
    {
      "type": "Feature",
      "id": "wb-way-384479652",
      "properties": {
        "osm_id": 384479652,
        "osm_type": "way",
        "name": "Unnamed Lake (wb-way-384479652)",
        "name_ta": "",
        "category": "lake",
        "water_type": "lake",
        "latitude": 13.0247249,
        "longitude": 80.0864668,
        "city": "Chennai",
        "state": "Tamil Nadu"
      },
      "geometry": {
        "type": "Point",
        "coordinates": [
          80.0864668,
          13.0247249
        ]
      }
    },
    {
      "type": "Feature",
      "id": "wb-way-384479653",
      "properties": {
        "osm_id": 384479653,
        "osm_type": "way",
        "name": "Unnamed Pond (wb-way-384479653)",
        "name_ta": "",
        "category": "pond",
        "water_type": "pond",
        "latitude": 13.0242455,
        "longitude": 80.0866397,
        "city": "Chennai",
        "state": "Tamil Nadu"
      },
      "geometry": {
        "type": "Point",
        "coordinates": [
          80.0866397,
          13.0242455
        ]
      }
    },
    {
      "type": "Feature",
      "id": "wb-way-384479654",
      "properties": {
        "osm_id": 384479654,
        "osm_type": "way",
        "name": "Unnamed Lake (wb-way-384479654)",
        "name_ta": "",
        "category": "lake",
        "water_type": "lake",
        "latitude": 13.0238011,
        "longitude": 80.0872038,
        "city": "Chennai",
        "state": "Tamil Nadu"
      },
      "geometry": {
        "type": "Point",
        "coordinates": [
          80.0872038,
          13.0238011
        ]
      }
    },
    {
      "type": "Feature",
      "id": "wb-way-384479655",
      "properties": {
        "osm_id": 384479655,
        "osm_type": "way",
        "name": "Unnamed Pond (wb-way-384479655)",
        "name_ta": "",
        "category": "pond",
        "water_type": "pond",
        "latitude": 13.0248723,
        "longitude": 80.0888843,
        "city": "Chennai",
        "state": "Tamil Nadu"
      },
      "geometry": {
        "type": "Point",
        "coordinates": [
          80.0888843,
          13.0248723
        ]
      }
    },
    {
      "type": "Feature",
      "id": "wb-way-384479656",
      "properties": {
        "osm_id": 384479656,
        "osm_type": "way",
        "name": "Unnamed Pond (wb-way-384479656)",
        "name_ta": "",
        "category": "pond",
        "water_type": "pond",
        "latitude": 13.0242315,
        "longitude": 80.0903199,
        "city": "Chennai",
        "state": "Tamil Nadu"
      },
      "geometry": {
        "type": "Point",
        "coordinates": [
          80.0903199,
          13.0242315
        ]
      }
    },
    {
      "type": "Feature",
      "id": "wb-way-384479657",
      "properties": {
        "osm_id": 384479657,
        "osm_type": "way",
        "name": "Unnamed Pond (wb-way-384479657)",
        "name_ta": "",
        "category": "pond",
        "water_type": "pond",
        "latitude": 13.0234956,
        "longitude": 80.0858249,
        "city": "Chennai",
        "state": "Tamil Nadu"
      },
      "geometry": {
        "type": "Point",
        "coordinates": [
          80.0858249,
          13.0234956
        ]
      }
    },
    {
      "type": "Feature",
      "id": "wb-way-384479658",
      "properties": {
        "osm_id": 384479658,
        "osm_type": "way",
        "name": "Unnamed Pond (wb-way-384479658)",
        "name_ta": "",
        "category": "pond",
        "water_type": "pond",
        "latitude": 13.0252553,
        "longitude": 80.0876606,
        "city": "Chennai",
        "state": "Tamil Nadu"
      },
      "geometry": {
        "type": "Point",
        "coordinates": [
          80.0876606,
          13.0252553
        ]
      }
    },
    {
      "type": "Feature",
      "id": "wb-way-384479659",
      "properties": {
        "osm_id": 384479659,
        "osm_type": "way",
        "name": "Unnamed Pond (wb-way-384479659)",
        "name_ta": "",
        "category": "pond",
        "water_type": "pond",
        "latitude": 13.0218659,
        "longitude": 80.0860551,
        "city": "Chennai",
        "state": "Tamil Nadu"
      },
      "geometry": {
        "type": "Point",
        "coordinates": [
          80.0860551,
          13.0218659
        ]
      }
    },
    {
      "type": "Feature",
      "id": "wb-way-384479666",
      "properties": {
        "osm_id": 384479666,
        "osm_type": "way",
        "name": "Unnamed Pond (wb-way-384479666)",
        "name_ta": "",
        "category": "pond",
        "water_type": "pond",
        "latitude": 13.0200472,
        "longitude": 80.0836532,
        "city": "Chennai",
        "state": "Tamil Nadu"
      },
      "geometry": {
        "type": "Point",
        "coordinates": [
          80.0836532,
          13.0200472
        ]
      }
    },
    {
      "type": "Feature",
      "id": "wb-way-384482383",
      "properties": {
        "osm_id": 384482383,
        "osm_type": "way",
        "name": "Unnamed Pond (wb-way-384482383)",
        "name_ta": "",
        "category": "pond",
        "water_type": "pond",
        "latitude": 13.0230179,
        "longitude": 80.0819212,
        "city": "Chennai",
        "state": "Tamil Nadu"
      },
      "geometry": {
        "type": "Point",
        "coordinates": [
          80.0819212,
          13.0230179
        ]
      }
    },
    {
      "type": "Feature",
      "id": "wb-way-384482386",
      "properties": {
        "osm_id": 384482386,
        "osm_type": "way",
        "name": "Unnamed Pond (wb-way-384482386)",
        "name_ta": "",
        "category": "pond",
        "water_type": "pond",
        "latitude": 13.0227022,
        "longitude": 80.0815083,
        "city": "Chennai",
        "state": "Tamil Nadu"
      },
      "geometry": {
        "type": "Point",
        "coordinates": [
          80.0815083,
          13.0227022
        ]
      }
    },
    {
      "type": "Feature",
      "id": "wb-way-384530140",
      "properties": {
        "osm_id": 384530140,
        "osm_type": "way",
        "name": "Unnamed Reservoir (wb-way-384530140)",
        "name_ta": "",
        "category": "reservoir",
        "water_type": "reservoir",
        "latitude": 12.9670656,
        "longitude": 80.1227944,
        "city": "Chennai",
        "state": "Tamil Nadu"
      },
      "geometry": {
        "type": "Point",
        "coordinates": [
          80.1227944,
          12.9670656
        ]
      }
    },
    {
      "type": "Feature",
      "id": "wb-way-384530141",
      "properties": {
        "osm_id": 384530141,
        "osm_type": "way",
        "name": "Unnamed Pond (wb-way-384530141)",
        "name_ta": "",
        "category": "pond",
        "water_type": "water",
        "latitude": 12.9691844,
        "longitude": 80.1231782,
        "city": "Chennai",
        "state": "Tamil Nadu"
      },
      "geometry": {
        "type": "Point",
        "coordinates": [
          80.1231782,
          12.9691844
        ]
      }
    },
    {
      "type": "Feature",
      "id": "wb-way-384530143",
      "properties": {
        "osm_id": 384530143,
        "osm_type": "way",
        "name": "Unnamed Pond (wb-way-384530143)",
        "name_ta": "",
        "category": "pond",
        "water_type": "water",
        "latitude": 12.9705813,
        "longitude": 80.1231004,
        "city": "Chennai",
        "state": "Tamil Nadu"
      },
      "geometry": {
        "type": "Point",
        "coordinates": [
          80.1231004,
          12.9705813
        ]
      }
    },
    {
      "type": "Feature",
      "id": "wb-way-384530144",
      "properties": {
        "osm_id": 384530144,
        "osm_type": "way",
        "name": "Unnamed Reservoir (wb-way-384530144)",
        "name_ta": "",
        "category": "reservoir",
        "water_type": "reservoir",
        "latitude": 12.968948,
        "longitude": 80.1221272,
        "city": "Chennai",
        "state": "Tamil Nadu"
      },
      "geometry": {
        "type": "Point",
        "coordinates": [
          80.1221272,
          12.968948
        ]
      }
    },
    {
      "type": "Feature",
      "id": "wb-way-384530145",
      "properties": {
        "osm_id": 384530145,
        "osm_type": "way",
        "name": "Unnamed Reservoir (wb-way-384530145)",
        "name_ta": "",
        "category": "reservoir",
        "water_type": "reservoir",
        "latitude": 12.9711852,
        "longitude": 80.1240851,
        "city": "Chennai",
        "state": "Tamil Nadu"
      },
      "geometry": {
        "type": "Point",
        "coordinates": [
          80.1240851,
          12.9711852
        ]
      }
    },
    {
      "type": "Feature",
      "id": "wb-way-384535003",
      "properties": {
        "osm_id": 384535003,
        "osm_type": "way",
        "name": "Unnamed Pond (wb-way-384535003)",
        "name_ta": "",
        "category": "pond",
        "water_type": "pond",
        "latitude": 12.9088531,
        "longitude": 80.0717529,
        "city": "Chennai",
        "state": "Tamil Nadu"
      },
      "geometry": {
        "type": "Point",
        "coordinates": [
          80.0717529,
          12.9088531
        ]
      }
    },
    {
      "type": "Feature",
      "id": "wb-way-384622623",
      "properties": {
        "osm_id": 384622623,
        "osm_type": "way",
        "name": "Unnamed Lake (wb-way-384622623)",
        "name_ta": "",
        "category": "lake",
        "water_type": "lake",
        "latitude": 12.8852482,
        "longitude": 80.1037719,
        "city": "Chennai",
        "state": "Tamil Nadu"
      },
      "geometry": {
        "type": "Point",
        "coordinates": [
          80.1037719,
          12.8852482
        ]
      }
    },
    {
      "type": "Feature",
      "id": "wb-way-384622633",
      "properties": {
        "osm_id": 384622633,
        "osm_type": "way",
        "name": "Unnamed Lake (wb-way-384622633)",
        "name_ta": "",
        "category": "lake",
        "water_type": "lake",
        "latitude": 12.8768231,
        "longitude": 80.1066239,
        "city": "Chennai",
        "state": "Tamil Nadu"
      },
      "geometry": {
        "type": "Point",
        "coordinates": [
          80.1066239,
          12.8768231
        ]
      }
    },
    {
      "type": "Feature",
      "id": "wb-way-384622634",
      "properties": {
        "osm_id": 384622634,
        "osm_type": "way",
        "name": "Unnamed Lake (wb-way-384622634)",
        "name_ta": "",
        "category": "lake",
        "water_type": "lake",
        "latitude": 12.8760543,
        "longitude": 80.1058605,
        "city": "Chennai",
        "state": "Tamil Nadu"
      },
      "geometry": {
        "type": "Point",
        "coordinates": [
          80.1058605,
          12.8760543
        ]
      }
    },
    {
      "type": "Feature",
      "id": "wb-way-384622639",
      "properties": {
        "osm_id": 384622639,
        "osm_type": "way",
        "name": "Unnamed Lake (wb-way-384622639)",
        "name_ta": "",
        "category": "lake",
        "water_type": "lake",
        "latitude": 12.8804596,
        "longitude": 80.1038016,
        "city": "Chennai",
        "state": "Tamil Nadu"
      },
      "geometry": {
        "type": "Point",
        "coordinates": [
          80.1038016,
          12.8804596
        ]
      }
    },
    {
      "type": "Feature",
      "id": "wb-way-384622640",
      "properties": {
        "osm_id": 384622640,
        "osm_type": "way",
        "name": "Unnamed Lake (wb-way-384622640)",
        "name_ta": "",
        "category": "lake",
        "water_type": "lake",
        "latitude": 12.8806059,
        "longitude": 80.10359,
        "city": "Chennai",
        "state": "Tamil Nadu"
      },
      "geometry": {
        "type": "Point",
        "coordinates": [
          80.10359,
          12.8806059
        ]
      }
    },
    {
      "type": "Feature",
      "id": "wb-way-384622641",
      "properties": {
        "osm_id": 384622641,
        "osm_type": "way",
        "name": "Unnamed Lake (wb-way-384622641)",
        "name_ta": "",
        "category": "lake",
        "water_type": "lake",
        "latitude": 12.8795091,
        "longitude": 80.1034877,
        "city": "Chennai",
        "state": "Tamil Nadu"
      },
      "geometry": {
        "type": "Point",
        "coordinates": [
          80.1034877,
          12.8795091
        ]
      }
    },
    {
      "type": "Feature",
      "id": "wb-way-384622643",
      "properties": {
        "osm_id": 384622643,
        "osm_type": "way",
        "name": "Unnamed Lake (wb-way-384622643)",
        "name_ta": "",
        "category": "lake",
        "water_type": "lake",
        "latitude": 12.8798824,
        "longitude": 80.1033563,
        "city": "Chennai",
        "state": "Tamil Nadu"
      },
      "geometry": {
        "type": "Point",
        "coordinates": [
          80.1033563,
          12.8798824
        ]
      }
    },
    {
      "type": "Feature",
      "id": "wb-way-384622645",
      "properties": {
        "osm_id": 384622645,
        "osm_type": "way",
        "name": "Unnamed Lake (wb-way-384622645)",
        "name_ta": "",
        "category": "lake",
        "water_type": "lake",
        "latitude": 12.8921991,
        "longitude": 80.1077052,
        "city": "Chennai",
        "state": "Tamil Nadu"
      },
      "geometry": {
        "type": "Point",
        "coordinates": [
          80.1077052,
          12.8921991
        ]
      }
    },
    {
      "type": "Feature",
      "id": "wb-way-384660453",
      "properties": {
        "osm_id": 384660453,
        "osm_type": "way",
        "name": "Unnamed Pond (wb-way-384660453)",
        "name_ta": "",
        "category": "pond",
        "water_type": "pond",
        "latitude": 12.8583405,
        "longitude": 80.1055405,
        "city": "Chennai",
        "state": "Tamil Nadu"
      },
      "geometry": {
        "type": "Point",
        "coordinates": [
          80.1055405,
          12.8583405
        ]
      }
    },
    {
      "type": "Feature",
      "id": "wb-way-384677584",
      "properties": {
        "osm_id": 384677584,
        "osm_type": "way",
        "name": "Unnamed Pond (wb-way-384677584)",
        "name_ta": "",
        "category": "pond",
        "water_type": "pond",
        "latitude": 12.9407337,
        "longitude": 80.0721499,
        "city": "Chennai",
        "state": "Tamil Nadu"
      },
      "geometry": {
        "type": "Point",
        "coordinates": [
          80.0721499,
          12.9407337
        ]
      }
    },
    {
      "type": "Feature",
      "id": "wb-way-384790300",
      "properties": {
        "osm_id": 384790300,
        "osm_type": "way",
        "name": "Unnamed Pond (wb-way-384790300)",
        "name_ta": "",
        "category": "pond",
        "water_type": "pond",
        "latitude": 13.0280599,
        "longitude": 80.0558194,
        "city": "Chennai",
        "state": "Tamil Nadu"
      },
      "geometry": {
        "type": "Point",
        "coordinates": [
          80.0558194,
          13.0280599
        ]
      }
    },
    {
      "type": "Feature",
      "id": "wb-way-384790301",
      "properties": {
        "osm_id": 384790301,
        "osm_type": "way",
        "name": "Unnamed Pond (wb-way-384790301)",
        "name_ta": "",
        "category": "pond",
        "water_type": "pond",
        "latitude": 13.0287666,
        "longitude": 80.0563829,
        "city": "Chennai",
        "state": "Tamil Nadu"
      },
      "geometry": {
        "type": "Point",
        "coordinates": [
          80.0563829,
          13.0287666
        ]
      }
    },
    {
      "type": "Feature",
      "id": "wb-way-384790302",
      "properties": {
        "osm_id": 384790302,
        "osm_type": "way",
        "name": "Unnamed Pond (wb-way-384790302)",
        "name_ta": "",
        "category": "pond",
        "water_type": "pond",
        "latitude": 13.0296511,
        "longitude": 80.056816,
        "city": "Chennai",
        "state": "Tamil Nadu"
      },
      "geometry": {
        "type": "Point",
        "coordinates": [
          80.056816,
          13.0296511
        ]
      }
    },
    {
      "type": "Feature",
      "id": "wb-way-384790303",
      "properties": {
        "osm_id": 384790303,
        "osm_type": "way",
        "name": "Unnamed Pond (wb-way-384790303)",
        "name_ta": "",
        "category": "pond",
        "water_type": "pond",
        "latitude": 13.0299967,
        "longitude": 80.0594665,
        "city": "Chennai",
        "state": "Tamil Nadu"
      },
      "geometry": {
        "type": "Point",
        "coordinates": [
          80.0594665,
          13.0299967
        ]
      }
    },
    {
      "type": "Feature",
      "id": "wb-way-384790304",
      "properties": {
        "osm_id": 384790304,
        "osm_type": "way",
        "name": "Unnamed Pond (wb-way-384790304)",
        "name_ta": "",
        "category": "pond",
        "water_type": "pond",
        "latitude": 13.031537,
        "longitude": 80.0573951,
        "city": "Chennai",
        "state": "Tamil Nadu"
      },
      "geometry": {
        "type": "Point",
        "coordinates": [
          80.0573951,
          13.031537
        ]
      }
    },
    {
      "type": "Feature",
      "id": "wb-way-384790335",
      "properties": {
        "osm_id": 384790335,
        "osm_type": "way",
        "name": "Unnamed Pond (wb-way-384790335)",
        "name_ta": "",
        "category": "pond",
        "water_type": "pond",
        "latitude": 13.042817,
        "longitude": 80.0662979,
        "city": "Chennai",
        "state": "Tamil Nadu"
      },
      "geometry": {
        "type": "Point",
        "coordinates": [
          80.0662979,
          13.042817
        ]
      }
    },
    {
      "type": "Feature",
      "id": "wb-way-384791809",
      "properties": {
        "osm_id": 384791809,
        "osm_type": "way",
        "name": "Unnamed Pond (wb-way-384791809)",
        "name_ta": "",
        "category": "pond",
        "water_type": "pond",
        "latitude": 12.8882464,
        "longitude": 80.1281785,
        "city": "Chennai",
        "state": "Tamil Nadu"
      },
      "geometry": {
        "type": "Point",
        "coordinates": [
          80.1281785,
          12.8882464
        ]
      }
    },
    {
      "type": "Feature",
      "id": "wb-way-384796268",
      "properties": {
        "osm_id": 384796268,
        "osm_type": "way",
        "name": "Unnamed Pond (wb-way-384796268)",
        "name_ta": "",
        "category": "pond",
        "water_type": "pond",
        "latitude": 12.8874443,
        "longitude": 80.1868378,
        "city": "Chennai",
        "state": "Tamil Nadu"
      },
      "geometry": {
        "type": "Point",
        "coordinates": [
          80.1868378,
          12.8874443
        ]
      }
    },
    {
      "type": "Feature",
      "id": "wb-way-384799421",
      "properties": {
        "osm_id": 384799421,
        "osm_type": "way",
        "name": "Unnamed Pond (wb-way-384799421)",
        "name_ta": "",
        "category": "pond",
        "water_type": "pond",
        "latitude": 12.8550967,
        "longitude": 80.1320013,
        "city": "Chennai",
        "state": "Tamil Nadu"
      },
      "geometry": {
        "type": "Point",
        "coordinates": [
          80.1320013,
          12.8550967
        ]
      }
    },
    {
      "type": "Feature",
      "id": "wb-way-384799422",
      "properties": {
        "osm_id": 384799422,
        "osm_type": "way",
        "name": "Unnamed Pond (wb-way-384799422)",
        "name_ta": "",
        "category": "pond",
        "water_type": "pond",
        "latitude": 12.8552256,
        "longitude": 80.1329755,
        "city": "Chennai",
        "state": "Tamil Nadu"
      },
      "geometry": {
        "type": "Point",
        "coordinates": [
          80.1329755,
          12.8552256
        ]
      }
    },
    {
      "type": "Feature",
      "id": "wb-way-384799423",
      "properties": {
        "osm_id": 384799423,
        "osm_type": "way",
        "name": "Unnamed Pond (wb-way-384799423)",
        "name_ta": "",
        "category": "pond",
        "water_type": "pond",
        "latitude": 12.855422,
        "longitude": 80.1323587,
        "city": "Chennai",
        "state": "Tamil Nadu"
      },
      "geometry": {
        "type": "Point",
        "coordinates": [
          80.1323587,
          12.855422
        ]
      }
    },
    {
      "type": "Feature",
      "id": "wb-way-384799424",
      "properties": {
        "osm_id": 384799424,
        "osm_type": "way",
        "name": "Unnamed Pond (wb-way-384799424)",
        "name_ta": "",
        "category": "pond",
        "water_type": "pond",
        "latitude": 12.8562094,
        "longitude": 80.1329607,
        "city": "Chennai",
        "state": "Tamil Nadu"
      },
      "geometry": {
        "type": "Point",
        "coordinates": [
          80.1329607,
          12.8562094
        ]
      }
    },
    {
      "type": "Feature",
      "id": "wb-way-384801134",
      "properties": {
        "osm_id": 384801134,
        "osm_type": "way",
        "name": "Unnamed Pond (wb-way-384801134)",
        "name_ta": "",
        "category": "pond",
        "water_type": "pond",
        "latitude": 12.85867,
        "longitude": 80.1349709,
        "city": "Chennai",
        "state": "Tamil Nadu"
      },
      "geometry": {
        "type": "Point",
        "coordinates": [
          80.1349709,
          12.85867
        ]
      }
    },
    {
      "type": "Feature",
      "id": "wb-way-384801207",
      "properties": {
        "osm_id": 384801207,
        "osm_type": "way",
        "name": "Unnamed Pond (wb-way-384801207)",
        "name_ta": "",
        "category": "pond",
        "water_type": "pond",
        "latitude": 12.8572895,
        "longitude": 80.1445064,
        "city": "Chennai",
        "state": "Tamil Nadu"
      },
      "geometry": {
        "type": "Point",
        "coordinates": [
          80.1445064,
          12.8572895
        ]
      }
    },
    {
      "type": "Feature",
      "id": "wb-way-384806324",
      "properties": {
        "osm_id": 384806324,
        "osm_type": "way",
        "name": "Unnamed Pond (wb-way-384806324)",
        "name_ta": "",
        "category": "pond",
        "water_type": "pond",
        "latitude": 12.8570142,
        "longitude": 80.1682401,
        "city": "Chennai",
        "state": "Tamil Nadu"
      },
      "geometry": {
        "type": "Point",
        "coordinates": [
          80.1682401,
          12.8570142
        ]
      }
    },
    {
      "type": "Feature",
      "id": "wb-way-384806375",
      "properties": {
        "osm_id": 384806375,
        "osm_type": "way",
        "name": "Unnamed Pond (wb-way-384806375)",
        "name_ta": "",
        "category": "pond",
        "water_type": "pond",
        "latitude": 12.8711838,
        "longitude": 80.1662297,
        "city": "Chennai",
        "state": "Tamil Nadu"
      },
      "geometry": {
        "type": "Point",
        "coordinates": [
          80.1662297,
          12.8711838
        ]
      }
    },
    {
      "type": "Feature",
      "id": "wb-way-384807075",
      "properties": {
        "osm_id": 384807075,
        "osm_type": "way",
        "name": "Unnamed Pond (wb-way-384807075)",
        "name_ta": "",
        "category": "pond",
        "water_type": "pond",
        "latitude": 12.8550878,
        "longitude": 80.1732254,
        "city": "Chennai",
        "state": "Tamil Nadu"
      },
      "geometry": {
        "type": "Point",
        "coordinates": [
          80.1732254,
          12.8550878
        ]
      }
    },
    {
      "type": "Feature",
      "id": "wb-way-384807076",
      "properties": {
        "osm_id": 384807076,
        "osm_type": "way",
        "name": "Unnamed Pond (wb-way-384807076)",
        "name_ta": "",
        "category": "pond",
        "water_type": "pond",
        "latitude": 12.8548527,
        "longitude": 80.1743549,
        "city": "Chennai",
        "state": "Tamil Nadu"
      },
      "geometry": {
        "type": "Point",
        "coordinates": [
          80.1743549,
          12.8548527
        ]
      }
    },
    {
      "type": "Feature",
      "id": "wb-way-384807077",
      "properties": {
        "osm_id": 384807077,
        "osm_type": "way",
        "name": "Unnamed Pond (wb-way-384807077)",
        "name_ta": "",
        "category": "pond",
        "water_type": "pond",
        "latitude": 12.8547416,
        "longitude": 80.1767361,
        "city": "Chennai",
        "state": "Tamil Nadu"
      },
      "geometry": {
        "type": "Point",
        "coordinates": [
          80.1767361,
          12.8547416
        ]
      }
    },
    {
      "type": "Feature",
      "id": "wb-way-384807078",
      "properties": {
        "osm_id": 384807078,
        "osm_type": "way",
        "name": "Unnamed Pond (wb-way-384807078)",
        "name_ta": "",
        "category": "pond",
        "water_type": "pond",
        "latitude": 12.8562157,
        "longitude": 80.1671352,
        "city": "Chennai",
        "state": "Tamil Nadu"
      },
      "geometry": {
        "type": "Point",
        "coordinates": [
          80.1671352,
          12.8562157
        ]
      }
    },
    {
      "type": "Feature",
      "id": "wb-way-384807082",
      "properties": {
        "osm_id": 384807082,
        "osm_type": "way",
        "name": "Unnamed Pond (wb-way-384807082)",
        "name_ta": "",
        "category": "pond",
        "water_type": "pond",
        "latitude": 12.8686946,
        "longitude": 80.1567077,
        "city": "Chennai",
        "state": "Tamil Nadu"
      },
      "geometry": {
        "type": "Point",
        "coordinates": [
          80.1567077,
          12.8686946
        ]
      }
    },
    {
      "type": "Feature",
      "id": "wb-way-384807083",
      "properties": {
        "osm_id": 384807083,
        "osm_type": "way",
        "name": "Unnamed Pond (wb-way-384807083)",
        "name_ta": "",
        "category": "pond",
        "water_type": "pond",
        "latitude": 12.8703053,
        "longitude": 80.1573063,
        "city": "Chennai",
        "state": "Tamil Nadu"
      },
      "geometry": {
        "type": "Point",
        "coordinates": [
          80.1573063,
          12.8703053
        ]
      }
    },
    {
      "type": "Feature",
      "id": "wb-way-384811778",
      "properties": {
        "osm_id": 384811778,
        "osm_type": "way",
        "name": "Unnamed Pond (wb-way-384811778)",
        "name_ta": "",
        "category": "pond",
        "water_type": "pond",
        "latitude": 12.8601185,
        "longitude": 80.1923329,
        "city": "Chennai",
        "state": "Tamil Nadu"
      },
      "geometry": {
        "type": "Point",
        "coordinates": [
          80.1923329,
          12.8601185
        ]
      }
    },
    {
      "type": "Feature",
      "id": "wb-way-384811807",
      "properties": {
        "osm_id": 384811807,
        "osm_type": "way",
        "name": "Unnamed Pond (wb-way-384811807)",
        "name_ta": "",
        "category": "pond",
        "water_type": "pond",
        "latitude": 12.8602851,
        "longitude": 80.1874022,
        "city": "Chennai",
        "state": "Tamil Nadu"
      },
      "geometry": {
        "type": "Point",
        "coordinates": [
          80.1874022,
          12.8602851
        ]
      }
    },
    {
      "type": "Feature",
      "id": "wb-way-384811808",
      "properties": {
        "osm_id": 384811808,
        "osm_type": "way",
        "name": "Unnamed Pond (wb-way-384811808)",
        "name_ta": "",
        "category": "pond",
        "water_type": "pond",
        "latitude": 12.859213,
        "longitude": 80.1881486,
        "city": "Chennai",
        "state": "Tamil Nadu"
      },
      "geometry": {
        "type": "Point",
        "coordinates": [
          80.1881486,
          12.859213
        ]
      }
    },
    {
      "type": "Feature",
      "id": "wb-way-384811809",
      "properties": {
        "osm_id": 384811809,
        "osm_type": "way",
        "name": "Unnamed Pond (wb-way-384811809)",
        "name_ta": "",
        "category": "pond",
        "water_type": "pond",
        "latitude": 12.8589279,
        "longitude": 80.1874671,
        "city": "Chennai",
        "state": "Tamil Nadu"
      },
      "geometry": {
        "type": "Point",
        "coordinates": [
          80.1874671,
          12.8589279
        ]
      }
    },
    {
      "type": "Feature",
      "id": "wb-way-384811811",
      "properties": {
        "osm_id": 384811811,
        "osm_type": "way",
        "name": "Unnamed Pond (wb-way-384811811)",
        "name_ta": "",
        "category": "pond",
        "water_type": "pond",
        "latitude": 12.8607926,
        "longitude": 80.1873102,
        "city": "Chennai",
        "state": "Tamil Nadu"
      },
      "geometry": {
        "type": "Point",
        "coordinates": [
          80.1873102,
          12.8607926
        ]
      }
    },
    {
      "type": "Feature",
      "id": "wb-way-384811812",
      "properties": {
        "osm_id": 384811812,
        "osm_type": "way",
        "name": "Unnamed Pond (wb-way-384811812)",
        "name_ta": "",
        "category": "pond",
        "water_type": "pond",
        "latitude": 12.8602433,
        "longitude": 80.1893257,
        "city": "Chennai",
        "state": "Tamil Nadu"
      },
      "geometry": {
        "type": "Point",
        "coordinates": [
          80.1893257,
          12.8602433
        ]
      }
    },
    {
      "type": "Feature",
      "id": "wb-way-384811817",
      "properties": {
        "osm_id": 384811817,
        "osm_type": "way",
        "name": "Unnamed Pond (wb-way-384811817)",
        "name_ta": "",
        "category": "pond",
        "water_type": "pond",
        "latitude": 12.8620194,
        "longitude": 80.1879476,
        "city": "Chennai",
        "state": "Tamil Nadu"
      },
      "geometry": {
        "type": "Point",
        "coordinates": [
          80.1879476,
          12.8620194
        ]
      }
    },
    {
      "type": "Feature",
      "id": "wb-way-384821563",
      "properties": {
        "osm_id": 384821563,
        "osm_type": "way",
        "name": "Unnamed Pond (wb-way-384821563)",
        "name_ta": "",
        "category": "pond",
        "water_type": "pond",
        "latitude": 13.0561463,
        "longitude": 80.0584194,
        "city": "Chennai",
        "state": "Tamil Nadu"
      },
      "geometry": {
        "type": "Point",
        "coordinates": [
          80.0584194,
          13.0561463
        ]
      }
    },
    {
      "type": "Feature",
      "id": "wb-way-384821602",
      "properties": {
        "osm_id": 384821602,
        "osm_type": "way",
        "name": "Unnamed Pond (wb-way-384821602)",
        "name_ta": "",
        "category": "pond",
        "water_type": "pond",
        "latitude": 13.0656837,
        "longitude": 80.0527728,
        "city": "Chennai",
        "state": "Tamil Nadu"
      },
      "geometry": {
        "type": "Point",
        "coordinates": [
          80.0527728,
          13.0656837
        ]
      }
    },
    {
      "type": "Feature",
      "id": "wb-way-384821604",
      "properties": {
        "osm_id": 384821604,
        "osm_type": "way",
        "name": "Unnamed Pond (wb-way-384821604)",
        "name_ta": "",
        "category": "pond",
        "water_type": "pond",
        "latitude": 13.0642883,
        "longitude": 80.0552385,
        "city": "Chennai",
        "state": "Tamil Nadu"
      },
      "geometry": {
        "type": "Point",
        "coordinates": [
          80.0552385,
          13.0642883
        ]
      }
    },
    {
      "type": "Feature",
      "id": "wb-way-384836620",
      "properties": {
        "osm_id": 384836620,
        "osm_type": "way",
        "name": "Unnamed Pond (wb-way-384836620)",
        "name_ta": "",
        "category": "pond",
        "water_type": "pond",
        "latitude": 13.0451709,
        "longitude": 80.0797665,
        "city": "Chennai",
        "state": "Tamil Nadu"
      },
      "geometry": {
        "type": "Point",
        "coordinates": [
          80.0797665,
          13.0451709
        ]
      }
    },
    {
      "type": "Feature",
      "id": "wb-way-384836621",
      "properties": {
        "osm_id": 384836621,
        "osm_type": "way",
        "name": "Unnamed Pond (wb-way-384836621)",
        "name_ta": "",
        "category": "pond",
        "water_type": "pond",
        "latitude": 13.0292834,
        "longitude": 80.0803082,
        "city": "Chennai",
        "state": "Tamil Nadu"
      },
      "geometry": {
        "type": "Point",
        "coordinates": [
          80.0803082,
          13.0292834
        ]
      }
    },
    {
      "type": "Feature",
      "id": "wb-way-384836634",
      "properties": {
        "osm_id": 384836634,
        "osm_type": "way",
        "name": "Unnamed Pond (wb-way-384836634)",
        "name_ta": "",
        "category": "pond",
        "water_type": "pond",
        "latitude": 13.0288418,
        "longitude": 80.085119,
        "city": "Chennai",
        "state": "Tamil Nadu"
      },
      "geometry": {
        "type": "Point",
        "coordinates": [
          80.085119,
          13.0288418
        ]
      }
    },
    {
      "type": "Feature",
      "id": "wb-way-384972833",
      "properties": {
        "osm_id": 384972833,
        "osm_type": "way",
        "name": "Unnamed Reservoir (wb-way-384972833)",
        "name_ta": "",
        "category": "reservoir",
        "water_type": "reservoir",
        "latitude": 13.2231443,
        "longitude": 80.1977521,
        "city": "Chennai",
        "state": "Tamil Nadu"
      },
      "geometry": {
        "type": "Point",
        "coordinates": [
          80.1977521,
          13.2231443
        ]
      }
    },
    {
      "type": "Feature",
      "id": "wb-way-384972834",
      "properties": {
        "osm_id": 384972834,
        "osm_type": "way",
        "name": "Unnamed Reservoir (wb-way-384972834)",
        "name_ta": "",
        "category": "reservoir",
        "water_type": "reservoir",
        "latitude": 13.2229812,
        "longitude": 80.1977247,
        "city": "Chennai",
        "state": "Tamil Nadu"
      },
      "geometry": {
        "type": "Point",
        "coordinates": [
          80.1977247,
          13.2229812
        ]
      }
    },
    {
      "type": "Feature",
      "id": "wb-way-384972835",
      "properties": {
        "osm_id": 384972835,
        "osm_type": "way",
        "name": "Unnamed Reservoir (wb-way-384972835)",
        "name_ta": "",
        "category": "reservoir",
        "water_type": "reservoir",
        "latitude": 13.2228211,
        "longitude": 80.1976968,
        "city": "Chennai",
        "state": "Tamil Nadu"
      },
      "geometry": {
        "type": "Point",
        "coordinates": [
          80.1976968,
          13.2228211
        ]
      }
    },
    {
      "type": "Feature",
      "id": "wb-way-384972836",
      "properties": {
        "osm_id": 384972836,
        "osm_type": "way",
        "name": "Unnamed Reservoir (wb-way-384972836)",
        "name_ta": "",
        "category": "reservoir",
        "water_type": "reservoir",
        "latitude": 13.2226646,
        "longitude": 80.1976718,
        "city": "Chennai",
        "state": "Tamil Nadu"
      },
      "geometry": {
        "type": "Point",
        "coordinates": [
          80.1976718,
          13.2226646
        ]
      }
    },
    {
      "type": "Feature",
      "id": "wb-way-384972837",
      "properties": {
        "osm_id": 384972837,
        "osm_type": "way",
        "name": "Unnamed Reservoir (wb-way-384972837)",
        "name_ta": "",
        "category": "reservoir",
        "water_type": "reservoir",
        "latitude": 13.2224622,
        "longitude": 80.1976572,
        "city": "Chennai",
        "state": "Tamil Nadu"
      },
      "geometry": {
        "type": "Point",
        "coordinates": [
          80.1976572,
          13.2224622
        ]
      }
    },
    {
      "type": "Feature",
      "id": "wb-way-384972838",
      "properties": {
        "osm_id": 384972838,
        "osm_type": "way",
        "name": "Unnamed Reservoir (wb-way-384972838)",
        "name_ta": "",
        "category": "reservoir",
        "water_type": "reservoir",
        "latitude": 13.2222553,
        "longitude": 80.1976424,
        "city": "Chennai",
        "state": "Tamil Nadu"
      },
      "geometry": {
        "type": "Point",
        "coordinates": [
          80.1976424,
          13.2222553
        ]
      }
    },
    {
      "type": "Feature",
      "id": "wb-way-384972839",
      "properties": {
        "osm_id": 384972839,
        "osm_type": "way",
        "name": "Unnamed Reservoir (wb-way-384972839)",
        "name_ta": "",
        "category": "reservoir",
        "water_type": "reservoir",
        "latitude": 13.2220669,
        "longitude": 80.1976193,
        "city": "Chennai",
        "state": "Tamil Nadu"
      },
      "geometry": {
        "type": "Point",
        "coordinates": [
          80.1976193,
          13.2220669
        ]
      }
    },
    {
      "type": "Feature",
      "id": "wb-way-384972840",
      "properties": {
        "osm_id": 384972840,
        "osm_type": "way",
        "name": "Unnamed Reservoir (wb-way-384972840)",
        "name_ta": "",
        "category": "reservoir",
        "water_type": "reservoir",
        "latitude": 13.2219073,
        "longitude": 80.1976019,
        "city": "Chennai",
        "state": "Tamil Nadu"
      },
      "geometry": {
        "type": "Point",
        "coordinates": [
          80.1976019,
          13.2219073
        ]
      }
    },
    {
      "type": "Feature",
      "id": "wb-way-384972841",
      "properties": {
        "osm_id": 384972841,
        "osm_type": "way",
        "name": "Unnamed Reservoir (wb-way-384972841)",
        "name_ta": "",
        "category": "reservoir",
        "water_type": "reservoir",
        "latitude": 13.2239083,
        "longitude": 80.1978161,
        "city": "Chennai",
        "state": "Tamil Nadu"
      },
      "geometry": {
        "type": "Point",
        "coordinates": [
          80.1978161,
          13.2239083
        ]
      }
    },
    {
      "type": "Feature",
      "id": "wb-way-384972842",
      "properties": {
        "osm_id": 384972842,
        "osm_type": "way",
        "name": "Unnamed Reservoir (wb-way-384972842)",
        "name_ta": "",
        "category": "reservoir",
        "water_type": "reservoir",
        "latitude": 13.2238795,
        "longitude": 80.1979353,
        "city": "Chennai",
        "state": "Tamil Nadu"
      },
      "geometry": {
        "type": "Point",
        "coordinates": [
          80.1979353,
          13.2238795
        ]
      }
    },
    {
      "type": "Feature",
      "id": "wb-way-384972862",
      "properties": {
        "osm_id": 384972862,
        "osm_type": "way",
        "name": "Unnamed Reservoir (wb-way-384972862)",
        "name_ta": "",
        "category": "reservoir",
        "water_type": "reservoir",
        "latitude": 13.2217527,
        "longitude": 80.1957459,
        "city": "Chennai",
        "state": "Tamil Nadu"
      },
      "geometry": {
        "type": "Point",
        "coordinates": [
          80.1957459,
          13.2217527
        ]
      }
    },
    {
      "type": "Feature",
      "id": "wb-way-384975433",
      "properties": {
        "osm_id": 384975433,
        "osm_type": "way",
        "name": "Unnamed Reservoir (wb-way-384975433)",
        "name_ta": "",
        "category": "reservoir",
        "water_type": "reservoir",
        "latitude": 13.227642,
        "longitude": 80.1784469,
        "city": "Chennai",
        "state": "Tamil Nadu"
      },
      "geometry": {
        "type": "Point",
        "coordinates": [
          80.1784469,
          13.227642
        ]
      }
    },
    {
      "type": "Feature",
      "id": "wb-way-384975750",
      "properties": {
        "osm_id": 384975750,
        "osm_type": "way",
        "name": "Unnamed Reservoir (wb-way-384975750)",
        "name_ta": "",
        "category": "reservoir",
        "water_type": "reservoir",
        "latitude": 13.231347,
        "longitude": 80.1855279,
        "city": "Chennai",
        "state": "Tamil Nadu"
      },
      "geometry": {
        "type": "Point",
        "coordinates": [
          80.1855279,
          13.231347
        ]
      }
    },
    {
      "type": "Feature",
      "id": "wb-way-384975751",
      "properties": {
        "osm_id": 384975751,
        "osm_type": "way",
        "name": "Unnamed Reservoir (wb-way-384975751)",
        "name_ta": "",
        "category": "reservoir",
        "water_type": "reservoir",
        "latitude": 13.2313262,
        "longitude": 80.1852517,
        "city": "Chennai",
        "state": "Tamil Nadu"
      },
      "geometry": {
        "type": "Point",
        "coordinates": [
          80.1852517,
          13.2313262
        ]
      }
    },
    {
      "type": "Feature",
      "id": "wb-way-384975752",
      "properties": {
        "osm_id": 384975752,
        "osm_type": "way",
        "name": "Unnamed Reservoir (wb-way-384975752)",
        "name_ta": "",
        "category": "reservoir",
        "water_type": "reservoir",
        "latitude": 13.2310415,
        "longitude": 80.1852704,
        "city": "Chennai",
        "state": "Tamil Nadu"
      },
      "geometry": {
        "type": "Point",
        "coordinates": [
          80.1852704,
          13.2310415
        ]
      }
    },
    {
      "type": "Feature",
      "id": "wb-way-384975753",
      "properties": {
        "osm_id": 384975753,
        "osm_type": "way",
        "name": "Unnamed Reservoir (wb-way-384975753)",
        "name_ta": "",
        "category": "reservoir",
        "water_type": "reservoir",
        "latitude": 13.2308274,
        "longitude": 80.1852919,
        "city": "Chennai",
        "state": "Tamil Nadu"
      },
      "geometry": {
        "type": "Point",
        "coordinates": [
          80.1852919,
          13.2308274
        ]
      }
    },
    {
      "type": "Feature",
      "id": "wb-way-384975754",
      "properties": {
        "osm_id": 384975754,
        "osm_type": "way",
        "name": "Unnamed Reservoir (wb-way-384975754)",
        "name_ta": "",
        "category": "reservoir",
        "water_type": "reservoir",
        "latitude": 13.2314279,
        "longitude": 80.1849727,
        "city": "Chennai",
        "state": "Tamil Nadu"
      },
      "geometry": {
        "type": "Point",
        "coordinates": [
          80.1849727,
          13.2314279
        ]
      }
    },
    {
      "type": "Feature",
      "id": "wb-way-384975755",
      "properties": {
        "osm_id": 384975755,
        "osm_type": "way",
        "name": "Unnamed Reservoir (wb-way-384975755)",
        "name_ta": "",
        "category": "reservoir",
        "water_type": "reservoir",
        "latitude": 13.2312818,
        "longitude": 80.1849701,
        "city": "Chennai",
        "state": "Tamil Nadu"
      },
      "geometry": {
        "type": "Point",
        "coordinates": [
          80.1849701,
          13.2312818
        ]
      }
    },
    {
      "type": "Feature",
      "id": "wb-way-384975756",
      "properties": {
        "osm_id": 384975756,
        "osm_type": "way",
        "name": "Unnamed Reservoir (wb-way-384975756)",
        "name_ta": "",
        "category": "reservoir",
        "water_type": "reservoir",
        "latitude": 13.231159,
        "longitude": 80.1849754,
        "city": "Chennai",
        "state": "Tamil Nadu"
      },
      "geometry": {
        "type": "Point",
        "coordinates": [
          80.1849754,
          13.231159
        ]
      }
    },
    {
      "type": "Feature",
      "id": "wb-way-384975757",
      "properties": {
        "osm_id": 384975757,
        "osm_type": "way",
        "name": "Unnamed Reservoir (wb-way-384975757)",
        "name_ta": "",
        "category": "reservoir",
        "water_type": "reservoir",
        "latitude": 13.2310076,
        "longitude": 80.1849916,
        "city": "Chennai",
        "state": "Tamil Nadu"
      },
      "geometry": {
        "type": "Point",
        "coordinates": [
          80.1849916,
          13.2310076
        ]
      }
    },
    {
      "type": "Feature",
      "id": "wb-way-384975758",
      "properties": {
        "osm_id": 384975758,
        "osm_type": "way",
        "name": "Unnamed Reservoir (wb-way-384975758)",
        "name_ta": "",
        "category": "reservoir",
        "water_type": "reservoir",
        "latitude": 13.230817,
        "longitude": 80.185021,
        "city": "Chennai",
        "state": "Tamil Nadu"
      },
      "geometry": {
        "type": "Point",
        "coordinates": [
          80.185021,
          13.230817
        ]
      }
    },
    {
      "type": "Feature",
      "id": "wb-way-385000408",
      "properties": {
        "osm_id": 385000408,
        "osm_type": "way",
        "name": "Unnamed Pond (wb-way-385000408)",
        "name_ta": "",
        "category": "pond",
        "water_type": "pond",
        "latitude": 13.2186531,
        "longitude": 80.2229995,
        "city": "Chennai",
        "state": "Tamil Nadu"
      },
      "geometry": {
        "type": "Point",
        "coordinates": [
          80.2229995,
          13.2186531
        ]
      }
    },
    {
      "type": "Feature",
      "id": "wb-way-385002770",
      "properties": {
        "osm_id": 385002770,
        "osm_type": "way",
        "name": "Unnamed Pond (wb-way-385002770)",
        "name_ta": "",
        "category": "pond",
        "water_type": "pond",
        "latitude": 13.2284192,
        "longitude": 80.2197419,
        "city": "Chennai",
        "state": "Tamil Nadu"
      },
      "geometry": {
        "type": "Point",
        "coordinates": [
          80.2197419,
          13.2284192
        ]
      }
    },
    {
      "type": "Feature",
      "id": "wb-way-385006228",
      "properties": {
        "osm_id": 385006228,
        "osm_type": "way",
        "name": "Unnamed Pond (wb-way-385006228)",
        "name_ta": "",
        "category": "pond",
        "water_type": "pond",
        "latitude": 13.2338099,
        "longitude": 80.2133134,
        "city": "Chennai",
        "state": "Tamil Nadu"
      },
      "geometry": {
        "type": "Point",
        "coordinates": [
          80.2133134,
          13.2338099
        ]
      }
    },
    {
      "type": "Feature",
      "id": "wb-way-385008764",
      "properties": {
        "osm_id": 385008764,
        "osm_type": "way",
        "name": "Unnamed Pond (wb-way-385008764)",
        "name_ta": "",
        "category": "pond",
        "water_type": "pond",
        "latitude": 13.2309287,
        "longitude": 80.2055135,
        "city": "Chennai",
        "state": "Tamil Nadu"
      },
      "geometry": {
        "type": "Point",
        "coordinates": [
          80.2055135,
          13.2309287
        ]
      }
    },
    {
      "type": "Feature",
      "id": "wb-way-385008774",
      "properties": {
        "osm_id": 385008774,
        "osm_type": "way",
        "name": "Unnamed Pond (wb-way-385008774)",
        "name_ta": "",
        "category": "pond",
        "water_type": "pond",
        "latitude": 13.2195079,
        "longitude": 80.2037164,
        "city": "Chennai",
        "state": "Tamil Nadu"
      },
      "geometry": {
        "type": "Point",
        "coordinates": [
          80.2037164,
          13.2195079
        ]
      }
    },
    {
      "type": "Feature",
      "id": "wb-way-385009467",
      "properties": {
        "osm_id": 385009467,
        "osm_type": "way",
        "name": "Unnamed Pond (wb-way-385009467)",
        "name_ta": "",
        "category": "pond",
        "water_type": "pond",
        "latitude": 13.2362995,
        "longitude": 80.2071792,
        "city": "Chennai",
        "state": "Tamil Nadu"
      },
      "geometry": {
        "type": "Point",
        "coordinates": [
          80.2071792,
          13.2362995
        ]
      }
    },
    {
      "type": "Feature",
      "id": "wb-way-385009468",
      "properties": {
        "osm_id": 385009468,
        "osm_type": "way",
        "name": "Unnamed Pond (wb-way-385009468)",
        "name_ta": "",
        "category": "pond",
        "water_type": "pond",
        "latitude": 13.2365006,
        "longitude": 80.2074018,
        "city": "Chennai",
        "state": "Tamil Nadu"
      },
      "geometry": {
        "type": "Point",
        "coordinates": [
          80.2074018,
          13.2365006
        ]
      }
    },
    {
      "type": "Feature",
      "id": "wb-way-385009488",
      "properties": {
        "osm_id": 385009488,
        "osm_type": "way",
        "name": "Unnamed Pond (wb-way-385009488)",
        "name_ta": "",
        "category": "pond",
        "water_type": "pond",
        "latitude": 13.2289965,
        "longitude": 80.2055162,
        "city": "Chennai",
        "state": "Tamil Nadu"
      },
      "geometry": {
        "type": "Point",
        "coordinates": [
          80.2055162,
          13.2289965
        ]
      }
    },
    {
      "type": "Feature",
      "id": "wb-way-385010305",
      "properties": {
        "osm_id": 385010305,
        "osm_type": "way",
        "name": "Unnamed Pond (wb-way-385010305)",
        "name_ta": "",
        "category": "pond",
        "water_type": "pond",
        "latitude": 13.2377277,
        "longitude": 80.2147162,
        "city": "Chennai",
        "state": "Tamil Nadu"
      },
      "geometry": {
        "type": "Point",
        "coordinates": [
          80.2147162,
          13.2377277
        ]
      }
    },
    {
      "type": "Feature",
      "id": "wb-way-385010306",
      "properties": {
        "osm_id": 385010306,
        "osm_type": "way",
        "name": "Unnamed Pond (wb-way-385010306)",
        "name_ta": "",
        "category": "pond",
        "water_type": "pond",
        "latitude": 13.2365893,
        "longitude": 80.2139571,
        "city": "Chennai",
        "state": "Tamil Nadu"
      },
      "geometry": {
        "type": "Point",
        "coordinates": [
          80.2139571,
          13.2365893
        ]
      }
    },
    {
      "type": "Feature",
      "id": "wb-way-385010307",
      "properties": {
        "osm_id": 385010307,
        "osm_type": "way",
        "name": "Unnamed Pond (wb-way-385010307)",
        "name_ta": "",
        "category": "pond",
        "water_type": "pond",
        "latitude": 13.2372603,
        "longitude": 80.2144667,
        "city": "Chennai",
        "state": "Tamil Nadu"
      },
      "geometry": {
        "type": "Point",
        "coordinates": [
          80.2144667,
          13.2372603
        ]
      }
    },
    {
      "type": "Feature",
      "id": "wb-way-385027263",
      "properties": {
        "osm_id": 385027263,
        "osm_type": "way",
        "name": "Unnamed Wetland (wb-way-385027263)",
        "name_ta": "",
        "category": "wetland",
        "water_type": "wetland",
        "latitude": 13.2064963,
        "longitude": 80.154014,
        "city": "Chennai",
        "state": "Tamil Nadu"
      },
      "geometry": {
        "type": "Point",
        "coordinates": [
          80.154014,
          13.2064963
        ]
      }
    },
    {
      "type": "Feature",
      "id": "wb-way-385030602",
      "properties": {
        "osm_id": 385030602,
        "osm_type": "way",
        "name": "Unnamed Pond (wb-way-385030602)",
        "name_ta": "",
        "category": "pond",
        "water_type": "pond",
        "latitude": 12.972247,
        "longitude": 80.1668819,
        "city": "Chennai",
        "state": "Tamil Nadu"
      },
      "geometry": {
        "type": "Point",
        "coordinates": [
          80.1668819,
          12.972247
        ]
      }
    },
    {
      "type": "Feature",
      "id": "wb-way-385032247",
      "properties": {
        "osm_id": 385032247,
        "osm_type": "way",
        "name": "Unnamed Pond (wb-way-385032247)",
        "name_ta": "",
        "category": "pond",
        "water_type": "pond",
        "latitude": 12.9644893,
        "longitude": 80.1709442,
        "city": "Chennai",
        "state": "Tamil Nadu"
      },
      "geometry": {
        "type": "Point",
        "coordinates": [
          80.1709442,
          12.9644893
        ]
      }
    },
    {
      "type": "Feature",
      "id": "wb-way-385065000",
      "properties": {
        "osm_id": 385065000,
        "osm_type": "way",
        "name": "Unnamed Pond (wb-way-385065000)",
        "name_ta": "",
        "category": "pond",
        "water_type": "pond",
        "latitude": 13.0893501,
        "longitude": 80.0592075,
        "city": "Chennai",
        "state": "Tamil Nadu"
      },
      "geometry": {
        "type": "Point",
        "coordinates": [
          80.0592075,
          13.0893501
        ]
      }
    },
    {
      "type": "Feature",
      "id": "wb-way-385065002",
      "properties": {
        "osm_id": 385065002,
        "osm_type": "way",
        "name": "Unnamed Pond (wb-way-385065002)",
        "name_ta": "",
        "category": "pond",
        "water_type": "pond",
        "latitude": 13.0909854,
        "longitude": 80.0565783,
        "city": "Chennai",
        "state": "Tamil Nadu"
      },
      "geometry": {
        "type": "Point",
        "coordinates": [
          80.0565783,
          13.0909854
        ]
      }
    },
    {
      "type": "Feature",
      "id": "wb-way-385065003",
      "properties": {
        "osm_id": 385065003,
        "osm_type": "way",
        "name": "Unnamed Pond (wb-way-385065003)",
        "name_ta": "",
        "category": "pond",
        "water_type": "pond",
        "latitude": 13.0905195,
        "longitude": 80.0592392,
        "city": "Chennai",
        "state": "Tamil Nadu"
      },
      "geometry": {
        "type": "Point",
        "coordinates": [
          80.0592392,
          13.0905195
        ]
      }
    },
    {
      "type": "Feature",
      "id": "wb-way-385065004",
      "properties": {
        "osm_id": 385065004,
        "osm_type": "way",
        "name": "Unnamed Pond (wb-way-385065004)",
        "name_ta": "",
        "category": "pond",
        "water_type": "pond",
        "latitude": 13.0894921,
        "longitude": 80.0607597,
        "city": "Chennai",
        "state": "Tamil Nadu"
      },
      "geometry": {
        "type": "Point",
        "coordinates": [
          80.0607597,
          13.0894921
        ]
      }
    },
    {
      "type": "Feature",
      "id": "wb-way-385065005",
      "properties": {
        "osm_id": 385065005,
        "osm_type": "way",
        "name": "Unnamed Pond (wb-way-385065005)",
        "name_ta": "",
        "category": "pond",
        "water_type": "pond",
        "latitude": 13.0892884,
        "longitude": 80.0626191,
        "city": "Chennai",
        "state": "Tamil Nadu"
      },
      "geometry": {
        "type": "Point",
        "coordinates": [
          80.0626191,
          13.0892884
        ]
      }
    },
    {
      "type": "Feature",
      "id": "wb-way-385065006",
      "properties": {
        "osm_id": 385065006,
        "osm_type": "way",
        "name": "Unnamed Pond (wb-way-385065006)",
        "name_ta": "",
        "category": "pond",
        "water_type": "pond",
        "latitude": 13.0898716,
        "longitude": 80.0631862,
        "city": "Chennai",
        "state": "Tamil Nadu"
      },
      "geometry": {
        "type": "Point",
        "coordinates": [
          80.0631862,
          13.0898716
        ]
      }
    },
    {
      "type": "Feature",
      "id": "wb-way-385083618",
      "properties": {
        "osm_id": 385083618,
        "osm_type": "way",
        "name": "Unnamed Pond (wb-way-385083618)",
        "name_ta": "",
        "category": "pond",
        "water_type": "pond",
        "latitude": 12.8884646,
        "longitude": 80.0653299,
        "city": "Chennai",
        "state": "Tamil Nadu"
      },
      "geometry": {
        "type": "Point",
        "coordinates": [
          80.0653299,
          12.8884646
        ]
      }
    },
    {
      "type": "Feature",
      "id": "wb-way-385083619",
      "properties": {
        "osm_id": 385083619,
        "osm_type": "way",
        "name": "Unnamed Pond (wb-way-385083619)",
        "name_ta": "",
        "category": "pond",
        "water_type": "pond",
        "latitude": 12.8892122,
        "longitude": 80.0653116,
        "city": "Chennai",
        "state": "Tamil Nadu"
      },
      "geometry": {
        "type": "Point",
        "coordinates": [
          80.0653116,
          12.8892122
        ]
      }
    },
    {
      "type": "Feature",
      "id": "wb-way-385096915",
      "properties": {
        "osm_id": 385096915,
        "osm_type": "way",
        "name": "Unnamed Pond (wb-way-385096915)",
        "name_ta": "",
        "category": "pond",
        "water_type": "pond",
        "latitude": 12.8685895,
        "longitude": 80.0698039,
        "city": "Chennai",
        "state": "Tamil Nadu"
      },
      "geometry": {
        "type": "Point",
        "coordinates": [
          80.0698039,
          12.8685895
        ]
      }
    },
    {
      "type": "Feature",
      "id": "wb-way-385096939",
      "properties": {
        "osm_id": 385096939,
        "osm_type": "way",
        "name": "Unnamed Pond (wb-way-385096939)",
        "name_ta": "",
        "category": "pond",
        "water_type": "pond",
        "latitude": 12.8636641,
        "longitude": 80.0750139,
        "city": "Chennai",
        "state": "Tamil Nadu"
      },
      "geometry": {
        "type": "Point",
        "coordinates": [
          80.0750139,
          12.8636641
        ]
      }
    },
    {
      "type": "Feature",
      "id": "wb-way-385098284",
      "properties": {
        "osm_id": 385098284,
        "osm_type": "way",
        "name": "Unnamed Pond (wb-way-385098284)",
        "name_ta": "",
        "category": "pond",
        "water_type": "pond",
        "latitude": 12.8592837,
        "longitude": 80.0726701,
        "city": "Chennai",
        "state": "Tamil Nadu"
      },
      "geometry": {
        "type": "Point",
        "coordinates": [
          80.0726701,
          12.8592837
        ]
      }
    },
    {
      "type": "Feature",
      "id": "wb-way-385101997",
      "properties": {
        "osm_id": 385101997,
        "osm_type": "way",
        "name": "Unnamed Pond (wb-way-385101997)",
        "name_ta": "",
        "category": "pond",
        "water_type": "pond",
        "latitude": 12.8655329,
        "longitude": 80.080989,
        "city": "Chennai",
        "state": "Tamil Nadu"
      },
      "geometry": {
        "type": "Point",
        "coordinates": [
          80.080989,
          12.8655329
        ]
      }
    },
    {
      "type": "Feature",
      "id": "wb-way-385137493",
      "properties": {
        "osm_id": 385137493,
        "osm_type": "way",
        "name": "Unnamed Pond (wb-way-385137493)",
        "name_ta": "",
        "category": "pond",
        "water_type": "pond",
        "latitude": 13.2180661,
        "longitude": 80.1614115,
        "city": "Chennai",
        "state": "Tamil Nadu"
      },
      "geometry": {
        "type": "Point",
        "coordinates": [
          80.1614115,
          13.2180661
        ]
      }
    },
    {
      "type": "Feature",
      "id": "wb-way-385143212",
      "properties": {
        "osm_id": 385143212,
        "osm_type": "way",
        "name": "Unnamed Wetland (wb-way-385143212)",
        "name_ta": "",
        "category": "wetland",
        "water_type": "wetland",
        "latitude": 13.1783582,
        "longitude": 80.113955,
        "city": "Chennai",
        "state": "Tamil Nadu"
      },
      "geometry": {
        "type": "Point",
        "coordinates": [
          80.113955,
          13.1783582
        ]
      }
    },
    {
      "type": "Feature",
      "id": "wb-way-385175925",
      "properties": {
        "osm_id": 385175925,
        "osm_type": "way",
        "name": "Unnamed Pond (wb-way-385175925)",
        "name_ta": "",
        "category": "pond",
        "water_type": "pond",
        "latitude": 13.1935607,
        "longitude": 80.0953046,
        "city": "Chennai",
        "state": "Tamil Nadu"
      },
      "geometry": {
        "type": "Point",
        "coordinates": [
          80.0953046,
          13.1935607
        ]
      }
    },
    {
      "type": "Feature",
      "id": "wb-way-385229043",
      "properties": {
        "osm_id": 385229043,
        "osm_type": "way",
        "name": "Unnamed Pond (wb-way-385229043)",
        "name_ta": "",
        "category": "pond",
        "water_type": "pond",
        "latitude": 13.187895,
        "longitude": 80.1039087,
        "city": "Chennai",
        "state": "Tamil Nadu"
      },
      "geometry": {
        "type": "Point",
        "coordinates": [
          80.1039087,
          13.187895
        ]
      }
    },
    {
      "type": "Feature",
      "id": "wb-way-385243947",
      "properties": {
        "osm_id": 385243947,
        "osm_type": "way",
        "name": "Unnamed Pond (wb-way-385243947)",
        "name_ta": "",
        "category": "pond",
        "water_type": "pond",
        "latitude": 13.0990528,
        "longitude": 80.1241197,
        "city": "Chennai",
        "state": "Tamil Nadu"
      },
      "geometry": {
        "type": "Point",
        "coordinates": [
          80.1241197,
          13.0990528
        ]
      }
    },
    {
      "type": "Feature",
      "id": "wb-way-385243948",
      "properties": {
        "osm_id": 385243948,
        "osm_type": "way",
        "name": "Unnamed Wetland (wb-way-385243948)",
        "name_ta": "",
        "category": "wetland",
        "water_type": "wetland",
        "latitude": 13.0965886,
        "longitude": 80.1252436,
        "city": "Chennai",
        "state": "Tamil Nadu"
      },
      "geometry": {
        "type": "Point",
        "coordinates": [
          80.1252436,
          13.0965886
        ]
      }
    },
    {
      "type": "Feature",
      "id": "wb-way-385261394",
      "properties": {
        "osm_id": 385261394,
        "osm_type": "way",
        "name": "Unnamed Pond (wb-way-385261394)",
        "name_ta": "",
        "category": "pond",
        "water_type": "pond",
        "latitude": 13.1957069,
        "longitude": 80.1920487,
        "city": "Chennai",
        "state": "Tamil Nadu"
      },
      "geometry": {
        "type": "Point",
        "coordinates": [
          80.1920487,
          13.1957069
        ]
      }
    },
    {
      "type": "Feature",
      "id": "wb-way-385262522",
      "properties": {
        "osm_id": 385262522,
        "osm_type": "way",
        "name": "Unnamed Reservoir (wb-way-385262522)",
        "name_ta": "",
        "category": "reservoir",
        "water_type": "reservoir",
        "latitude": 13.1621696,
        "longitude": 80.0808239,
        "city": "Chennai",
        "state": "Tamil Nadu"
      },
      "geometry": {
        "type": "Point",
        "coordinates": [
          80.0808239,
          13.1621696
        ]
      }
    },
    {
      "type": "Feature",
      "id": "wb-way-385262523",
      "properties": {
        "osm_id": 385262523,
        "osm_type": "way",
        "name": "Unnamed Reservoir (wb-way-385262523)",
        "name_ta": "",
        "category": "reservoir",
        "water_type": "reservoir",
        "latitude": 13.1614744,
        "longitude": 80.0817914,
        "city": "Chennai",
        "state": "Tamil Nadu"
      },
      "geometry": {
        "type": "Point",
        "coordinates": [
          80.0817914,
          13.1614744
        ]
      }
    },
    {
      "type": "Feature",
      "id": "wb-way-385263776",
      "properties": {
        "osm_id": 385263776,
        "osm_type": "way",
        "name": "Unnamed Wetland (wb-way-385263776)",
        "name_ta": "",
        "category": "wetland",
        "water_type": "wetland",
        "latitude": 13.1937419,
        "longitude": 80.1882507,
        "city": "Chennai",
        "state": "Tamil Nadu"
      },
      "geometry": {
        "type": "Point",
        "coordinates": [
          80.1882507,
          13.1937419
        ]
      }
    },
    {
      "type": "Feature",
      "id": "wb-way-385273227",
      "properties": {
        "osm_id": 385273227,
        "osm_type": "way",
        "name": "Unnamed Pond (wb-way-385273227)",
        "name_ta": "",
        "category": "pond",
        "water_type": "pond",
        "latitude": 13.1866212,
        "longitude": 80.1884547,
        "city": "Chennai",
        "state": "Tamil Nadu"
      },
      "geometry": {
        "type": "Point",
        "coordinates": [
          80.1884547,
          13.1866212
        ]
      }
    },
    {
      "type": "Feature",
      "id": "wb-way-385273428",
      "properties": {
        "osm_id": 385273428,
        "osm_type": "way",
        "name": "Unnamed Pond (wb-way-385273428)",
        "name_ta": "",
        "category": "pond",
        "water_type": "pond",
        "latitude": 13.1546084,
        "longitude": 80.07283,
        "city": "Chennai",
        "state": "Tamil Nadu"
      },
      "geometry": {
        "type": "Point",
        "coordinates": [
          80.07283,
          13.1546084
        ]
      }
    },
    {
      "type": "Feature",
      "id": "wb-way-385277686",
      "properties": {
        "osm_id": 385277686,
        "osm_type": "way",
        "name": "Unnamed Pond (wb-way-385277686)",
        "name_ta": "",
        "category": "pond",
        "water_type": "pond",
        "latitude": 13.1722563,
        "longitude": 80.0737777,
        "city": "Chennai",
        "state": "Tamil Nadu"
      },
      "geometry": {
        "type": "Point",
        "coordinates": [
          80.0737777,
          13.1722563
        ]
      }
    },
    {
      "type": "Feature",
      "id": "wb-way-385277919",
      "properties": {
        "osm_id": 385277919,
        "osm_type": "way",
        "name": "Unnamed Pond (wb-way-385277919)",
        "name_ta": "",
        "category": "pond",
        "water_type": "pond",
        "latitude": 13.190197,
        "longitude": 80.1994217,
        "city": "Chennai",
        "state": "Tamil Nadu"
      },
      "geometry": {
        "type": "Point",
        "coordinates": [
          80.1994217,
          13.190197
        ]
      }
    },
    {
      "type": "Feature",
      "id": "wb-way-385287761",
      "properties": {
        "osm_id": 385287761,
        "osm_type": "way",
        "name": "Unnamed Pond (wb-way-385287761)",
        "name_ta": "",
        "category": "pond",
        "water_type": "pond",
        "latitude": 13.1931244,
        "longitude": 80.2057005,
        "city": "Chennai",
        "state": "Tamil Nadu"
      },
      "geometry": {
        "type": "Point",
        "coordinates": [
          80.2057005,
          13.1931244
        ]
      }
    },
    {
      "type": "Feature",
      "id": "wb-way-385367114",
      "properties": {
        "osm_id": 385367114,
        "osm_type": "way",
        "name": "Unnamed Pond (wb-way-385367114)",
        "name_ta": "",
        "category": "pond",
        "water_type": "pond",
        "latitude": 13.0851019,
        "longitude": 80.0753986,
        "city": "Chennai",
        "state": "Tamil Nadu"
      },
      "geometry": {
        "type": "Point",
        "coordinates": [
          80.0753986,
          13.0851019
        ]
      }
    },
    {
      "type": "Feature",
      "id": "wb-way-385367115",
      "properties": {
        "osm_id": 385367115,
        "osm_type": "way",
        "name": "Unnamed Wetland (wb-way-385367115)",
        "name_ta": "",
        "category": "wetland",
        "water_type": "wetland",
        "latitude": 13.0855957,
        "longitude": 80.0726159,
        "city": "Chennai",
        "state": "Tamil Nadu"
      },
      "geometry": {
        "type": "Point",
        "coordinates": [
          80.0726159,
          13.0855957
        ]
      }
    },
    {
      "type": "Feature",
      "id": "wb-way-385376054",
      "properties": {
        "osm_id": 385376054,
        "osm_type": "way",
        "name": "Unnamed Pond (wb-way-385376054)",
        "name_ta": "",
        "category": "pond",
        "water_type": "pond",
        "latitude": 13.0881184,
        "longitude": 80.1050494,
        "city": "Chennai",
        "state": "Tamil Nadu"
      },
      "geometry": {
        "type": "Point",
        "coordinates": [
          80.1050494,
          13.0881184
        ]
      }
    },
    {
      "type": "Feature",
      "id": "wb-way-385380935",
      "properties": {
        "osm_id": 385380935,
        "osm_type": "way",
        "name": "Unnamed Pond (wb-way-385380935)",
        "name_ta": "",
        "category": "pond",
        "water_type": "pond",
        "latitude": 13.1338122,
        "longitude": 80.1527387,
        "city": "Chennai",
        "state": "Tamil Nadu"
      },
      "geometry": {
        "type": "Point",
        "coordinates": [
          80.1527387,
          13.1338122
        ]
      }
    },
    {
      "type": "Feature",
      "id": "wb-way-385387832",
      "properties": {
        "osm_id": 385387832,
        "osm_type": "way",
        "name": "Unnamed Pond (wb-way-385387832)",
        "name_ta": "",
        "category": "pond",
        "water_type": "pond",
        "latitude": 13.1347133,
        "longitude": 80.1352975,
        "city": "Chennai",
        "state": "Tamil Nadu"
      },
      "geometry": {
        "type": "Point",
        "coordinates": [
          80.1352975,
          13.1347133
        ]
      }
    },
    {
      "type": "Feature",
      "id": "wb-way-385417118",
      "properties": {
        "osm_id": 385417118,
        "osm_type": "way",
        "name": "Unnamed Pond (wb-way-385417118)",
        "name_ta": "",
        "category": "pond",
        "water_type": "water",
        "latitude": 12.9715388,
        "longitude": 80.0566531,
        "city": "Chennai",
        "state": "Tamil Nadu"
      },
      "geometry": {
        "type": "Point",
        "coordinates": [
          80.0566531,
          12.9715388
        ]
      }
    },
    {
      "type": "Feature",
      "id": "wb-way-385420125",
      "properties": {
        "osm_id": 385420125,
        "osm_type": "way",
        "name": "Unnamed Pond (wb-way-385420125)",
        "name_ta": "",
        "category": "pond",
        "water_type": "pond",
        "latitude": 13.1531974,
        "longitude": 80.0663724,
        "city": "Chennai",
        "state": "Tamil Nadu"
      },
      "geometry": {
        "type": "Point",
        "coordinates": [
          80.0663724,
          13.1531974
        ]
      }
    },
    {
      "type": "Feature",
      "id": "wb-way-385422795",
      "properties": {
        "osm_id": 385422795,
        "osm_type": "way",
        "name": "Unnamed Reservoir (wb-way-385422795)",
        "name_ta": "",
        "category": "reservoir",
        "water_type": "reservoir",
        "latitude": 13.1489661,
        "longitude": 80.0569847,
        "city": "Chennai",
        "state": "Tamil Nadu"
      },
      "geometry": {
        "type": "Point",
        "coordinates": [
          80.0569847,
          13.1489661
        ]
      }
    },
    {
      "type": "Feature",
      "id": "wb-way-385422797",
      "properties": {
        "osm_id": 385422797,
        "osm_type": "way",
        "name": "Unnamed Pond (wb-way-385422797)",
        "name_ta": "",
        "category": "pond",
        "water_type": "pond",
        "latitude": 13.1515915,
        "longitude": 80.0525118,
        "city": "Chennai",
        "state": "Tamil Nadu"
      },
      "geometry": {
        "type": "Point",
        "coordinates": [
          80.0525118,
          13.1515915
        ]
      }
    },
    {
      "type": "Feature",
      "id": "wb-way-385484716",
      "properties": {
        "osm_id": 385484716,
        "osm_type": "way",
        "name": "Unnamed Pond (wb-way-385484716)",
        "name_ta": "",
        "category": "pond",
        "water_type": "pond",
        "latitude": 13.1519661,
        "longitude": 80.0624768,
        "city": "Chennai",
        "state": "Tamil Nadu"
      },
      "geometry": {
        "type": "Point",
        "coordinates": [
          80.0624768,
          13.1519661
        ]
      }
    },
    {
      "type": "Feature",
      "id": "wb-way-385496639",
      "properties": {
        "osm_id": 385496639,
        "osm_type": "way",
        "name": "Unnamed Pond (wb-way-385496639)",
        "name_ta": "",
        "category": "pond",
        "water_type": "pond",
        "latitude": 13.1527353,
        "longitude": 80.0993349,
        "city": "Chennai",
        "state": "Tamil Nadu"
      },
      "geometry": {
        "type": "Point",
        "coordinates": [
          80.0993349,
          13.1527353
        ]
      }
    },
    {
      "type": "Feature",
      "id": "wb-way-385496672",
      "properties": {
        "osm_id": 385496672,
        "osm_type": "way",
        "name": "Unnamed Pond (wb-way-385496672)",
        "name_ta": "",
        "category": "pond",
        "water_type": "pond",
        "latitude": 13.1446489,
        "longitude": 80.1078103,
        "city": "Chennai",
        "state": "Tamil Nadu"
      },
      "geometry": {
        "type": "Point",
        "coordinates": [
          80.1078103,
          13.1446489
        ]
      }
    },
    {
      "type": "Feature",
      "id": "wb-way-385497552",
      "properties": {
        "osm_id": 385497552,
        "osm_type": "way",
        "name": "Unnamed Pond (wb-way-385497552)",
        "name_ta": "",
        "category": "pond",
        "water_type": "pond",
        "latitude": 13.1409487,
        "longitude": 80.1080865,
        "city": "Chennai",
        "state": "Tamil Nadu"
      },
      "geometry": {
        "type": "Point",
        "coordinates": [
          80.1080865,
          13.1409487
        ]
      }
    },
    {
      "type": "Feature",
      "id": "wb-way-385541519",
      "properties": {
        "osm_id": 385541519,
        "osm_type": "way",
        "name": "Unnamed Pond (wb-way-385541519)",
        "name_ta": "",
        "category": "pond",
        "water_type": "pond",
        "latitude": 13.1348107,
        "longitude": 80.1057747,
        "city": "Chennai",
        "state": "Tamil Nadu"
      },
      "geometry": {
        "type": "Point",
        "coordinates": [
          80.1057747,
          13.1348107
        ]
      }
    },
    {
      "type": "Feature",
      "id": "wb-way-385542594",
      "properties": {
        "osm_id": 385542594,
        "osm_type": "way",
        "name": "Unnamed Pond (wb-way-385542594)",
        "name_ta": "",
        "category": "pond",
        "water_type": "pond",
        "latitude": 13.1389911,
        "longitude": 80.1057258,
        "city": "Chennai",
        "state": "Tamil Nadu"
      },
      "geometry": {
        "type": "Point",
        "coordinates": [
          80.1057258,
          13.1389911
        ]
      }
    },
    {
      "type": "Feature",
      "id": "wb-way-385542602",
      "properties": {
        "osm_id": 385542602,
        "osm_type": "way",
        "name": "Unnamed Pond (wb-way-385542602)",
        "name_ta": "",
        "category": "pond",
        "water_type": "pond",
        "latitude": 13.1403494,
        "longitude": 80.1056815,
        "city": "Chennai",
        "state": "Tamil Nadu"
      },
      "geometry": {
        "type": "Point",
        "coordinates": [
          80.1056815,
          13.1403494
        ]
      }
    },
    {
      "type": "Feature",
      "id": "wb-way-385542605",
      "properties": {
        "osm_id": 385542605,
        "osm_type": "way",
        "name": "Unnamed Pond (wb-way-385542605)",
        "name_ta": "",
        "category": "pond",
        "water_type": "pond",
        "latitude": 13.1400765,
        "longitude": 80.1047052,
        "city": "Chennai",
        "state": "Tamil Nadu"
      },
      "geometry": {
        "type": "Point",
        "coordinates": [
          80.1047052,
          13.1400765
        ]
      }
    },
    {
      "type": "Feature",
      "id": "wb-way-385543440",
      "properties": {
        "osm_id": 385543440,
        "osm_type": "way",
        "name": "Unnamed Pond (wb-way-385543440)",
        "name_ta": "",
        "category": "pond",
        "water_type": "pond",
        "latitude": 13.1440205,
        "longitude": 80.1043525,
        "city": "Chennai",
        "state": "Tamil Nadu"
      },
      "geometry": {
        "type": "Point",
        "coordinates": [
          80.1043525,
          13.1440205
        ]
      }
    },
    {
      "type": "Feature",
      "id": "wb-way-385543447",
      "properties": {
        "osm_id": 385543447,
        "osm_type": "way",
        "name": "Unnamed Pond (wb-way-385543447)",
        "name_ta": "",
        "category": "pond",
        "water_type": "pond",
        "latitude": 13.1353879,
        "longitude": 80.1049172,
        "city": "Chennai",
        "state": "Tamil Nadu"
      },
      "geometry": {
        "type": "Point",
        "coordinates": [
          80.1049172,
          13.1353879
        ]
      }
    },
    {
      "type": "Feature",
      "id": "wb-way-385543453",
      "properties": {
        "osm_id": 385543453,
        "osm_type": "way",
        "name": "Unnamed Pond (wb-way-385543453)",
        "name_ta": "",
        "category": "pond",
        "water_type": "pond",
        "latitude": 13.1372738,
        "longitude": 80.1038643,
        "city": "Chennai",
        "state": "Tamil Nadu"
      },
      "geometry": {
        "type": "Point",
        "coordinates": [
          80.1038643,
          13.1372738
        ]
      }
    },
    {
      "type": "Feature",
      "id": "wb-way-385545773",
      "properties": {
        "osm_id": 385545773,
        "osm_type": "way",
        "name": "Unnamed Pond (wb-way-385545773)",
        "name_ta": "",
        "category": "pond",
        "water_type": "pond",
        "latitude": 13.1386137,
        "longitude": 80.0951579,
        "city": "Chennai",
        "state": "Tamil Nadu"
      },
      "geometry": {
        "type": "Point",
        "coordinates": [
          80.0951579,
          13.1386137
        ]
      }
    },
    {
      "type": "Feature",
      "id": "wb-way-385545775",
      "properties": {
        "osm_id": 385545775,
        "osm_type": "way",
        "name": "Unnamed Pond (wb-way-385545775)",
        "name_ta": "",
        "category": "pond",
        "water_type": "pond",
        "latitude": 13.1429079,
        "longitude": 80.0904412,
        "city": "Chennai",
        "state": "Tamil Nadu"
      },
      "geometry": {
        "type": "Point",
        "coordinates": [
          80.0904412,
          13.1429079
        ]
      }
    },
    {
      "type": "Feature",
      "id": "wb-way-385546795",
      "properties": {
        "osm_id": 385546795,
        "osm_type": "way",
        "name": "Unnamed Reservoir (wb-way-385546795)",
        "name_ta": "",
        "category": "reservoir",
        "water_type": "reservoir",
        "latitude": 13.1489332,
        "longitude": 80.1014739,
        "city": "Chennai",
        "state": "Tamil Nadu"
      },
      "geometry": {
        "type": "Point",
        "coordinates": [
          80.1014739,
          13.1489332
        ]
      }
    },
    {
      "type": "Feature",
      "id": "wb-way-385567141",
      "properties": {
        "osm_id": 385567141,
        "osm_type": "way",
        "name": "Unnamed Wetland (wb-way-385567141)",
        "name_ta": "",
        "category": "wetland",
        "water_type": "wetland",
        "latitude": 13.1644387,
        "longitude": 80.1031725,
        "city": "Chennai",
        "state": "Tamil Nadu"
      },
      "geometry": {
        "type": "Point",
        "coordinates": [
          80.1031725,
          13.1644387
        ]
      }
    },
    {
      "type": "Feature",
      "id": "wb-way-385608262",
      "properties": {
        "osm_id": 385608262,
        "osm_type": "way",
        "name": "Unnamed Pond (wb-way-385608262)",
        "name_ta": "",
        "category": "pond",
        "water_type": "pond",
        "latitude": 13.1611836,
        "longitude": 80.1123379,
        "city": "Chennai",
        "state": "Tamil Nadu"
      },
      "geometry": {
        "type": "Point",
        "coordinates": [
          80.1123379,
          13.1611836
        ]
      }
    },
    {
      "type": "Feature",
      "id": "wb-way-385625356",
      "properties": {
        "osm_id": 385625356,
        "osm_type": "way",
        "name": "Unnamed Pond (wb-way-385625356)",
        "name_ta": "",
        "category": "pond",
        "water_type": "pond",
        "latitude": 12.920926,
        "longitude": 80.1566787,
        "city": "Chennai",
        "state": "Tamil Nadu"
      },
      "geometry": {
        "type": "Point",
        "coordinates": [
          80.1566787,
          12.920926
        ]
      }
    },
    {
      "type": "Feature",
      "id": "wb-way-385625844",
      "properties": {
        "osm_id": 385625844,
        "osm_type": "way",
        "name": "Unnamed Pond (wb-way-385625844)",
        "name_ta": "",
        "category": "pond",
        "water_type": "pond",
        "latitude": 12.9367476,
        "longitude": 80.1434579,
        "city": "Chennai",
        "state": "Tamil Nadu"
      },
      "geometry": {
        "type": "Point",
        "coordinates": [
          80.1434579,
          12.9367476
        ]
      }
    },
    {
      "type": "Feature",
      "id": "wb-way-385698697",
      "properties": {
        "osm_id": 385698697,
        "osm_type": "way",
        "name": "Unnamed Pond (wb-way-385698697)",
        "name_ta": "",
        "category": "pond",
        "water_type": "pond",
        "latitude": 13.1167191,
        "longitude": 80.1871842,
        "city": "Chennai",
        "state": "Tamil Nadu"
      },
      "geometry": {
        "type": "Point",
        "coordinates": [
          80.1871842,
          13.1167191
        ]
      }
    },
    {
      "type": "Feature",
      "id": "wb-way-385698711",
      "properties": {
        "osm_id": 385698711,
        "osm_type": "way",
        "name": "Unnamed Pond (wb-way-385698711)",
        "name_ta": "",
        "category": "pond",
        "water_type": "pond",
        "latitude": 13.1149362,
        "longitude": 80.1881978,
        "city": "Chennai",
        "state": "Tamil Nadu"
      },
      "geometry": {
        "type": "Point",
        "coordinates": [
          80.1881978,
          13.1149362
        ]
      }
    },
    {
      "type": "Feature",
      "id": "wb-way-385706159",
      "properties": {
        "osm_id": 385706159,
        "osm_type": "way",
        "name": "Unnamed Pond (wb-way-385706159)",
        "name_ta": "",
        "category": "pond",
        "water_type": "pond",
        "latitude": 13.1323114,
        "longitude": 80.1978146,
        "city": "Chennai",
        "state": "Tamil Nadu"
      },
      "geometry": {
        "type": "Point",
        "coordinates": [
          80.1978146,
          13.1323114
        ]
      }
    },
    {
      "type": "Feature",
      "id": "wb-way-385706160",
      "properties": {
        "osm_id": 385706160,
        "osm_type": "way",
        "name": "Unnamed Pond (wb-way-385706160)",
        "name_ta": "",
        "category": "pond",
        "water_type": "pond",
        "latitude": 13.132971,
        "longitude": 80.1974833,
        "city": "Chennai",
        "state": "Tamil Nadu"
      },
      "geometry": {
        "type": "Point",
        "coordinates": [
          80.1974833,
          13.132971
        ]
      }
    },
    {
      "type": "Feature",
      "id": "wb-way-385707490",
      "properties": {
        "osm_id": 385707490,
        "osm_type": "way",
        "name": "Udayar Palayam Nagar Pond - II",
        "name_ta": "",
        "category": "pond",
        "water_type": "pond",
        "latitude": 13.092155,
        "longitude": 80.1486785,
        "city": "Chennai",
        "state": "Tamil Nadu"
      },
      "geometry": {
        "type": "Point",
        "coordinates": [
          80.1486785,
          13.092155
        ]
      }
    },
    {
      "type": "Feature",
      "id": "wb-way-385708533",
      "properties": {
        "osm_id": 385708533,
        "osm_type": "way",
        "name": "Unnamed Pond (wb-way-385708533)",
        "name_ta": "",
        "category": "pond",
        "water_type": "pond",
        "latitude": 13.10833,
        "longitude": 80.128225,
        "city": "Chennai",
        "state": "Tamil Nadu"
      },
      "geometry": {
        "type": "Point",
        "coordinates": [
          80.128225,
          13.10833
        ]
      }
    },
    {
      "type": "Feature",
      "id": "wb-way-385708837",
      "properties": {
        "osm_id": 385708837,
        "osm_type": "way",
        "name": "Zone Office Pond",
        "name_ta": "",
        "category": "pond",
        "water_type": "pond",
        "latitude": 13.106703,
        "longitude": 80.1541509,
        "city": "Chennai",
        "state": "Tamil Nadu"
      },
      "geometry": {
        "type": "Point",
        "coordinates": [
          80.1541509,
          13.106703
        ]
      }
    },
    {
      "type": "Feature",
      "id": "wb-way-385711964",
      "properties": {
        "osm_id": 385711964,
        "osm_type": "way",
        "name": "Unnamed Pond (wb-way-385711964)",
        "name_ta": "",
        "category": "pond",
        "water_type": "pond",
        "latitude": 13.1052351,
        "longitude": 80.1555444,
        "city": "Chennai",
        "state": "Tamil Nadu"
      },
      "geometry": {
        "type": "Point",
        "coordinates": [
          80.1555444,
          13.1052351
        ]
      }
    },
    {
      "type": "Feature",
      "id": "wb-way-385785249",
      "properties": {
        "osm_id": 385785249,
        "osm_type": "way",
        "name": "Unnamed Pond (wb-way-385785249)",
        "name_ta": "",
        "category": "pond",
        "water_type": "pond",
        "latitude": 12.899578,
        "longitude": 80.1094006,
        "city": "Chennai",
        "state": "Tamil Nadu"
      },
      "geometry": {
        "type": "Point",
        "coordinates": [
          80.1094006,
          12.899578
        ]
      }
    },
    {
      "type": "Feature",
      "id": "wb-way-385786074",
      "properties": {
        "osm_id": 385786074,
        "osm_type": "way",
        "name": "Unnamed Pond (wb-way-385786074)",
        "name_ta": "",
        "category": "pond",
        "water_type": "pond",
        "latitude": 12.900061,
        "longitude": 80.1582853,
        "city": "Chennai",
        "state": "Tamil Nadu"
      },
      "geometry": {
        "type": "Point",
        "coordinates": [
          80.1582853,
          12.900061
        ]
      }
    },
    {
      "type": "Feature",
      "id": "wb-way-385786366",
      "properties": {
        "osm_id": 385786366,
        "osm_type": "way",
        "name": "Vengaivasal Lake",
        "name_ta": "",
        "category": "lake",
        "water_type": "lake",
        "latitude": 12.9177656,
        "longitude": 80.1636984,
        "city": "Chennai",
        "state": "Tamil Nadu"
      },
      "geometry": {
        "type": "Point",
        "coordinates": [
          80.1636984,
          12.9177656
        ]
      }
    },
    {
      "type": "Feature",
      "id": "wb-way-385787493",
      "properties": {
        "osm_id": 385787493,
        "osm_type": "way",
        "name": "Uthu Kulam",
        "name_ta": "",
        "category": "pond",
        "water_type": "pond",
        "latitude": 12.9181794,
        "longitude": 80.202859,
        "city": "Chennai",
        "state": "Tamil Nadu"
      },
      "geometry": {
        "type": "Point",
        "coordinates": [
          80.202859,
          12.9181794
        ]
      }
    },
    {
      "type": "Feature",
      "id": "wb-way-385882919",
      "properties": {
        "osm_id": 385882919,
        "osm_type": "way",
        "name": "Unnamed Pond (wb-way-385882919)",
        "name_ta": "",
        "category": "pond",
        "water_type": "pond",
        "latitude": 13.2171059,
        "longitude": 80.1966432,
        "city": "Chennai",
        "state": "Tamil Nadu"
      },
      "geometry": {
        "type": "Point",
        "coordinates": [
          80.1966432,
          13.2171059
        ]
      }
    },
    {
      "type": "Feature",
      "id": "wb-way-385885894",
      "properties": {
        "osm_id": 385885894,
        "osm_type": "way",
        "name": "Unnamed Lake (wb-way-385885894)",
        "name_ta": "",
        "category": "lake",
        "water_type": "lake",
        "latitude": 13.2076179,
        "longitude": 80.1994396,
        "city": "Chennai",
        "state": "Tamil Nadu"
      },
      "geometry": {
        "type": "Point",
        "coordinates": [
          80.1994396,
          13.2076179
        ]
      }
    },
    {
      "type": "Feature",
      "id": "wb-way-385885895",
      "properties": {
        "osm_id": 385885895,
        "osm_type": "way",
        "name": "Unnamed Pond (wb-way-385885895)",
        "name_ta": "",
        "category": "pond",
        "water_type": "water",
        "latitude": 13.2068213,
        "longitude": 80.2003221,
        "city": "Chennai",
        "state": "Tamil Nadu"
      },
      "geometry": {
        "type": "Point",
        "coordinates": [
          80.2003221,
          13.2068213
        ]
      }
    },
    {
      "type": "Feature",
      "id": "wb-way-385885896",
      "properties": {
        "osm_id": 385885896,
        "osm_type": "way",
        "name": "Unnamed Reservoir (wb-way-385885896)",
        "name_ta": "",
        "category": "reservoir",
        "water_type": "reservoir",
        "latitude": 13.2050912,
        "longitude": 80.1998899,
        "city": "Chennai",
        "state": "Tamil Nadu"
      },
      "geometry": {
        "type": "Point",
        "coordinates": [
          80.1998899,
          13.2050912
        ]
      }
    },
    {
      "type": "Feature",
      "id": "wb-way-385885897",
      "properties": {
        "osm_id": 385885897,
        "osm_type": "way",
        "name": "Unnamed Pond (wb-way-385885897)",
        "name_ta": "",
        "category": "pond",
        "water_type": "water",
        "latitude": 13.2053339,
        "longitude": 80.1990697,
        "city": "Chennai",
        "state": "Tamil Nadu"
      },
      "geometry": {
        "type": "Point",
        "coordinates": [
          80.1990697,
          13.2053339
        ]
      }
    },
    {
      "type": "Feature",
      "id": "wb-way-385885898",
      "properties": {
        "osm_id": 385885898,
        "osm_type": "way",
        "name": "Unnamed Pond (wb-way-385885898)",
        "name_ta": "",
        "category": "pond",
        "water_type": "pond",
        "latitude": 13.2034687,
        "longitude": 80.1995743,
        "city": "Chennai",
        "state": "Tamil Nadu"
      },
      "geometry": {
        "type": "Point",
        "coordinates": [
          80.1995743,
          13.2034687
        ]
      }
    },
    {
      "type": "Feature",
      "id": "wb-way-385885900",
      "properties": {
        "osm_id": 385885900,
        "osm_type": "way",
        "name": "Unnamed Pond (wb-way-385885900)",
        "name_ta": "",
        "category": "pond",
        "water_type": "pond",
        "latitude": 13.2003686,
        "longitude": 80.1970212,
        "city": "Chennai",
        "state": "Tamil Nadu"
      },
      "geometry": {
        "type": "Point",
        "coordinates": [
          80.1970212,
          13.2003686
        ]
      }
    },
    {
      "type": "Feature",
      "id": "wb-way-385885908",
      "properties": {
        "osm_id": 385885908,
        "osm_type": "way",
        "name": "Unnamed Pond (wb-way-385885908)",
        "name_ta": "",
        "category": "pond",
        "water_type": "pond",
        "latitude": 13.1984367,
        "longitude": 80.1986314,
        "city": "Chennai",
        "state": "Tamil Nadu"
      },
      "geometry": {
        "type": "Point",
        "coordinates": [
          80.1986314,
          13.1984367
        ]
      }
    },
    {
      "type": "Feature",
      "id": "wb-way-385921196",
      "properties": {
        "osm_id": 385921196,
        "osm_type": "way",
        "name": "Unnamed Reservoir (wb-way-385921196)",
        "name_ta": "",
        "category": "reservoir",
        "water_type": "reservoir",
        "latitude": 13.2024301,
        "longitude": 80.1945301,
        "city": "Chennai",
        "state": "Tamil Nadu"
      },
      "geometry": {
        "type": "Point",
        "coordinates": [
          80.1945301,
          13.2024301
        ]
      }
    },
    {
      "type": "Feature",
      "id": "wb-way-385922220",
      "properties": {
        "osm_id": 385922220,
        "osm_type": "way",
        "name": "Unnamed Reservoir (wb-way-385922220)",
        "name_ta": "",
        "category": "reservoir",
        "water_type": "reservoir",
        "latitude": 13.2039002,
        "longitude": 80.1939186,
        "city": "Chennai",
        "state": "Tamil Nadu"
      },
      "geometry": {
        "type": "Point",
        "coordinates": [
          80.1939186,
          13.2039002
        ]
      }
    },
    {
      "type": "Feature",
      "id": "wb-way-385922228",
      "properties": {
        "osm_id": 385922228,
        "osm_type": "way",
        "name": "Unnamed Reservoir (wb-way-385922228)",
        "name_ta": "",
        "category": "reservoir",
        "water_type": "reservoir",
        "latitude": 13.2127655,
        "longitude": 80.1883181,
        "city": "Chennai",
        "state": "Tamil Nadu"
      },
      "geometry": {
        "type": "Point",
        "coordinates": [
          80.1883181,
          13.2127655
        ]
      }
    },
    {
      "type": "Feature",
      "id": "wb-way-385922229",
      "properties": {
        "osm_id": 385922229,
        "osm_type": "way",
        "name": "Unnamed Pond (wb-way-385922229)",
        "name_ta": "",
        "category": "pond",
        "water_type": "pond",
        "latitude": 13.2160425,
        "longitude": 80.1945569,
        "city": "Chennai",
        "state": "Tamil Nadu"
      },
      "geometry": {
        "type": "Point",
        "coordinates": [
          80.1945569,
          13.2160425
        ]
      }
    },
    {
      "type": "Feature",
      "id": "wb-way-385960717",
      "properties": {
        "osm_id": 385960717,
        "osm_type": "way",
        "name": "Unnamed Pond (wb-way-385960717)",
        "name_ta": "",
        "category": "pond",
        "water_type": "pond",
        "latitude": 13.1998534,
        "longitude": 80.2010353,
        "city": "Chennai",
        "state": "Tamil Nadu"
      },
      "geometry": {
        "type": "Point",
        "coordinates": [
          80.2010353,
          13.1998534
        ]
      }
    },
    {
      "type": "Feature",
      "id": "wb-way-385960719",
      "properties": {
        "osm_id": 385960719,
        "osm_type": "way",
        "name": "Unnamed Lake (wb-way-385960719)",
        "name_ta": "",
        "category": "lake",
        "water_type": "lake",
        "latitude": 13.2086405,
        "longitude": 80.2039482,
        "city": "Chennai",
        "state": "Tamil Nadu"
      },
      "geometry": {
        "type": "Point",
        "coordinates": [
          80.2039482,
          13.2086405
        ]
      }
    },
    {
      "type": "Feature",
      "id": "wb-way-386174592",
      "properties": {
        "osm_id": 386174592,
        "osm_type": "way",
        "name": "Unnamed Pond (wb-way-386174592)",
        "name_ta": "",
        "category": "pond",
        "water_type": "pond",
        "latitude": 13.198856,
        "longitude": 80.2215018,
        "city": "Chennai",
        "state": "Tamil Nadu"
      },
      "geometry": {
        "type": "Point",
        "coordinates": [
          80.2215018,
          13.198856
        ]
      }
    },
    {
      "type": "Feature",
      "id": "wb-way-386174593",
      "properties": {
        "osm_id": 386174593,
        "osm_type": "way",
        "name": "Unnamed Pond (wb-way-386174593)",
        "name_ta": "",
        "category": "pond",
        "water_type": "pond",
        "latitude": 13.199481,
        "longitude": 80.2207274,
        "city": "Chennai",
        "state": "Tamil Nadu"
      },
      "geometry": {
        "type": "Point",
        "coordinates": [
          80.2207274,
          13.199481
        ]
      }
    },
    {
      "type": "Feature",
      "id": "wb-way-386174602",
      "properties": {
        "osm_id": 386174602,
        "osm_type": "way",
        "name": "Unnamed Pond (wb-way-386174602)",
        "name_ta": "",
        "category": "pond",
        "water_type": "pond",
        "latitude": 13.198053,
        "longitude": 80.2077113,
        "city": "Chennai",
        "state": "Tamil Nadu"
      },
      "geometry": {
        "type": "Point",
        "coordinates": [
          80.2077113,
          13.198053
        ]
      }
    },
    {
      "type": "Feature",
      "id": "wb-way-386174614",
      "properties": {
        "osm_id": 386174614,
        "osm_type": "way",
        "name": "Unnamed Pond (wb-way-386174614)",
        "name_ta": "",
        "category": "pond",
        "water_type": "pond",
        "latitude": 13.20074,
        "longitude": 80.213521,
        "city": "Chennai",
        "state": "Tamil Nadu"
      },
      "geometry": {
        "type": "Point",
        "coordinates": [
          80.213521,
          13.20074
        ]
      }
    },
    {
      "type": "Feature",
      "id": "wb-way-386175569",
      "properties": {
        "osm_id": 386175569,
        "osm_type": "way",
        "name": "Unnamed Pond (wb-way-386175569)",
        "name_ta": "",
        "category": "pond",
        "water_type": "pond",
        "latitude": 13.2026265,
        "longitude": 80.2186104,
        "city": "Chennai",
        "state": "Tamil Nadu"
      },
      "geometry": {
        "type": "Point",
        "coordinates": [
          80.2186104,
          13.2026265
        ]
      }
    },
    {
      "type": "Feature",
      "id": "wb-way-386175570",
      "properties": {
        "osm_id": 386175570,
        "osm_type": "way",
        "name": "Unnamed Pond (wb-way-386175570)",
        "name_ta": "",
        "category": "pond",
        "water_type": "pond",
        "latitude": 13.2026536,
        "longitude": 80.213824,
        "city": "Chennai",
        "state": "Tamil Nadu"
      },
      "geometry": {
        "type": "Point",
        "coordinates": [
          80.213824,
          13.2026536
        ]
      }
    },
    {
      "type": "Feature",
      "id": "wb-way-386175576",
      "properties": {
        "osm_id": 386175576,
        "osm_type": "way",
        "name": "Unnamed Pond (wb-way-386175576)",
        "name_ta": "",
        "category": "pond",
        "water_type": "pond",
        "latitude": 13.2030348,
        "longitude": 80.2107667,
        "city": "Chennai",
        "state": "Tamil Nadu"
      },
      "geometry": {
        "type": "Point",
        "coordinates": [
          80.2107667,
          13.2030348
        ]
      }
    },
    {
      "type": "Feature",
      "id": "wb-way-386175577",
      "properties": {
        "osm_id": 386175577,
        "osm_type": "way",
        "name": "Unnamed Pond (wb-way-386175577)",
        "name_ta": "",
        "category": "pond",
        "water_type": "pond",
        "latitude": 13.2032543,
        "longitude": 80.2101645,
        "city": "Chennai",
        "state": "Tamil Nadu"
      },
      "geometry": {
        "type": "Point",
        "coordinates": [
          80.2101645,
          13.2032543
        ]
      }
    },
    {
      "type": "Feature",
      "id": "wb-way-386177015",
      "properties": {
        "osm_id": 386177015,
        "osm_type": "way",
        "name": "Unnamed Pond (wb-way-386177015)",
        "name_ta": "",
        "category": "pond",
        "water_type": "pond",
        "latitude": 13.2056732,
        "longitude": 80.215252,
        "city": "Chennai",
        "state": "Tamil Nadu"
      },
      "geometry": {
        "type": "Point",
        "coordinates": [
          80.215252,
          13.2056732
        ]
      }
    },
    {
      "type": "Feature",
      "id": "wb-way-386177016",
      "properties": {
        "osm_id": 386177016,
        "osm_type": "way",
        "name": "Unnamed Pond (wb-way-386177016)",
        "name_ta": "",
        "category": "pond",
        "water_type": "pond",
        "latitude": 13.2053801,
        "longitude": 80.2172655,
        "city": "Chennai",
        "state": "Tamil Nadu"
      },
      "geometry": {
        "type": "Point",
        "coordinates": [
          80.2172655,
          13.2053801
        ]
      }
    },
    {
      "type": "Feature",
      "id": "wb-way-386177017",
      "properties": {
        "osm_id": 386177017,
        "osm_type": "way",
        "name": "Unnamed Pond (wb-way-386177017)",
        "name_ta": "",
        "category": "pond",
        "water_type": "pond",
        "latitude": 13.2045186,
        "longitude": 80.2167612,
        "city": "Chennai",
        "state": "Tamil Nadu"
      },
      "geometry": {
        "type": "Point",
        "coordinates": [
          80.2167612,
          13.2045186
        ]
      }
    },
    {
      "type": "Feature",
      "id": "wb-way-386177018",
      "properties": {
        "osm_id": 386177018,
        "osm_type": "way",
        "name": "Unnamed Pond (wb-way-386177018)",
        "name_ta": "",
        "category": "pond",
        "water_type": "pond",
        "latitude": 13.2041787,
        "longitude": 80.2153665,
        "city": "Chennai",
        "state": "Tamil Nadu"
      },
      "geometry": {
        "type": "Point",
        "coordinates": [
          80.2153665,
          13.2041787
        ]
      }
    },
    {
      "type": "Feature",
      "id": "wb-way-386177029",
      "properties": {
        "osm_id": 386177029,
        "osm_type": "way",
        "name": "Unnamed Pond (wb-way-386177029)",
        "name_ta": "",
        "category": "pond",
        "water_type": "pond",
        "latitude": 13.2066461,
        "longitude": 80.2176609,
        "city": "Chennai",
        "state": "Tamil Nadu"
      },
      "geometry": {
        "type": "Point",
        "coordinates": [
          80.2176609,
          13.2066461
        ]
      }
    },
    {
      "type": "Feature",
      "id": "wb-way-386177053",
      "properties": {
        "osm_id": 386177053,
        "osm_type": "way",
        "name": "Unnamed Pond (wb-way-386177053)",
        "name_ta": "",
        "category": "pond",
        "water_type": "pond",
        "latitude": 13.2085399,
        "longitude": 80.2104951,
        "city": "Chennai",
        "state": "Tamil Nadu"
      },
      "geometry": {
        "type": "Point",
        "coordinates": [
          80.2104951,
          13.2085399
        ]
      }
    },
    {
      "type": "Feature",
      "id": "wb-way-386178084",
      "properties": {
        "osm_id": 386178084,
        "osm_type": "way",
        "name": "Unnamed Pond (wb-way-386178084)",
        "name_ta": "",
        "category": "pond",
        "water_type": "pond",
        "latitude": 13.2091999,
        "longitude": 80.2104194,
        "city": "Chennai",
        "state": "Tamil Nadu"
      },
      "geometry": {
        "type": "Point",
        "coordinates": [
          80.2104194,
          13.2091999
        ]
      }
    },
    {
      "type": "Feature",
      "id": "wb-way-386178092",
      "properties": {
        "osm_id": 386178092,
        "osm_type": "way",
        "name": "Unnamed Pond (wb-way-386178092)",
        "name_ta": "",
        "category": "pond",
        "water_type": "pond",
        "latitude": 13.211912,
        "longitude": 80.2037912,
        "city": "Chennai",
        "state": "Tamil Nadu"
      },
      "geometry": {
        "type": "Point",
        "coordinates": [
          80.2037912,
          13.211912
        ]
      }
    },
    {
      "type": "Feature",
      "id": "wb-way-386178101",
      "properties": {
        "osm_id": 386178101,
        "osm_type": "way",
        "name": "Unnamed Pond (wb-way-386178101)",
        "name_ta": "",
        "category": "pond",
        "water_type": "pond",
        "latitude": 13.2126205,
        "longitude": 80.219231,
        "city": "Chennai",
        "state": "Tamil Nadu"
      },
      "geometry": {
        "type": "Point",
        "coordinates": [
          80.219231,
          13.2126205
        ]
      }
    },
    {
      "type": "Feature",
      "id": "wb-way-386178107",
      "properties": {
        "osm_id": 386178107,
        "osm_type": "way",
        "name": "Unnamed Pond (wb-way-386178107)",
        "name_ta": "",
        "category": "pond",
        "water_type": "pond",
        "latitude": 13.2165149,
        "longitude": 80.2005188,
        "city": "Chennai",
        "state": "Tamil Nadu"
      },
      "geometry": {
        "type": "Point",
        "coordinates": [
          80.2005188,
          13.2165149
        ]
      }
    },
    {
      "type": "Feature",
      "id": "wb-way-386193730",
      "properties": {
        "osm_id": 386193730,
        "osm_type": "way",
        "name": "Kamarajapuram Pond",
        "name_ta": "",
        "category": "pond",
        "water_type": "pond",
        "latitude": 13.1933493,
        "longitude": 80.2612826,
        "city": "Chennai",
        "state": "Tamil Nadu"
      },
      "geometry": {
        "type": "Point",
        "coordinates": [
          80.2612826,
          13.1933493
        ]
      }
    },
    {
      "type": "Feature",
      "id": "wb-way-386240169",
      "properties": {
        "osm_id": 386240169,
        "osm_type": "way",
        "name": "Unnamed Pond (wb-way-386240169)",
        "name_ta": "",
        "category": "pond",
        "water_type": "pond",
        "latitude": 13.1651499,
        "longitude": 80.115145,
        "city": "Chennai",
        "state": "Tamil Nadu"
      },
      "geometry": {
        "type": "Point",
        "coordinates": [
          80.115145,
          13.1651499
        ]
      }
    },
    {
      "type": "Feature",
      "id": "wb-way-386241734",
      "properties": {
        "osm_id": 386241734,
        "osm_type": "way",
        "name": "Unnamed Pond (wb-way-386241734)",
        "name_ta": "",
        "category": "pond",
        "water_type": "pond",
        "latitude": 13.1631154,
        "longitude": 80.1172318,
        "city": "Chennai",
        "state": "Tamil Nadu"
      },
      "geometry": {
        "type": "Point",
        "coordinates": [
          80.1172318,
          13.1631154
        ]
      }
    },
    {
      "type": "Feature",
      "id": "wb-way-386241735",
      "properties": {
        "osm_id": 386241735,
        "osm_type": "way",
        "name": "Unnamed Pond (wb-way-386241735)",
        "name_ta": "",
        "category": "pond",
        "water_type": "pond",
        "latitude": 13.1633558,
        "longitude": 80.1180605,
        "city": "Chennai",
        "state": "Tamil Nadu"
      },
      "geometry": {
        "type": "Point",
        "coordinates": [
          80.1180605,
          13.1633558
        ]
      }
    },
    {
      "type": "Feature",
      "id": "wb-way-386241736",
      "properties": {
        "osm_id": 386241736,
        "osm_type": "way",
        "name": "Unnamed Pond (wb-way-386241736)",
        "name_ta": "",
        "category": "pond",
        "water_type": "pond",
        "latitude": 13.1623293,
        "longitude": 80.1162125,
        "city": "Chennai",
        "state": "Tamil Nadu"
      },
      "geometry": {
        "type": "Point",
        "coordinates": [
          80.1162125,
          13.1623293
        ]
      }
    },
    {
      "type": "Feature",
      "id": "wb-way-386241737",
      "properties": {
        "osm_id": 386241737,
        "osm_type": "way",
        "name": "Unnamed Pond (wb-way-386241737)",
        "name_ta": "",
        "category": "pond",
        "water_type": "pond",
        "latitude": 13.1634263,
        "longitude": 80.119466,
        "city": "Chennai",
        "state": "Tamil Nadu"
      },
      "geometry": {
        "type": "Point",
        "coordinates": [
          80.119466,
          13.1634263
        ]
      }
    },
    {
      "type": "Feature",
      "id": "wb-way-386241738",
      "properties": {
        "osm_id": 386241738,
        "osm_type": "way",
        "name": "Unnamed Pond (wb-way-386241738)",
        "name_ta": "",
        "category": "pond",
        "water_type": "pond",
        "latitude": 13.1640009,
        "longitude": 80.1192541,
        "city": "Chennai",
        "state": "Tamil Nadu"
      },
      "geometry": {
        "type": "Point",
        "coordinates": [
          80.1192541,
          13.1640009
        ]
      }
    },
    {
      "type": "Feature",
      "id": "wb-way-386241755",
      "properties": {
        "osm_id": 386241755,
        "osm_type": "way",
        "name": "Unnamed Pond (wb-way-386241755)",
        "name_ta": "",
        "category": "pond",
        "water_type": "pond",
        "latitude": 13.1622483,
        "longitude": 80.1139272,
        "city": "Chennai",
        "state": "Tamil Nadu"
      },
      "geometry": {
        "type": "Point",
        "coordinates": [
          80.1139272,
          13.1622483
        ]
      }
    },
    {
      "type": "Feature",
      "id": "wb-way-386241791",
      "properties": {
        "osm_id": 386241791,
        "osm_type": "way",
        "name": "Unnamed Pond (wb-way-386241791)",
        "name_ta": "",
        "category": "pond",
        "water_type": "pond",
        "latitude": 13.1564554,
        "longitude": 80.1192327,
        "city": "Chennai",
        "state": "Tamil Nadu"
      },
      "geometry": {
        "type": "Point",
        "coordinates": [
          80.1192327,
          13.1564554
        ]
      }
    },
    {
      "type": "Feature",
      "id": "wb-way-386241803",
      "properties": {
        "osm_id": 386241803,
        "osm_type": "way",
        "name": "Unnamed Pond (wb-way-386241803)",
        "name_ta": "",
        "category": "pond",
        "water_type": "pond",
        "latitude": 13.1584221,
        "longitude": 80.1227168,
        "city": "Chennai",
        "state": "Tamil Nadu"
      },
      "geometry": {
        "type": "Point",
        "coordinates": [
          80.1227168,
          13.1584221
        ]
      }
    },
    {
      "type": "Feature",
      "id": "wb-way-386241806",
      "properties": {
        "osm_id": 386241806,
        "osm_type": "way",
        "name": "Unnamed Pond (wb-way-386241806)",
        "name_ta": "",
        "category": "pond",
        "water_type": "pond",
        "latitude": 13.1602713,
        "longitude": 80.1191065,
        "city": "Chennai",
        "state": "Tamil Nadu"
      },
      "geometry": {
        "type": "Point",
        "coordinates": [
          80.1191065,
          13.1602713
        ]
      }
    },
    {
      "type": "Feature",
      "id": "wb-way-386242730",
      "properties": {
        "osm_id": 386242730,
        "osm_type": "way",
        "name": "Unnamed Pond (wb-way-386242730)",
        "name_ta": "",
        "category": "pond",
        "water_type": "pond",
        "latitude": 13.1573852,
        "longitude": 80.124825,
        "city": "Chennai",
        "state": "Tamil Nadu"
      },
      "geometry": {
        "type": "Point",
        "coordinates": [
          80.124825,
          13.1573852
        ]
      }
    },
    {
      "type": "Feature",
      "id": "wb-way-386242739",
      "properties": {
        "osm_id": 386242739,
        "osm_type": "way",
        "name": "Unnamed Pond (wb-way-386242739)",
        "name_ta": "",
        "category": "pond",
        "water_type": "pond",
        "latitude": 13.1627401,
        "longitude": 80.124623,
        "city": "Chennai",
        "state": "Tamil Nadu"
      },
      "geometry": {
        "type": "Point",
        "coordinates": [
          80.124623,
          13.1627401
        ]
      }
    },
    {
      "type": "Feature",
      "id": "wb-way-386242740",
      "properties": {
        "osm_id": 386242740,
        "osm_type": "way",
        "name": "Unnamed Pond (wb-way-386242740)",
        "name_ta": "",
        "category": "pond",
        "water_type": "pond",
        "latitude": 13.1626442,
        "longitude": 80.1244126,
        "city": "Chennai",
        "state": "Tamil Nadu"
      },
      "geometry": {
        "type": "Point",
        "coordinates": [
          80.1244126,
          13.1626442
        ]
      }
    },
    {
      "type": "Feature",
      "id": "wb-way-386393827",
      "properties": {
        "osm_id": 386393827,
        "osm_type": "way",
        "name": "Unnamed Lake (wb-way-386393827)",
        "name_ta": "",
        "category": "lake",
        "water_type": "lake",
        "latitude": 13.1440987,
        "longitude": 80.1842812,
        "city": "Chennai",
        "state": "Tamil Nadu"
      },
      "geometry": {
        "type": "Point",
        "coordinates": [
          80.1842812,
          13.1440987
        ]
      }
    },
    {
      "type": "Feature",
      "id": "wb-way-388923026",
      "properties": {
        "osm_id": 388923026,
        "osm_type": "way",
        "name": "Unnamed Pond (wb-way-388923026)",
        "name_ta": "",
        "category": "pond",
        "water_type": "pond",
        "latitude": 13.235827,
        "longitude": 80.2265161,
        "city": "Chennai",
        "state": "Tamil Nadu"
      },
      "geometry": {
        "type": "Point",
        "coordinates": [
          80.2265161,
          13.235827
        ]
      }
    },
    {
      "type": "Feature",
      "id": "wb-way-389023250",
      "properties": {
        "osm_id": 389023250,
        "osm_type": "way",
        "name": "Unnamed Pond (wb-way-389023250)",
        "name_ta": "",
        "category": "pond",
        "water_type": "pond",
        "latitude": 13.2312044,
        "longitude": 80.2306303,
        "city": "Chennai",
        "state": "Tamil Nadu"
      },
      "geometry": {
        "type": "Point",
        "coordinates": [
          80.2306303,
          13.2312044
        ]
      }
    },
    {
      "type": "Feature",
      "id": "wb-way-389023251",
      "properties": {
        "osm_id": 389023251,
        "osm_type": "way",
        "name": "Unnamed Pond (wb-way-389023251)",
        "name_ta": "",
        "category": "pond",
        "water_type": "pond",
        "latitude": 13.2325951,
        "longitude": 80.2299695,
        "city": "Chennai",
        "state": "Tamil Nadu"
      },
      "geometry": {
        "type": "Point",
        "coordinates": [
          80.2299695,
          13.2325951
        ]
      }
    },
    {
      "type": "Feature",
      "id": "wb-way-389023987",
      "properties": {
        "osm_id": 389023987,
        "osm_type": "way",
        "name": "Unnamed Pond (wb-way-389023987)",
        "name_ta": "",
        "category": "pond",
        "water_type": "pond",
        "latitude": 13.2325616,
        "longitude": 80.237857,
        "city": "Chennai",
        "state": "Tamil Nadu"
      },
      "geometry": {
        "type": "Point",
        "coordinates": [
          80.237857,
          13.2325616
        ]
      }
    },
    {
      "type": "Feature",
      "id": "wb-way-389024155",
      "properties": {
        "osm_id": 389024155,
        "osm_type": "way",
        "name": "Unnamed Pond (wb-way-389024155)",
        "name_ta": "",
        "category": "pond",
        "water_type": "pond",
        "latitude": 13.2207058,
        "longitude": 80.223012,
        "city": "Chennai",
        "state": "Tamil Nadu"
      },
      "geometry": {
        "type": "Point",
        "coordinates": [
          80.223012,
          13.2207058
        ]
      }
    },
    {
      "type": "Feature",
      "id": "wb-way-389024511",
      "properties": {
        "osm_id": 389024511,
        "osm_type": "way",
        "name": "Unnamed Pond (wb-way-389024511)",
        "name_ta": "",
        "category": "pond",
        "water_type": "pond",
        "latitude": 13.2324659,
        "longitude": 80.2313671,
        "city": "Chennai",
        "state": "Tamil Nadu"
      },
      "geometry": {
        "type": "Point",
        "coordinates": [
          80.2313671,
          13.2324659
        ]
      }
    },
    {
      "type": "Feature",
      "id": "wb-way-389024516",
      "properties": {
        "osm_id": 389024516,
        "osm_type": "way",
        "name": "Unnamed Pond (wb-way-389024516)",
        "name_ta": "",
        "category": "pond",
        "water_type": "pond",
        "latitude": 13.2377844,
        "longitude": 80.2266948,
        "city": "Chennai",
        "state": "Tamil Nadu"
      },
      "geometry": {
        "type": "Point",
        "coordinates": [
          80.2266948,
          13.2377844
        ]
      }
    },
    {
      "type": "Feature",
      "id": "wb-way-389024819",
      "properties": {
        "osm_id": 389024819,
        "osm_type": "way",
        "name": "Unnamed Reservoir (wb-way-389024819)",
        "name_ta": "",
        "category": "reservoir",
        "water_type": "reservoir",
        "latitude": 12.940641,
        "longitude": 80.2394006,
        "city": "Chennai",
        "state": "Tamil Nadu"
      },
      "geometry": {
        "type": "Point",
        "coordinates": [
          80.2394006,
          12.940641
        ]
      }
    },
    {
      "type": "Feature",
      "id": "wb-way-389025497",
      "properties": {
        "osm_id": 389025497,
        "osm_type": "way",
        "name": "Unnamed Pond (wb-way-389025497)",
        "name_ta": "",
        "category": "pond",
        "water_type": "pond",
        "latitude": 12.9608532,
        "longitude": 80.2356789,
        "city": "Chennai",
        "state": "Tamil Nadu"
      },
      "geometry": {
        "type": "Point",
        "coordinates": [
          80.2356789,
          12.9608532
        ]
      }
    },
    {
      "type": "Feature",
      "id": "wb-way-389025498",
      "properties": {
        "osm_id": 389025498,
        "osm_type": "way",
        "name": "Kilangal Kulam",
        "name_ta": "",
        "category": "pond",
        "water_type": "pond",
        "latitude": 12.9589469,
        "longitude": 80.2329822,
        "city": "Chennai",
        "state": "Tamil Nadu"
      },
      "geometry": {
        "type": "Point",
        "coordinates": [
          80.2329822,
          12.9589469
        ]
      }
    },
    {
      "type": "Feature",
      "id": "wb-way-389427335",
      "properties": {
        "osm_id": 389427335,
        "osm_type": "way",
        "name": "Unnamed Pond (wb-way-389427335)",
        "name_ta": "",
        "category": "pond",
        "water_type": "pond",
        "latitude": 12.9416099,
        "longitude": 80.2512653,
        "city": "Chennai",
        "state": "Tamil Nadu"
      },
      "geometry": {
        "type": "Point",
        "coordinates": [
          80.2512653,
          12.9416099
        ]
      }
    },
    {
      "type": "Feature",
      "id": "wb-way-389427336",
      "properties": {
        "osm_id": 389427336,
        "osm_type": "way",
        "name": "Unnamed Pond (wb-way-389427336)",
        "name_ta": "",
        "category": "pond",
        "water_type": "pond",
        "latitude": 12.9411949,
        "longitude": 80.2483379,
        "city": "Chennai",
        "state": "Tamil Nadu"
      },
      "geometry": {
        "type": "Point",
        "coordinates": [
          80.2483379,
          12.9411949
        ]
      }
    },
    {
      "type": "Feature",
      "id": "wb-way-389427342",
      "properties": {
        "osm_id": 389427342,
        "osm_type": "way",
        "name": "Mangeni Kulam",
        "name_ta": "",
        "category": "pond",
        "water_type": "pond",
        "latitude": 12.9516068,
        "longitude": 80.2528995,
        "city": "Chennai",
        "state": "Tamil Nadu"
      },
      "geometry": {
        "type": "Point",
        "coordinates": [
          80.2528995,
          12.9516068
        ]
      }
    },
    {
      "type": "Feature",
      "id": "wb-way-389427343",
      "properties": {
        "osm_id": 389427343,
        "osm_type": "way",
        "name": "Unnamed Pond (wb-way-389427343)",
        "name_ta": "",
        "category": "pond",
        "water_type": "pond",
        "latitude": 12.9487768,
        "longitude": 80.2504917,
        "city": "Chennai",
        "state": "Tamil Nadu"
      },
      "geometry": {
        "type": "Point",
        "coordinates": [
          80.2504917,
          12.9487768
        ]
      }
    },
    {
      "type": "Feature",
      "id": "wb-way-389427344",
      "properties": {
        "osm_id": 389427344,
        "osm_type": "way",
        "name": "Unnamed Pond (wb-way-389427344)",
        "name_ta": "",
        "category": "pond",
        "water_type": "pond",
        "latitude": 12.9487686,
        "longitude": 80.2499193,
        "city": "Chennai",
        "state": "Tamil Nadu"
      },
      "geometry": {
        "type": "Point",
        "coordinates": [
          80.2499193,
          12.9487686
        ]
      }
    },
    {
      "type": "Feature",
      "id": "wb-way-389427829",
      "properties": {
        "osm_id": 389427829,
        "osm_type": "way",
        "name": "Unnamed Pond (wb-way-389427829)",
        "name_ta": "",
        "category": "pond",
        "water_type": "pond",
        "latitude": 12.9516001,
        "longitude": 80.2459463,
        "city": "Chennai",
        "state": "Tamil Nadu"
      },
      "geometry": {
        "type": "Point",
        "coordinates": [
          80.2459463,
          12.9516001
        ]
      }
    },
    {
      "type": "Feature",
      "id": "wb-way-389428126",
      "properties": {
        "osm_id": 389428126,
        "osm_type": "way",
        "name": "Unnamed Pond (wb-way-389428126)",
        "name_ta": "",
        "category": "pond",
        "water_type": "pond",
        "latitude": 12.9514667,
        "longitude": 80.2505921,
        "city": "Chennai",
        "state": "Tamil Nadu"
      },
      "geometry": {
        "type": "Point",
        "coordinates": [
          80.2505921,
          12.9514667
        ]
      }
    },
    {
      "type": "Feature",
      "id": "wb-way-389428129",
      "properties": {
        "osm_id": 389428129,
        "osm_type": "way",
        "name": "Unnamed Pond (wb-way-389428129)",
        "name_ta": "",
        "category": "pond",
        "water_type": "pond",
        "latitude": 12.9476479,
        "longitude": 80.2535735,
        "city": "Chennai",
        "state": "Tamil Nadu"
      },
      "geometry": {
        "type": "Point",
        "coordinates": [
          80.2535735,
          12.9476479
        ]
      }
    },
    {
      "type": "Feature",
      "id": "wb-way-389428130",
      "properties": {
        "osm_id": 389428130,
        "osm_type": "way",
        "name": "Vannan Kulam",
        "name_ta": "",
        "category": "pond",
        "water_type": "pond",
        "latitude": 12.9465834,
        "longitude": 80.2533518,
        "city": "Chennai",
        "state": "Tamil Nadu"
      },
      "geometry": {
        "type": "Point",
        "coordinates": [
          80.2533518,
          12.9465834
        ]
      }
    },
    {
      "type": "Feature",
      "id": "wb-way-395753069",
      "properties": {
        "osm_id": 395753069,
        "osm_type": "way",
        "name": "Thandurai Pond Lake",
        "name_ta": "",
        "category": "lake",
        "water_type": "pond",
        "latitude": 13.1100197,
        "longitude": 80.060592,
        "city": "Chennai",
        "state": "Tamil Nadu"
      },
      "geometry": {
        "type": "Point",
        "coordinates": [
          80.060592,
          13.1100197
        ]
      }
    },
    {
      "type": "Feature",
      "id": "wb-way-438356563",
      "properties": {
        "osm_id": 438356563,
        "osm_type": "way",
        "name": "Periyakeni Kulam",
        "name_ta": "",
        "category": "lake",
        "water_type": "pond",
        "latitude": 12.9204493,
        "longitude": 80.2495206,
        "city": "Chennai",
        "state": "Tamil Nadu"
      },
      "geometry": {
        "type": "Point",
        "coordinates": [
          80.2495206,
          12.9204493
        ]
      }
    },
    {
      "type": "Feature",
      "id": "wb-way-442874728",
      "properties": {
        "osm_id": 442874728,
        "osm_type": "way",
        "name": "Unnamed Pond (wb-way-442874728)",
        "name_ta": "",
        "category": "pond",
        "water_type": "water",
        "latitude": 12.9081981,
        "longitude": 80.2347715,
        "city": "Chennai",
        "state": "Tamil Nadu"
      },
      "geometry": {
        "type": "Point",
        "coordinates": [
          80.2347715,
          12.9081981
        ]
      }
    },
    {
      "type": "Feature",
      "id": "wb-way-442874729",
      "properties": {
        "osm_id": 442874729,
        "osm_type": "way",
        "name": "Unnamed Pond (wb-way-442874729)",
        "name_ta": "",
        "category": "pond",
        "water_type": "water",
        "latitude": 12.9054706,
        "longitude": 80.2342331,
        "city": "Chennai",
        "state": "Tamil Nadu"
      },
      "geometry": {
        "type": "Point",
        "coordinates": [
          80.2342331,
          12.9054706
        ]
      }
    },
    {
      "type": "Feature",
      "id": "wb-way-442879145",
      "properties": {
        "osm_id": 442879145,
        "osm_type": "way",
        "name": "Unnamed Basin (wb-way-442879145)",
        "name_ta": "",
        "category": "basin",
        "water_type": "basin",
        "latitude": 12.9122117,
        "longitude": 80.2336275,
        "city": "Chennai",
        "state": "Tamil Nadu"
      },
      "geometry": {
        "type": "Point",
        "coordinates": [
          80.2336275,
          12.9122117
        ]
      }
    },
    {
      "type": "Feature",
      "id": "wb-way-442879146",
      "properties": {
        "osm_id": 442879146,
        "osm_type": "way",
        "name": "Unnamed Reservoir (wb-way-442879146)",
        "name_ta": "",
        "category": "reservoir",
        "water_type": "reservoir",
        "latitude": 12.9099597,
        "longitude": 80.2339458,
        "city": "Chennai",
        "state": "Tamil Nadu"
      },
      "geometry": {
        "type": "Point",
        "coordinates": [
          80.2339458,
          12.9099597
        ]
      }
    },
    {
      "type": "Feature",
      "id": "wb-way-442879147",
      "properties": {
        "osm_id": 442879147,
        "osm_type": "way",
        "name": "Unnamed Basin (wb-way-442879147)",
        "name_ta": "",
        "category": "basin",
        "water_type": "basin",
        "latitude": 12.9014276,
        "longitude": 80.2345534,
        "city": "Chennai",
        "state": "Tamil Nadu"
      },
      "geometry": {
        "type": "Point",
        "coordinates": [
          80.2345534,
          12.9014276
        ]
      }
    },
    {
      "type": "Feature",
      "id": "wb-way-459809120",
      "properties": {
        "osm_id": 459809120,
        "osm_type": "way",
        "name": "Unnamed Pond (wb-way-459809120)",
        "name_ta": "",
        "category": "pond",
        "water_type": "pond",
        "latitude": 13.0505959,
        "longitude": 80.2506919,
        "city": "Chennai",
        "state": "Tamil Nadu"
      },
      "geometry": {
        "type": "Point",
        "coordinates": [
          80.2506919,
          13.0505959
        ]
      }
    },
    {
      "type": "Feature",
      "id": "wb-way-459809124",
      "properties": {
        "osm_id": 459809124,
        "osm_type": "way",
        "name": "Unnamed Pond (wb-way-459809124)",
        "name_ta": "",
        "category": "pond",
        "water_type": "pond",
        "latitude": 13.051423,
        "longitude": 80.2512715,
        "city": "Chennai",
        "state": "Tamil Nadu"
      },
      "geometry": {
        "type": "Point",
        "coordinates": [
          80.2512715,
          13.051423
        ]
      }
    },
    {
      "type": "Feature",
      "id": "wb-way-462707034",
      "properties": {
        "osm_id": 462707034,
        "osm_type": "way",
        "name": "Unnamed Pond (wb-way-462707034)",
        "name_ta": "",
        "category": "pond",
        "water_type": "pond",
        "latitude": 13.0167222,
        "longitude": 80.1917276,
        "city": "Chennai",
        "state": "Tamil Nadu"
      },
      "geometry": {
        "type": "Point",
        "coordinates": [
          80.1917276,
          13.0167222
        ]
      }
    },
    {
      "type": "Feature",
      "id": "wb-way-469943984",
      "properties": {
        "osm_id": 469943984,
        "osm_type": "way",
        "name": "Unnamed Pond (wb-way-469943984)",
        "name_ta": "",
        "category": "pond",
        "water_type": "pond",
        "latitude": 13.1234947,
        "longitude": 80.2659695,
        "city": "Chennai",
        "state": "Tamil Nadu"
      },
      "geometry": {
        "type": "Point",
        "coordinates": [
          80.2659695,
          13.1234947
        ]
      }
    },
    {
      "type": "Feature",
      "id": "wb-way-479690974",
      "properties": {
        "osm_id": 479690974,
        "osm_type": "way",
        "name": "MF sanskriti",
        "name_ta": "",
        "category": "pond",
        "water_type": "pond",
        "latitude": 12.9406873,
        "longitude": 80.2160049,
        "city": "Chennai",
        "state": "Tamil Nadu"
      },
      "geometry": {
        "type": "Point",
        "coordinates": [
          80.2160049,
          12.9406873
        ]
      }
    },
    {
      "type": "Feature",
      "id": "wb-way-479690975",
      "properties": {
        "osm_id": 479690975,
        "osm_type": "way",
        "name": "Swamp",
        "name_ta": "",
        "category": "wetland",
        "water_type": "wetland",
        "latitude": 12.9404958,
        "longitude": 80.2158798,
        "city": "Chennai",
        "state": "Tamil Nadu"
      },
      "geometry": {
        "type": "Point",
        "coordinates": [
          80.2158798,
          12.9404958
        ]
      }
    },
    {
      "type": "Feature",
      "id": "wb-way-479690978",
      "properties": {
        "osm_id": 479690978,
        "osm_type": "way",
        "name": "Niot",
        "name_ta": "",
        "category": "pond",
        "water_type": "pond",
        "latitude": 12.9469233,
        "longitude": 80.2112207,
        "city": "Chennai",
        "state": "Tamil Nadu"
      },
      "geometry": {
        "type": "Point",
        "coordinates": [
          80.2112207,
          12.9469233
        ]
      }
    },
    {
      "type": "Feature",
      "id": "wb-way-480222397",
      "properties": {
        "osm_id": 480222397,
        "osm_type": "way",
        "name": "Unnamed Pond (wb-way-480222397)",
        "name_ta": "",
        "category": "pond",
        "water_type": "water",
        "latitude": 12.9144103,
        "longitude": 80.2297742,
        "city": "Chennai",
        "state": "Tamil Nadu"
      },
      "geometry": {
        "type": "Point",
        "coordinates": [
          80.2297742,
          12.9144103
        ]
      }
    },
    {
      "type": "Feature",
      "id": "wb-way-480348830",
      "properties": {
        "osm_id": 480348830,
        "osm_type": "way",
        "name": "Unnamed Pond (wb-way-480348830)",
        "name_ta": "",
        "category": "pond",
        "water_type": "pond",
        "latitude": 12.9114806,
        "longitude": 80.2296601,
        "city": "Chennai",
        "state": "Tamil Nadu"
      },
      "geometry": {
        "type": "Point",
        "coordinates": [
          80.2296601,
          12.9114806
        ]
      }
    },
    {
      "type": "Feature",
      "id": "wb-way-482969237",
      "properties": {
        "osm_id": 482969237,
        "osm_type": "way",
        "name": "Unnamed Pond (wb-way-482969237)",
        "name_ta": "",
        "category": "pond",
        "water_type": "pond",
        "latitude": 13.0475531,
        "longitude": 80.0992455,
        "city": "Chennai",
        "state": "Tamil Nadu"
      },
      "geometry": {
        "type": "Point",
        "coordinates": [
          80.0992455,
          13.0475531
        ]
      }
    },
    {
      "type": "Feature",
      "id": "wb-way-490995272",
      "properties": {
        "osm_id": 490995272,
        "osm_type": "way",
        "name": "Chanthira Sekaran Avenue Lake",
        "name_ta": "",
        "category": "lake",
        "water_type": "lake",
        "latitude": 12.9323354,
        "longitude": 80.2316534,
        "city": "Chennai",
        "state": "Tamil Nadu"
      },
      "geometry": {
        "type": "Point",
        "coordinates": [
          80.2316534,
          12.9323354
        ]
      }
    },
    {
      "type": "Feature",
      "id": "wb-way-540171888",
      "properties": {
        "osm_id": 540171888,
        "osm_type": "way",
        "name": "Unnamed Pond (wb-way-540171888)",
        "name_ta": "",
        "category": "pond",
        "water_type": "pond",
        "latitude": 12.9360242,
        "longitude": 80.1588626,
        "city": "Chennai",
        "state": "Tamil Nadu"
      },
      "geometry": {
        "type": "Point",
        "coordinates": [
          80.1588626,
          12.9360242
        ]
      }
    },
    {
      "type": "Feature",
      "id": "wb-way-540336526",
      "properties": {
        "osm_id": 540336526,
        "osm_type": "way",
        "name": "Unnamed Pond (wb-way-540336526)",
        "name_ta": "",
        "category": "pond",
        "water_type": "pond",
        "latitude": 13.1180707,
        "longitude": 80.0799354,
        "city": "Chennai",
        "state": "Tamil Nadu"
      },
      "geometry": {
        "type": "Point",
        "coordinates": [
          80.0799354,
          13.1180707
        ]
      }
    },
    {
      "type": "Feature",
      "id": "wb-way-540377381",
      "properties": {
        "osm_id": 540377381,
        "osm_type": "way",
        "name": "Pattabiram Pond",
        "name_ta": "",
        "category": "pond",
        "water_type": "pond",
        "latitude": 13.1202028,
        "longitude": 80.0651507,
        "city": "Chennai",
        "state": "Tamil Nadu"
      },
      "geometry": {
        "type": "Point",
        "coordinates": [
          80.0651507,
          13.1202028
        ]
      }
    },
    {
      "type": "Feature",
      "id": "wb-way-544501046",
      "properties": {
        "osm_id": 544501046,
        "osm_type": "way",
        "name": "Perungudi Panchayat Pond",
        "name_ta": "",
        "category": "pond",
        "water_type": "pond",
        "latitude": 12.9562073,
        "longitude": 80.2398313,
        "city": "Chennai",
        "state": "Tamil Nadu"
      },
      "geometry": {
        "type": "Point",
        "coordinates": [
          80.2398313,
          12.9562073
        ]
      }
    },
    {
      "type": "Feature",
      "id": "wb-way-554596475",
      "properties": {
        "osm_id": 554596475,
        "osm_type": "way",
        "name": "Sathya lake",
        "name_ta": "",
        "category": "lake",
        "water_type": "lake",
        "latitude": 13.0927392,
        "longitude": 80.1762831,
        "city": "Chennai",
        "state": "Tamil Nadu"
      },
      "geometry": {
        "type": "Point",
        "coordinates": [
          80.1762831,
          13.0927392
        ]
      }
    },
    {
      "type": "Feature",
      "id": "wb-way-554923682",
      "properties": {
        "osm_id": 554923682,
        "osm_type": "way",
        "name": "Unnamed Basin (wb-way-554923682)",
        "name_ta": "",
        "category": "basin",
        "water_type": "basin",
        "latitude": 13.0905954,
        "longitude": 80.2357842,
        "city": "Chennai",
        "state": "Tamil Nadu"
      },
      "geometry": {
        "type": "Point",
        "coordinates": [
          80.2357842,
          13.0905954
        ]
      }
    },
    {
      "type": "Feature",
      "id": "wb-way-554923683",
      "properties": {
        "osm_id": 554923683,
        "osm_type": "way",
        "name": "Unnamed Basin (wb-way-554923683)",
        "name_ta": "",
        "category": "basin",
        "water_type": "basin",
        "latitude": 13.0906917,
        "longitude": 80.2350657,
        "city": "Chennai",
        "state": "Tamil Nadu"
      },
      "geometry": {
        "type": "Point",
        "coordinates": [
          80.2350657,
          13.0906917
        ]
      }
    },
    {
      "type": "Feature",
      "id": "wb-way-554923684",
      "properties": {
        "osm_id": 554923684,
        "osm_type": "way",
        "name": "Unnamed Basin (wb-way-554923684)",
        "name_ta": "",
        "category": "basin",
        "water_type": "basin",
        "latitude": 13.0919878,
        "longitude": 80.2349141,
        "city": "Chennai",
        "state": "Tamil Nadu"
      },
      "geometry": {
        "type": "Point",
        "coordinates": [
          80.2349141,
          13.0919878
        ]
      }
    },
    {
      "type": "Feature",
      "id": "wb-way-554923685",
      "properties": {
        "osm_id": 554923685,
        "osm_type": "way",
        "name": "Unnamed Basin (wb-way-554923685)",
        "name_ta": "",
        "category": "basin",
        "water_type": "basin",
        "latitude": 13.0924788,
        "longitude": 80.2349703,
        "city": "Chennai",
        "state": "Tamil Nadu"
      },
      "geometry": {
        "type": "Point",
        "coordinates": [
          80.2349703,
          13.0924788
        ]
      }
    },
    {
      "type": "Feature",
      "id": "wb-way-554923686",
      "properties": {
        "osm_id": 554923686,
        "osm_type": "way",
        "name": "Unnamed Basin (wb-way-554923686)",
        "name_ta": "",
        "category": "basin",
        "water_type": "basin",
        "latitude": 13.091824,
        "longitude": 80.2328284,
        "city": "Chennai",
        "state": "Tamil Nadu"
      },
      "geometry": {
        "type": "Point",
        "coordinates": [
          80.2328284,
          13.091824
        ]
      }
    },
    {
      "type": "Feature",
      "id": "wb-way-554923687",
      "properties": {
        "osm_id": 554923687,
        "osm_type": "way",
        "name": "Unnamed Basin (wb-way-554923687)",
        "name_ta": "",
        "category": "basin",
        "water_type": "basin",
        "latitude": 13.0917743,
        "longitude": 80.2333018,
        "city": "Chennai",
        "state": "Tamil Nadu"
      },
      "geometry": {
        "type": "Point",
        "coordinates": [
          80.2333018,
          13.0917743
        ]
      }
    },
    {
      "type": "Feature",
      "id": "wb-way-554923688",
      "properties": {
        "osm_id": 554923688,
        "osm_type": "way",
        "name": "Unnamed Basin (wb-way-554923688)",
        "name_ta": "",
        "category": "basin",
        "water_type": "basin",
        "latitude": 13.0923896,
        "longitude": 80.2328928,
        "city": "Chennai",
        "state": "Tamil Nadu"
      },
      "geometry": {
        "type": "Point",
        "coordinates": [
          80.2328928,
          13.0923896
        ]
      }
    },
    {
      "type": "Feature",
      "id": "wb-way-554923689",
      "properties": {
        "osm_id": 554923689,
        "osm_type": "way",
        "name": "Unnamed Basin (wb-way-554923689)",
        "name_ta": "",
        "category": "basin",
        "water_type": "basin",
        "latitude": 13.0923425,
        "longitude": 80.2333707,
        "city": "Chennai",
        "state": "Tamil Nadu"
      },
      "geometry": {
        "type": "Point",
        "coordinates": [
          80.2333707,
          13.0923425
        ]
      }
    },
    {
      "type": "Feature",
      "id": "wb-way-556414706",
      "properties": {
        "osm_id": 556414706,
        "osm_type": "way",
        "name": "Unnamed Pond (wb-way-556414706)",
        "name_ta": "",
        "category": "pond",
        "water_type": "pond",
        "latitude": 13.0092546,
        "longitude": 80.1557843,
        "city": "Chennai",
        "state": "Tamil Nadu"
      },
      "geometry": {
        "type": "Point",
        "coordinates": [
          80.1557843,
          13.0092546
        ]
      }
    },
    {
      "type": "Feature",
      "id": "wb-way-556414712",
      "properties": {
        "osm_id": 556414712,
        "osm_type": "way",
        "name": "Dharmarajapuram Vannan Kulam",
        "name_ta": "",
        "category": "pond",
        "water_type": "pond",
        "latitude": 13.0117523,
        "longitude": 80.1630062,
        "city": "Chennai",
        "state": "Tamil Nadu"
      },
      "geometry": {
        "type": "Point",
        "coordinates": [
          80.1630062,
          13.0117523
        ]
      }
    },
    {
      "type": "Feature",
      "id": "wb-way-558926037",
      "properties": {
        "osm_id": 558926037,
        "osm_type": "way",
        "name": "Kallu Kuttai Lake",
        "name_ta": "",
        "category": "lake",
        "water_type": "water",
        "latitude": 12.9780207,
        "longitude": 80.2358192,
        "city": "Chennai",
        "state": "Tamil Nadu"
      },
      "geometry": {
        "type": "Point",
        "coordinates": [
          80.2358192,
          12.9780207
        ]
      }
    },
    {
      "type": "Feature",
      "id": "wb-way-558926040",
      "properties": {
        "osm_id": 558926040,
        "osm_type": "way",
        "name": "Dhandeeshwaram Temple Tank",
        "name_ta": "",
        "category": "pond",
        "water_type": "pond",
        "latitude": 12.9859077,
        "longitude": 80.223324,
        "city": "Chennai",
        "state": "Tamil Nadu"
      },
      "geometry": {
        "type": "Point",
        "coordinates": [
          80.223324,
          12.9859077
        ]
      }
    },
    {
      "type": "Feature",
      "id": "wb-way-558926042",
      "properties": {
        "osm_id": 558926042,
        "osm_type": "way",
        "name": "Appalang Kulam",
        "name_ta": "",
        "category": "pond",
        "water_type": "pond",
        "latitude": 12.9903325,
        "longitude": 80.2243955,
        "city": "Chennai",
        "state": "Tamil Nadu"
      },
      "geometry": {
        "type": "Point",
        "coordinates": [
          80.2243955,
          12.9903325
        ]
      }
    },
    {
      "type": "Feature",
      "id": "wb-way-595453143",
      "properties": {
        "osm_id": 595453143,
        "osm_type": "way",
        "name": "Vembuliamman Koil Pond",
        "name_ta": "",
        "category": "pond",
        "water_type": "pond",
        "latitude": 12.9592241,
        "longitude": 80.2399159,
        "city": "Chennai",
        "state": "Tamil Nadu"
      },
      "geometry": {
        "type": "Point",
        "coordinates": [
          80.2399159,
          12.9592241
        ]
      }
    },
    {
      "type": "Feature",
      "id": "wb-way-595609706",
      "properties": {
        "osm_id": 595609706,
        "osm_type": "way",
        "name": "Unnamed Pond (wb-way-595609706)",
        "name_ta": "",
        "category": "pond",
        "water_type": "pond",
        "latitude": 12.9603476,
        "longitude": 80.0507013,
        "city": "Chennai",
        "state": "Tamil Nadu"
      },
      "geometry": {
        "type": "Point",
        "coordinates": [
          80.0507013,
          12.9603476
        ]
      }
    },
    {
      "type": "Feature",
      "id": "wb-way-595615727",
      "properties": {
        "osm_id": 595615727,
        "osm_type": "way",
        "name": "Kannagi Nagar Kulam",
        "name_ta": "",
        "category": "pond",
        "water_type": "pond",
        "latitude": 12.9261992,
        "longitude": 80.242648,
        "city": "Chennai",
        "state": "Tamil Nadu"
      },
      "geometry": {
        "type": "Point",
        "coordinates": [
          80.242648,
          12.9261992
        ]
      }
    },
    {
      "type": "Feature",
      "id": "wb-way-595615728",
      "properties": {
        "osm_id": 595615728,
        "osm_type": "way",
        "name": "Unnamed Pond (wb-way-595615728)",
        "name_ta": "",
        "category": "pond",
        "water_type": "pond",
        "latitude": 12.9285346,
        "longitude": 80.2361063,
        "city": "Chennai",
        "state": "Tamil Nadu"
      },
      "geometry": {
        "type": "Point",
        "coordinates": [
          80.2361063,
          12.9285346
        ]
      }
    },
    {
      "type": "Feature",
      "id": "wb-way-595615729",
      "properties": {
        "osm_id": 595615729,
        "osm_type": "way",
        "name": "Panchavan Kuttai",
        "name_ta": "",
        "category": "pond",
        "water_type": "pond",
        "latitude": 12.9315496,
        "longitude": 80.2355185,
        "city": "Chennai",
        "state": "Tamil Nadu"
      },
      "geometry": {
        "type": "Point",
        "coordinates": [
          80.2355185,
          12.9315496
        ]
      }
    },
    {
      "type": "Feature",
      "id": "wb-way-595615730",
      "properties": {
        "osm_id": 595615730,
        "osm_type": "way",
        "name": "Unnamed Pond (wb-way-595615730)",
        "name_ta": "",
        "category": "pond",
        "water_type": "pond",
        "latitude": 12.9150121,
        "longitude": 80.2345603,
        "city": "Chennai",
        "state": "Tamil Nadu"
      },
      "geometry": {
        "type": "Point",
        "coordinates": [
          80.2345603,
          12.9150121
        ]
      }
    },
    {
      "type": "Feature",
      "id": "wb-way-595615731",
      "properties": {
        "osm_id": 595615731,
        "osm_type": "way",
        "name": "Unnamed Pond (wb-way-595615731)",
        "name_ta": "",
        "category": "pond",
        "water_type": "pond",
        "latitude": 12.913296,
        "longitude": 80.2273094,
        "city": "Chennai",
        "state": "Tamil Nadu"
      },
      "geometry": {
        "type": "Point",
        "coordinates": [
          80.2273094,
          12.913296
        ]
      }
    },
    {
      "type": "Feature",
      "id": "wb-way-595615732",
      "properties": {
        "osm_id": 595615732,
        "osm_type": "way",
        "name": "Unnamed Reservoir (wb-way-595615732)",
        "name_ta": "",
        "category": "reservoir",
        "water_type": "reservoir",
        "latitude": 12.9091693,
        "longitude": 80.2168081,
        "city": "Chennai",
        "state": "Tamil Nadu"
      },
      "geometry": {
        "type": "Point",
        "coordinates": [
          80.2168081,
          12.9091693
        ]
      }
    },
    {
      "type": "Feature",
      "id": "wb-way-595619341",
      "properties": {
        "osm_id": 595619341,
        "osm_type": "way",
        "name": "Unnamed Reservoir (wb-way-595619341)",
        "name_ta": "",
        "category": "reservoir",
        "water_type": "reservoir",
        "latitude": 12.9043701,
        "longitude": 80.215897,
        "city": "Chennai",
        "state": "Tamil Nadu"
      },
      "geometry": {
        "type": "Point",
        "coordinates": [
          80.215897,
          12.9043701
        ]
      }
    },
    {
      "type": "Feature",
      "id": "wb-way-595619344",
      "properties": {
        "osm_id": 595619344,
        "osm_type": "way",
        "name": "Unnamed Pond (wb-way-595619344)",
        "name_ta": "",
        "category": "pond",
        "water_type": "pond",
        "latitude": 12.9020497,
        "longitude": 80.2247156,
        "city": "Chennai",
        "state": "Tamil Nadu"
      },
      "geometry": {
        "type": "Point",
        "coordinates": [
          80.2247156,
          12.9020497
        ]
      }
    },
    {
      "type": "Feature",
      "id": "wb-way-595619345",
      "properties": {
        "osm_id": 595619345,
        "osm_type": "way",
        "name": "Unnamed Pond (wb-way-595619345)",
        "name_ta": "",
        "category": "pond",
        "water_type": "pond",
        "latitude": 12.9004039,
        "longitude": 80.2245008,
        "city": "Chennai",
        "state": "Tamil Nadu"
      },
      "geometry": {
        "type": "Point",
        "coordinates": [
          80.2245008,
          12.9004039
        ]
      }
    },
    {
      "type": "Feature",
      "id": "wb-way-595625973",
      "properties": {
        "osm_id": 595625973,
        "osm_type": "way",
        "name": "Unnamed Reservoir (wb-way-595625973)",
        "name_ta": "",
        "category": "reservoir",
        "water_type": "reservoir",
        "latitude": 12.957175,
        "longitude": 80.214817,
        "city": "Chennai",
        "state": "Tamil Nadu"
      },
      "geometry": {
        "type": "Point",
        "coordinates": [
          80.214817,
          12.957175
        ]
      }
    },
    {
      "type": "Feature",
      "id": "wb-way-595625974",
      "properties": {
        "osm_id": 595625974,
        "osm_type": "way",
        "name": "Unnamed Pond (wb-way-595625974)",
        "name_ta": "",
        "category": "pond",
        "water_type": "pond",
        "latitude": 12.9688687,
        "longitude": 80.2171615,
        "city": "Chennai",
        "state": "Tamil Nadu"
      },
      "geometry": {
        "type": "Point",
        "coordinates": [
          80.2171615,
          12.9688687
        ]
      }
    },
    {
      "type": "Feature",
      "id": "wb-way-595626698",
      "properties": {
        "osm_id": 595626698,
        "osm_type": "way",
        "name": "Unnamed Pond (wb-way-595626698)",
        "name_ta": "",
        "category": "pond",
        "water_type": "pond",
        "latitude": 12.9676602,
        "longitude": 80.2172316,
        "city": "Chennai",
        "state": "Tamil Nadu"
      },
      "geometry": {
        "type": "Point",
        "coordinates": [
          80.2172316,
          12.9676602
        ]
      }
    },
    {
      "type": "Feature",
      "id": "wb-way-595626700",
      "properties": {
        "osm_id": 595626700,
        "osm_type": "way",
        "name": "Unnamed Pond (wb-way-595626700)",
        "name_ta": "",
        "category": "pond",
        "water_type": "pond",
        "latitude": 12.9659539,
        "longitude": 80.2165567,
        "city": "Chennai",
        "state": "Tamil Nadu"
      },
      "geometry": {
        "type": "Point",
        "coordinates": [
          80.2165567,
          12.9659539
        ]
      }
    },
    {
      "type": "Feature",
      "id": "wb-way-595645437",
      "properties": {
        "osm_id": 595645437,
        "osm_type": "way",
        "name": "Unnamed Pond (wb-way-595645437)",
        "name_ta": "",
        "category": "pond",
        "water_type": "pond",
        "latitude": 13.0017723,
        "longitude": 80.1481254,
        "city": "Chennai",
        "state": "Tamil Nadu"
      },
      "geometry": {
        "type": "Point",
        "coordinates": [
          80.1481254,
          13.0017723
        ]
      }
    },
    {
      "type": "Feature",
      "id": "wb-way-595654755",
      "properties": {
        "osm_id": 595654755,
        "osm_type": "way",
        "name": "Unnamed Pond (wb-way-595654755)",
        "name_ta": "",
        "category": "pond",
        "water_type": "canal",
        "latitude": 13.1116126,
        "longitude": 80.270301,
        "city": "Chennai",
        "state": "Tamil Nadu"
      },
      "geometry": {
        "type": "Point",
        "coordinates": [
          80.270301,
          13.1116126
        ]
      }
    },
    {
      "type": "Feature",
      "id": "wb-way-597421167",
      "properties": {
        "osm_id": 597421167,
        "osm_type": "way",
        "name": "Unnamed Pond (wb-way-597421167)",
        "name_ta": "",
        "category": "pond",
        "water_type": "water",
        "latitude": 12.9667269,
        "longitude": 80.069941,
        "city": "Chennai",
        "state": "Tamil Nadu"
      },
      "geometry": {
        "type": "Point",
        "coordinates": [
          80.069941,
          12.9667269
        ]
      }
    },
    {
      "type": "Feature",
      "id": "wb-way-614283330",
      "properties": {
        "osm_id": 614283330,
        "osm_type": "way",
        "name": "Unnamed Pond (wb-way-614283330)",
        "name_ta": "",
        "category": "pond",
        "water_type": "pond",
        "latitude": 13.1292797,
        "longitude": 80.2864019,
        "city": "Chennai",
        "state": "Tamil Nadu"
      },
      "geometry": {
        "type": "Point",
        "coordinates": [
          80.2864019,
          13.1292797
        ]
      }
    },
    {
      "type": "Feature",
      "id": "wb-way-618621965",
      "properties": {
        "osm_id": 618621965,
        "osm_type": "way",
        "name": "Unnamed Pond (wb-way-618621965)",
        "name_ta": "",
        "category": "pond",
        "water_type": "canal",
        "latitude": 13.2502786,
        "longitude": 80.314452,
        "city": "Chennai",
        "state": "Tamil Nadu"
      },
      "geometry": {
        "type": "Point",
        "coordinates": [
          80.314452,
          13.2502786
        ]
      }
    },
    {
      "type": "Feature",
      "id": "wb-way-620713310",
      "properties": {
        "osm_id": 620713310,
        "osm_type": "way",
        "name": "Unnamed Pond (wb-way-620713310)",
        "name_ta": "",
        "category": "pond",
        "water_type": "pond",
        "latitude": 12.9939228,
        "longitude": 80.074857,
        "city": "Chennai",
        "state": "Tamil Nadu"
      },
      "geometry": {
        "type": "Point",
        "coordinates": [
          80.074857,
          12.9939228
        ]
      }
    },
    {
      "type": "Feature",
      "id": "wb-way-620713926",
      "properties": {
        "osm_id": 620713926,
        "osm_type": "way",
        "name": "Unnamed Reservoir (wb-way-620713926)",
        "name_ta": "",
        "category": "reservoir",
        "water_type": "reservoir",
        "latitude": 13.152154,
        "longitude": 80.2812458,
        "city": "Chennai",
        "state": "Tamil Nadu"
      },
      "geometry": {
        "type": "Point",
        "coordinates": [
          80.2812458,
          13.152154
        ]
      }
    },
    {
      "type": "Feature",
      "id": "wb-way-620713927",
      "properties": {
        "osm_id": 620713927,
        "osm_type": "way",
        "name": "Unnamed Reservoir (wb-way-620713927)",
        "name_ta": "",
        "category": "reservoir",
        "water_type": "reservoir",
        "latitude": 13.1513276,
        "longitude": 80.2812219,
        "city": "Chennai",
        "state": "Tamil Nadu"
      },
      "geometry": {
        "type": "Point",
        "coordinates": [
          80.2812219,
          13.1513276
        ]
      }
    },
    {
      "type": "Feature",
      "id": "wb-way-620717220",
      "properties": {
        "osm_id": 620717220,
        "osm_type": "way",
        "name": "Unnamed Pond (wb-way-620717220)",
        "name_ta": "",
        "category": "pond",
        "water_type": "water",
        "latitude": 13.070659,
        "longitude": 80.2801449,
        "city": "Chennai",
        "state": "Tamil Nadu"
      },
      "geometry": {
        "type": "Point",
        "coordinates": [
          80.2801449,
          13.070659
        ]
      }
    },
    {
      "type": "Feature",
      "id": "wb-way-620724466",
      "properties": {
        "osm_id": 620724466,
        "osm_type": "way",
        "name": "Unnamed Pond (wb-way-620724466)",
        "name_ta": "",
        "category": "pond",
        "water_type": "water",
        "latitude": 12.97188,
        "longitude": 80.1741296,
        "city": "Chennai",
        "state": "Tamil Nadu"
      },
      "geometry": {
        "type": "Point",
        "coordinates": [
          80.1741296,
          12.97188
        ]
      }
    },
    {
      "type": "Feature",
      "id": "wb-way-620725768",
      "properties": {
        "osm_id": 620725768,
        "osm_type": "way",
        "name": "Unnamed Pond (wb-way-620725768)",
        "name_ta": "",
        "category": "pond",
        "water_type": "water",
        "latitude": 12.9431685,
        "longitude": 80.1834765,
        "city": "Chennai",
        "state": "Tamil Nadu"
      },
      "geometry": {
        "type": "Point",
        "coordinates": [
          80.1834765,
          12.9431685
        ]
      }
    },
    {
      "type": "Feature",
      "id": "wb-way-620725775",
      "properties": {
        "osm_id": 620725775,
        "osm_type": "way",
        "name": "Unnamed Pond (wb-way-620725775)",
        "name_ta": "",
        "category": "pond",
        "water_type": "pond",
        "latitude": 12.941159,
        "longitude": 80.1960964,
        "city": "Chennai",
        "state": "Tamil Nadu"
      },
      "geometry": {
        "type": "Point",
        "coordinates": [
          80.1960964,
          12.941159
        ]
      }
    },
    {
      "type": "Feature",
      "id": "wb-way-620731613",
      "properties": {
        "osm_id": 620731613,
        "osm_type": "way",
        "name": "Unnamed Reservoir (wb-way-620731613)",
        "name_ta": "",
        "category": "reservoir",
        "water_type": "reservoir",
        "latitude": 12.9053909,
        "longitude": 80.1391513,
        "city": "Chennai",
        "state": "Tamil Nadu"
      },
      "geometry": {
        "type": "Point",
        "coordinates": [
          80.1391513,
          12.9053909
        ]
      }
    },
    {
      "type": "Feature",
      "id": "wb-way-625564658",
      "properties": {
        "osm_id": 625564658,
        "osm_type": "way",
        "name": "Madras Fertilizers Pond",
        "name_ta": "",
        "category": "pond",
        "water_type": "pond",
        "latitude": 13.1700928,
        "longitude": 80.2829128,
        "city": "Chennai",
        "state": "Tamil Nadu"
      },
      "geometry": {
        "type": "Point",
        "coordinates": [
          80.2829128,
          13.1700928
        ]
      }
    },
    {
      "type": "Feature",
      "id": "wb-way-633624184",
      "properties": {
        "osm_id": 633624184,
        "osm_type": "way",
        "name": "Unnamed Pond (wb-way-633624184)",
        "name_ta": "",
        "category": "pond",
        "water_type": "water",
        "latitude": 12.8908736,
        "longitude": 80.2334744,
        "city": "Chennai",
        "state": "Tamil Nadu"
      },
      "geometry": {
        "type": "Point",
        "coordinates": [
          80.2334744,
          12.8908736
        ]
      }
    },
    {
      "type": "Feature",
      "id": "wb-way-633624185",
      "properties": {
        "osm_id": 633624185,
        "osm_type": "way",
        "name": "Unnamed Pond (wb-way-633624185)",
        "name_ta": "",
        "category": "pond",
        "water_type": "water",
        "latitude": 12.8872643,
        "longitude": 80.2355339,
        "city": "Chennai",
        "state": "Tamil Nadu"
      },
      "geometry": {
        "type": "Point",
        "coordinates": [
          80.2355339,
          12.8872643
        ]
      }
    },
    {
      "type": "Feature",
      "id": "wb-way-641918370",
      "properties": {
        "osm_id": 641918370,
        "osm_type": "way",
        "name": "Unnamed Pond (wb-way-641918370)",
        "name_ta": "",
        "category": "pond",
        "water_type": "water",
        "latitude": 12.8519303,
        "longitude": 80.0583984,
        "city": "Chennai",
        "state": "Tamil Nadu"
      },
      "geometry": {
        "type": "Point",
        "coordinates": [
          80.0583984,
          12.8519303
        ]
      }
    },
    {
      "type": "Feature",
      "id": "wb-way-642850680",
      "properties": {
        "osm_id": 642850680,
        "osm_type": "way",
        "name": "Unnamed Lake (wb-way-642850680)",
        "name_ta": "",
        "category": "lake",
        "water_type": "lake",
        "latitude": 12.8513797,
        "longitude": 80.2250377,
        "city": "Chennai",
        "state": "Tamil Nadu"
      },
      "geometry": {
        "type": "Point",
        "coordinates": [
          80.2250377,
          12.8513797
        ]
      }
    },
    {
      "type": "Feature",
      "id": "wb-way-642850681",
      "properties": {
        "osm_id": 642850681,
        "osm_type": "way",
        "name": "Unnamed Lake (wb-way-642850681)",
        "name_ta": "",
        "category": "lake",
        "water_type": "lake",
        "latitude": 12.8568834,
        "longitude": 80.2246975,
        "city": "Chennai",
        "state": "Tamil Nadu"
      },
      "geometry": {
        "type": "Point",
        "coordinates": [
          80.2246975,
          12.8568834
        ]
      }
    },
    {
      "type": "Feature",
      "id": "wb-way-642850684",
      "properties": {
        "osm_id": 642850684,
        "osm_type": "way",
        "name": "Unnamed Lake (wb-way-642850684)",
        "name_ta": "",
        "category": "lake",
        "water_type": "lake",
        "latitude": 12.8631782,
        "longitude": 80.225447,
        "city": "Chennai",
        "state": "Tamil Nadu"
      },
      "geometry": {
        "type": "Point",
        "coordinates": [
          80.225447,
          12.8631782
        ]
      }
    },
    {
      "type": "Feature",
      "id": "wb-way-642861359",
      "properties": {
        "osm_id": 642861359,
        "osm_type": "way",
        "name": "Unnamed Pond (wb-way-642861359)",
        "name_ta": "",
        "category": "pond",
        "water_type": "water",
        "latitude": 12.9054254,
        "longitude": 80.0713487,
        "city": "Chennai",
        "state": "Tamil Nadu"
      },
      "geometry": {
        "type": "Point",
        "coordinates": [
          80.0713487,
          12.9054254
        ]
      }
    },
    {
      "type": "Feature",
      "id": "wb-way-643533398",
      "properties": {
        "osm_id": 643533398,
        "osm_type": "way",
        "name": "Unnamed Pond (wb-way-643533398)",
        "name_ta": "",
        "category": "pond",
        "water_type": "water",
        "latitude": 12.9530325,
        "longitude": 80.1121729,
        "city": "Chennai",
        "state": "Tamil Nadu"
      },
      "geometry": {
        "type": "Point",
        "coordinates": [
          80.1121729,
          12.9530325
        ]
      }
    },
    {
      "type": "Feature",
      "id": "wb-way-650596076",
      "properties": {
        "osm_id": 650596076,
        "osm_type": "way",
        "name": "Unnamed Pond (wb-way-650596076)",
        "name_ta": "",
        "category": "pond",
        "water_type": "pond",
        "latitude": 12.8741813,
        "longitude": 80.2294976,
        "city": "Chennai",
        "state": "Tamil Nadu"
      },
      "geometry": {
        "type": "Point",
        "coordinates": [
          80.2294976,
          12.8741813
        ]
      }
    },
    {
      "type": "Feature",
      "id": "wb-way-650596102",
      "properties": {
        "osm_id": 650596102,
        "osm_type": "way",
        "name": "Unnamed Pond (wb-way-650596102)",
        "name_ta": "",
        "category": "pond",
        "water_type": "pond",
        "latitude": 12.8608316,
        "longitude": 80.2158024,
        "city": "Chennai",
        "state": "Tamil Nadu"
      },
      "geometry": {
        "type": "Point",
        "coordinates": [
          80.2158024,
          12.8608316
        ]
      }
    },
    {
      "type": "Feature",
      "id": "wb-way-650596146",
      "properties": {
        "osm_id": 650596146,
        "osm_type": "way",
        "name": "Unnamed Pond (wb-way-650596146)",
        "name_ta": "",
        "category": "pond",
        "water_type": "intermittent",
        "latitude": 12.864615,
        "longitude": 80.1691421,
        "city": "Chennai",
        "state": "Tamil Nadu"
      },
      "geometry": {
        "type": "Point",
        "coordinates": [
          80.1691421,
          12.864615
        ]
      }
    },
    {
      "type": "Feature",
      "id": "wb-way-650598572",
      "properties": {
        "osm_id": 650598572,
        "osm_type": "way",
        "name": "Unnamed Pond (wb-way-650598572)",
        "name_ta": "",
        "category": "pond",
        "water_type": "water",
        "latitude": 12.8519629,
        "longitude": 80.210325,
        "city": "Chennai",
        "state": "Tamil Nadu"
      },
      "geometry": {
        "type": "Point",
        "coordinates": [
          80.210325,
          12.8519629
        ]
      }
    },
    {
      "type": "Feature",
      "id": "wb-way-650598573",
      "properties": {
        "osm_id": 650598573,
        "osm_type": "way",
        "name": "Unnamed Pond (wb-way-650598573)",
        "name_ta": "",
        "category": "pond",
        "water_type": "water",
        "latitude": 12.8494795,
        "longitude": 80.2247662,
        "city": "Chennai",
        "state": "Tamil Nadu"
      },
      "geometry": {
        "type": "Point",
        "coordinates": [
          80.2247662,
          12.8494795
        ]
      }
    },
    {
      "type": "Feature",
      "id": "wb-way-650598579",
      "properties": {
        "osm_id": 650598579,
        "osm_type": "way",
        "name": "Unnamed Pond (wb-way-650598579)",
        "name_ta": "",
        "category": "pond",
        "water_type": "canal",
        "latitude": 12.9288691,
        "longitude": 80.2444222,
        "city": "Chennai",
        "state": "Tamil Nadu"
      },
      "geometry": {
        "type": "Point",
        "coordinates": [
          80.2444222,
          12.9288691
        ]
      }
    },
    {
      "type": "Feature",
      "id": "wb-way-650602417",
      "properties": {
        "osm_id": 650602417,
        "osm_type": "way",
        "name": "Unnamed Pond (wb-way-650602417)",
        "name_ta": "",
        "category": "pond",
        "water_type": "pond",
        "latitude": 12.9377769,
        "longitude": 80.243224,
        "city": "Chennai",
        "state": "Tamil Nadu"
      },
      "geometry": {
        "type": "Point",
        "coordinates": [
          80.243224,
          12.9377769
        ]
      }
    },
    {
      "type": "Feature",
      "id": "wb-way-650602429",
      "properties": {
        "osm_id": 650602429,
        "osm_type": "way",
        "name": "Unnamed Pond (wb-way-650602429)",
        "name_ta": "",
        "category": "pond",
        "water_type": "wastewater",
        "latitude": 12.9516782,
        "longitude": 80.2306722,
        "city": "Chennai",
        "state": "Tamil Nadu"
      },
      "geometry": {
        "type": "Point",
        "coordinates": [
          80.2306722,
          12.9516782
        ]
      }
    },
    {
      "type": "Feature",
      "id": "wb-way-652928123",
      "properties": {
        "osm_id": 652928123,
        "osm_type": "way",
        "name": "Unnamed Pond (wb-way-652928123)",
        "name_ta": "",
        "category": "pond",
        "water_type": "pond",
        "latitude": 12.9330076,
        "longitude": 80.0773997,
        "city": "Chennai",
        "state": "Tamil Nadu"
      },
      "geometry": {
        "type": "Point",
        "coordinates": [
          80.0773997,
          12.9330076
        ]
      }
    },
    {
      "type": "Feature",
      "id": "wb-way-652928124",
      "properties": {
        "osm_id": 652928124,
        "osm_type": "way",
        "name": "Unnamed Pond (wb-way-652928124)",
        "name_ta": "",
        "category": "pond",
        "water_type": "pond",
        "latitude": 12.9338219,
        "longitude": 80.0765013,
        "city": "Chennai",
        "state": "Tamil Nadu"
      },
      "geometry": {
        "type": "Point",
        "coordinates": [
          80.0765013,
          12.9338219
        ]
      }
    },
    {
      "type": "Feature",
      "id": "wb-way-652928125",
      "properties": {
        "osm_id": 652928125,
        "osm_type": "way",
        "name": "Unnamed Pond (wb-way-652928125)",
        "name_ta": "",
        "category": "pond",
        "water_type": "pond",
        "latitude": 12.9330888,
        "longitude": 80.0761964,
        "city": "Chennai",
        "state": "Tamil Nadu"
      },
      "geometry": {
        "type": "Point",
        "coordinates": [
          80.0761964,
          12.9330888
        ]
      }
    },
    {
      "type": "Feature",
      "id": "wb-way-652928126",
      "properties": {
        "osm_id": 652928126,
        "osm_type": "way",
        "name": "Unnamed Pond (wb-way-652928126)",
        "name_ta": "",
        "category": "pond",
        "water_type": "pond",
        "latitude": 12.9361979,
        "longitude": 80.0800565,
        "city": "Chennai",
        "state": "Tamil Nadu"
      },
      "geometry": {
        "type": "Point",
        "coordinates": [
          80.0800565,
          12.9361979
        ]
      }
    },
    {
      "type": "Feature",
      "id": "wb-way-652928127",
      "properties": {
        "osm_id": 652928127,
        "osm_type": "way",
        "name": "Unnamed Pond (wb-way-652928127)",
        "name_ta": "",
        "category": "pond",
        "water_type": "pond",
        "latitude": 12.934985,
        "longitude": 80.0781863,
        "city": "Chennai",
        "state": "Tamil Nadu"
      },
      "geometry": {
        "type": "Point",
        "coordinates": [
          80.0781863,
          12.934985
        ]
      }
    },
    {
      "type": "Feature",
      "id": "wb-way-652928129",
      "properties": {
        "osm_id": 652928129,
        "osm_type": "way",
        "name": "Unnamed Pond (wb-way-652928129)",
        "name_ta": "",
        "category": "pond",
        "water_type": "pond",
        "latitude": 12.9451477,
        "longitude": 80.0544437,
        "city": "Chennai",
        "state": "Tamil Nadu"
      },
      "geometry": {
        "type": "Point",
        "coordinates": [
          80.0544437,
          12.9451477
        ]
      }
    },
    {
      "type": "Feature",
      "id": "wb-way-652928130",
      "properties": {
        "osm_id": 652928130,
        "osm_type": "way",
        "name": "Unnamed Pond (wb-way-652928130)",
        "name_ta": "",
        "category": "pond",
        "water_type": "pond",
        "latitude": 12.9443766,
        "longitude": 80.0543981,
        "city": "Chennai",
        "state": "Tamil Nadu"
      },
      "geometry": {
        "type": "Point",
        "coordinates": [
          80.0543981,
          12.9443766
        ]
      }
    },
    {
      "type": "Feature",
      "id": "wb-way-661094629",
      "properties": {
        "osm_id": 661094629,
        "osm_type": "way",
        "name": "Vettamani Lake",
        "name_ta": "",
        "category": "lake",
        "water_type": "lake",
        "latitude": 13.1474964,
        "longitude": 80.2355468,
        "city": "Chennai",
        "state": "Tamil Nadu"
      },
      "geometry": {
        "type": "Point",
        "coordinates": [
          80.2355468,
          13.1474964
        ]
      }
    },
    {
      "type": "Feature",
      "id": "wb-way-661094630",
      "properties": {
        "osm_id": 661094630,
        "osm_type": "way",
        "name": "Uppu Kulam",
        "name_ta": "",
        "category": "pond",
        "water_type": "pond",
        "latitude": 13.1488186,
        "longitude": 80.234594,
        "city": "Chennai",
        "state": "Tamil Nadu"
      },
      "geometry": {
        "type": "Point",
        "coordinates": [
          80.234594,
          13.1488186
        ]
      }
    },
    {
      "type": "Feature",
      "id": "wb-way-661094631",
      "properties": {
        "osm_id": 661094631,
        "osm_type": "way",
        "name": "Sathankadu Lake",
        "name_ta": "",
        "category": "lake",
        "water_type": "lake",
        "latitude": 13.1566195,
        "longitude": 80.2691361,
        "city": "Chennai",
        "state": "Tamil Nadu"
      },
      "geometry": {
        "type": "Point",
        "coordinates": [
          80.2691361,
          13.1566195
        ]
      }
    },
    {
      "type": "Feature",
      "id": "wb-way-661094632",
      "properties": {
        "osm_id": 661094632,
        "osm_type": "way",
        "name": "Harikrishnapuram Lake",
        "name_ta": "",
        "category": "lake",
        "water_type": "lake",
        "latitude": 13.1699675,
        "longitude": 80.2631796,
        "city": "Chennai",
        "state": "Tamil Nadu"
      },
      "geometry": {
        "type": "Point",
        "coordinates": [
          80.2631796,
          13.1699675
        ]
      }
    },
    {
      "type": "Feature",
      "id": "wb-way-661094633",
      "properties": {
        "osm_id": 661094633,
        "osm_type": "way",
        "name": "Burma Nagar Reservoir",
        "name_ta": "",
        "category": "pond",
        "water_type": "pond",
        "latitude": 13.1785888,
        "longitude": 80.3032257,
        "city": "Chennai",
        "state": "Tamil Nadu"
      },
      "geometry": {
        "type": "Point",
        "coordinates": [
          80.3032257,
          13.1785888
        ]
      }
    },
    {
      "type": "Feature",
      "id": "wb-way-661094634",
      "properties": {
        "osm_id": 661094634,
        "osm_type": "way",
        "name": "Vadivudaiyamman Koil Kulam",
        "name_ta": "",
        "category": "pond",
        "water_type": "pond",
        "latitude": 13.1613673,
        "longitude": 80.29932,
        "city": "Chennai",
        "state": "Tamil Nadu"
      },
      "geometry": {
        "type": "Point",
        "coordinates": [
          80.29932,
          13.1613673
        ]
      }
    },
    {
      "type": "Feature",
      "id": "wb-way-661094635",
      "properties": {
        "osm_id": 661094635,
        "osm_type": "way",
        "name": "Arunachaleshwarar Koil Kulam",
        "name_ta": "",
        "category": "pond",
        "water_type": "pond",
        "latitude": 13.1329284,
        "longitude": 80.2917378,
        "city": "Chennai",
        "state": "Tamil Nadu"
      },
      "geometry": {
        "type": "Point",
        "coordinates": [
          80.2917378,
          13.1329284
        ]
      }
    },
    {
      "type": "Feature",
      "id": "wb-way-661094636",
      "properties": {
        "osm_id": 661094636,
        "osm_type": "way",
        "name": "Angala Parameshwari Koil Kulam",
        "name_ta": "",
        "category": "pond",
        "water_type": "pond",
        "latitude": 13.1145572,
        "longitude": 80.2917438,
        "city": "Chennai",
        "state": "Tamil Nadu"
      },
      "geometry": {
        "type": "Point",
        "coordinates": [
          80.2917438,
          13.1145572
        ]
      }
    },
    {
      "type": "Feature",
      "id": "wb-way-661094637",
      "properties": {
        "osm_id": 661094637,
        "osm_type": "way",
        "name": "Sengazhuneer Pillayar Temple Reservoir",
        "name_ta": "",
        "category": "pond",
        "water_type": "pond",
        "latitude": 13.1014477,
        "longitude": 80.2886886,
        "city": "Chennai",
        "state": "Tamil Nadu"
      },
      "geometry": {
        "type": "Point",
        "coordinates": [
          80.2886886,
          13.1014477
        ]
      }
    },
    {
      "type": "Feature",
      "id": "wb-way-661100677",
      "properties": {
        "osm_id": 661100677,
        "osm_type": "way",
        "name": "Tharamani Pond",
        "name_ta": "",
        "category": "pond",
        "water_type": "pond",
        "latitude": 12.9851799,
        "longitude": 80.2409713,
        "city": "Chennai",
        "state": "Tamil Nadu"
      },
      "geometry": {
        "type": "Point",
        "coordinates": [
          80.2409713,
          12.9851799
        ]
      }
    },
    {
      "type": "Feature",
      "id": "wb-way-661100680",
      "properties": {
        "osm_id": 661100680,
        "osm_type": "way",
        "name": "Nadar Street Pond",
        "name_ta": "",
        "category": "pond",
        "water_type": "pond",
        "latitude": 12.9838577,
        "longitude": 80.2207165,
        "city": "Chennai",
        "state": "Tamil Nadu"
      },
      "geometry": {
        "type": "Point",
        "coordinates": [
          80.2207165,
          12.9838577
        ]
      }
    },
    {
      "type": "Feature",
      "id": "wb-way-661100681",
      "properties": {
        "osm_id": 661100681,
        "osm_type": "way",
        "name": "Puliyenkeni Pond",
        "name_ta": "",
        "category": "pond",
        "water_type": "pond",
        "latitude": 12.9836022,
        "longitude": 80.2188929,
        "city": "Chennai",
        "state": "Tamil Nadu"
      },
      "geometry": {
        "type": "Point",
        "coordinates": [
          80.2188929,
          12.9836022
        ]
      }
    },
    {
      "type": "Feature",
      "id": "wb-way-661100682",
      "properties": {
        "osm_id": 661100682,
        "osm_type": "way",
        "name": "Mandapam Kuttai",
        "name_ta": "",
        "category": "pond",
        "water_type": "pond",
        "latitude": 12.9734803,
        "longitude": 80.2083204,
        "city": "Chennai",
        "state": "Tamil Nadu"
      },
      "geometry": {
        "type": "Point",
        "coordinates": [
          80.2083204,
          12.9734803
        ]
      }
    },
    {
      "type": "Feature",
      "id": "wb-way-661100683",
      "properties": {
        "osm_id": 661100683,
        "osm_type": "way",
        "name": "Sada Kuttai",
        "name_ta": "",
        "category": "pond",
        "water_type": "pond",
        "latitude": 12.9731804,
        "longitude": 80.2041522,
        "city": "Chennai",
        "state": "Tamil Nadu"
      },
      "geometry": {
        "type": "Point",
        "coordinates": [
          80.2041522,
          12.9731804
        ]
      }
    },
    {
      "type": "Feature",
      "id": "wb-way-661100684",
      "properties": {
        "osm_id": 661100684,
        "osm_type": "way",
        "name": "Gangai Amman Kulam",
        "name_ta": "",
        "category": "pond",
        "water_type": "pond",
        "latitude": 12.9718062,
        "longitude": 80.2030002,
        "city": "Chennai",
        "state": "Tamil Nadu"
      },
      "geometry": {
        "type": "Point",
        "coordinates": [
          80.2030002,
          12.9718062
        ]
      }
    },
    {
      "type": "Feature",
      "id": "wb-way-661100685",
      "properties": {
        "osm_id": 661100685,
        "osm_type": "way",
        "name": "Rettai Kuttai",
        "name_ta": "",
        "category": "pond",
        "water_type": "pond",
        "latitude": 12.972508,
        "longitude": 80.2043601,
        "city": "Chennai",
        "state": "Tamil Nadu"
      },
      "geometry": {
        "type": "Point",
        "coordinates": [
          80.2043601,
          12.972508
        ]
      }
    },
    {
      "type": "Feature",
      "id": "wb-way-661100686",
      "properties": {
        "osm_id": 661100686,
        "osm_type": "way",
        "name": "Bharatiyar Nagar Lake",
        "name_ta": "",
        "category": "lake",
        "water_type": "lake",
        "latitude": 12.9346861,
        "longitude": 80.2411828,
        "city": "Chennai",
        "state": "Tamil Nadu"
      },
      "geometry": {
        "type": "Point",
        "coordinates": [
          80.2411828,
          12.9346861
        ]
      }
    },
    {
      "type": "Feature",
      "id": "wb-way-661100690",
      "properties": {
        "osm_id": 661100690,
        "osm_type": "way",
        "name": "Nehru Nagar Pond",
        "name_ta": "",
        "category": "pond",
        "water_type": "pond",
        "latitude": 12.9272723,
        "longitude": 80.2295324,
        "city": "Chennai",
        "state": "Tamil Nadu"
      },
      "geometry": {
        "type": "Point",
        "coordinates": [
          80.2295324,
          12.9272723
        ]
      }
    },
    {
      "type": "Feature",
      "id": "wb-way-661100692",
      "properties": {
        "osm_id": 661100692,
        "osm_type": "way",
        "name": "Vannan Kuttai",
        "name_ta": "",
        "category": "lake",
        "water_type": "lake",
        "latitude": 12.9220169,
        "longitude": 80.2069705,
        "city": "Chennai",
        "state": "Tamil Nadu"
      },
      "geometry": {
        "type": "Point",
        "coordinates": [
          80.2069705,
          12.9220169
        ]
      }
    },
    {
      "type": "Feature",
      "id": "wb-way-661100695",
      "properties": {
        "osm_id": 661100695,
        "osm_type": "way",
        "name": "Palandeyamman Koil Street Kulam",
        "name_ta": "",
        "category": "pond",
        "water_type": "pond",
        "latitude": 12.9197291,
        "longitude": 80.2034867,
        "city": "Chennai",
        "state": "Tamil Nadu"
      },
      "geometry": {
        "type": "Point",
        "coordinates": [
          80.2034867,
          12.9197291
        ]
      }
    },
    {
      "type": "Feature",
      "id": "wb-way-661100696",
      "properties": {
        "osm_id": 661100696,
        "osm_type": "way",
        "name": "Jayachandran Nagar Pond",
        "name_ta": "",
        "category": "pond",
        "water_type": "pond",
        "latitude": 12.9188301,
        "longitude": 80.2012575,
        "city": "Chennai",
        "state": "Tamil Nadu"
      },
      "geometry": {
        "type": "Point",
        "coordinates": [
          80.2012575,
          12.9188301
        ]
      }
    },
    {
      "type": "Feature",
      "id": "wb-way-661100697",
      "properties": {
        "osm_id": 661100697,
        "osm_type": "way",
        "name": "Varadharajapuram Pond",
        "name_ta": "",
        "category": "pond",
        "water_type": "pond",
        "latitude": 12.9276405,
        "longitude": 80.2057482,
        "city": "Chennai",
        "state": "Tamil Nadu"
      },
      "geometry": {
        "type": "Point",
        "coordinates": [
          80.2057482,
          12.9276405
        ]
      }
    },
    {
      "type": "Feature",
      "id": "wb-way-661100698",
      "properties": {
        "osm_id": 661100698,
        "osm_type": "way",
        "name": "Ambal Nagar Lake",
        "name_ta": "",
        "category": "lake",
        "water_type": "lake",
        "latitude": 12.9362127,
        "longitude": 80.2015928,
        "city": "Chennai",
        "state": "Tamil Nadu"
      },
      "geometry": {
        "type": "Point",
        "coordinates": [
          80.2015928,
          12.9362127
        ]
      }
    },
    {
      "type": "Feature",
      "id": "wb-way-661100699",
      "properties": {
        "osm_id": 661100699,
        "osm_type": "way",
        "name": "Pillaiyar Koil Kulam",
        "name_ta": "",
        "category": "pond",
        "water_type": "pond",
        "latitude": 12.9364719,
        "longitude": 80.2040751,
        "city": "Chennai",
        "state": "Tamil Nadu"
      },
      "geometry": {
        "type": "Point",
        "coordinates": [
          80.2040751,
          12.9364719
        ]
      }
    },
    {
      "type": "Feature",
      "id": "wb-way-661117600",
      "properties": {
        "osm_id": 661117600,
        "osm_type": "way",
        "name": "Township Colony Pond",
        "name_ta": "",
        "category": "pond",
        "water_type": "pond",
        "latitude": 13.0992211,
        "longitude": 80.1591005,
        "city": "Chennai",
        "state": "Tamil Nadu"
      },
      "geometry": {
        "type": "Point",
        "coordinates": [
          80.1591005,
          13.0992211
        ]
      }
    },
    {
      "type": "Feature",
      "id": "wb-way-661117601",
      "properties": {
        "osm_id": 661117601,
        "osm_type": "way",
        "name": "Reddy Kulam",
        "name_ta": "",
        "category": "pond",
        "water_type": "pond",
        "latitude": 13.0923001,
        "longitude": 80.1566047,
        "city": "Chennai",
        "state": "Tamil Nadu"
      },
      "geometry": {
        "type": "Point",
        "coordinates": [
          80.1566047,
          13.0923001
        ]
      }
    },
    {
      "type": "Feature",
      "id": "wb-way-661117602",
      "properties": {
        "osm_id": 661117602,
        "osm_type": "way",
        "name": "Udayar Palayam Nagar Pond - I",
        "name_ta": "",
        "category": "pond",
        "water_type": "pond",
        "latitude": 13.095307,
        "longitude": 80.1485507,
        "city": "Chennai",
        "state": "Tamil Nadu"
      },
      "geometry": {
        "type": "Point",
        "coordinates": [
          80.1485507,
          13.095307
        ]
      }
    },
    {
      "type": "Feature",
      "id": "wb-way-661117603",
      "properties": {
        "osm_id": 661117603,
        "osm_type": "way",
        "name": "Thenthirupathi Pond",
        "name_ta": "",
        "category": "pond",
        "water_type": "pond",
        "latitude": 13.0867177,
        "longitude": 80.1725236,
        "city": "Chennai",
        "state": "Tamil Nadu"
      },
      "geometry": {
        "type": "Point",
        "coordinates": [
          80.1725236,
          13.0867177
        ]
      }
    },
    {
      "type": "Feature",
      "id": "wb-way-661117604",
      "properties": {
        "osm_id": 661117604,
        "osm_type": "way",
        "name": "JJ Nagar Lake",
        "name_ta": "",
        "category": "lake",
        "water_type": "lake",
        "latitude": 13.079089,
        "longitude": 80.1719878,
        "city": "Chennai",
        "state": "Tamil Nadu"
      },
      "geometry": {
        "type": "Point",
        "coordinates": [
          80.1719878,
          13.079089
        ]
      }
    },
    {
      "type": "Feature",
      "id": "wb-way-661117605",
      "properties": {
        "osm_id": 661117605,
        "osm_type": "way",
        "name": "Gangai Amman Koil Street Pond",
        "name_ta": "",
        "category": "pond",
        "water_type": "pond",
        "latitude": 13.0541404,
        "longitude": 80.1753011,
        "city": "Chennai",
        "state": "Tamil Nadu"
      },
      "geometry": {
        "type": "Point",
        "coordinates": [
          80.1753011,
          13.0541404
        ]
      }
    },
    {
      "type": "Feature",
      "id": "wb-way-661117606",
      "properties": {
        "osm_id": 661117606,
        "osm_type": "way",
        "name": "Krishna Nagar Pond",
        "name_ta": "",
        "category": "pond",
        "water_type": "pond",
        "latitude": 13.0521363,
        "longitude": 80.1955169,
        "city": "Chennai",
        "state": "Tamil Nadu"
      },
      "geometry": {
        "type": "Point",
        "coordinates": [
          80.1955169,
          13.0521363
        ]
      }
    },
    {
      "type": "Feature",
      "id": "wb-way-661117607",
      "properties": {
        "osm_id": 661117607,
        "osm_type": "way",
        "name": "Linga Kulam",
        "name_ta": "",
        "category": "pond",
        "water_type": "pond",
        "latitude": 13.0519116,
        "longitude": 80.1615584,
        "city": "Chennai",
        "state": "Tamil Nadu"
      },
      "geometry": {
        "type": "Point",
        "coordinates": [
          80.1615584,
          13.0519116
        ]
      }
    },
    {
      "type": "Feature",
      "id": "wb-way-661117608",
      "properties": {
        "osm_id": 661117608,
        "osm_type": "way",
        "name": "Siva Subramani Koil Kulam",
        "name_ta": "",
        "category": "pond",
        "water_type": "pond",
        "latitude": 12.9998943,
        "longitude": 80.2061954,
        "city": "Chennai",
        "state": "Tamil Nadu"
      },
      "geometry": {
        "type": "Point",
        "coordinates": [
          80.2061954,
          12.9998943
        ]
      }
    },
    {
      "type": "Feature",
      "id": "wb-way-661117609",
      "properties": {
        "osm_id": 661117609,
        "osm_type": "way",
        "name": "Nandeeshwaran Koil Kulam",
        "name_ta": "",
        "category": "pond",
        "water_type": "pond",
        "latitude": 12.9938437,
        "longitude": 80.2006759,
        "city": "Chennai",
        "state": "Tamil Nadu"
      },
      "geometry": {
        "type": "Point",
        "coordinates": [
          80.2006759,
          12.9938437
        ]
      }
    },
    {
      "type": "Feature",
      "id": "wb-way-661117610",
      "properties": {
        "osm_id": 661117610,
        "osm_type": "way",
        "name": "NGGO Colony Lake",
        "name_ta": "",
        "category": "lake",
        "water_type": "lake",
        "latitude": 12.9699681,
        "longitude": 80.1799171,
        "city": "Chennai",
        "state": "Tamil Nadu"
      },
      "geometry": {
        "type": "Point",
        "coordinates": [
          80.1799171,
          12.9699681
        ]
      }
    },
    {
      "type": "Feature",
      "id": "wb-way-661117611",
      "properties": {
        "osm_id": 661117611,
        "osm_type": "way",
        "name": "Thamarai Keni Kulam",
        "name_ta": "",
        "category": "pond",
        "water_type": "pond",
        "latitude": 12.9545681,
        "longitude": 80.2524134,
        "city": "Chennai",
        "state": "Tamil Nadu"
      },
      "geometry": {
        "type": "Point",
        "coordinates": [
          80.2524134,
          12.9545681
        ]
      }
    },
    {
      "type": "Feature",
      "id": "wb-way-661117612",
      "properties": {
        "osm_id": 661117612,
        "osm_type": "way",
        "name": "Kannan Kulam",
        "name_ta": "",
        "category": "pond",
        "water_type": "pond",
        "latitude": 12.9527154,
        "longitude": 80.2367817,
        "city": "Chennai",
        "state": "Tamil Nadu"
      },
      "geometry": {
        "type": "Point",
        "coordinates": [
          80.2367817,
          12.9527154
        ]
      }
    },
    {
      "type": "Feature",
      "id": "wb-way-661117613",
      "properties": {
        "osm_id": 661117613,
        "osm_type": "way",
        "name": "Panichavan Kuttai",
        "name_ta": "",
        "category": "pond",
        "water_type": "pond",
        "latitude": 12.9522294,
        "longitude": 80.2385311,
        "city": "Chennai",
        "state": "Tamil Nadu"
      },
      "geometry": {
        "type": "Point",
        "coordinates": [
          80.2385311,
          12.9522294
        ]
      }
    },
    {
      "type": "Feature",
      "id": "wb-way-661117614",
      "properties": {
        "osm_id": 661117614,
        "osm_type": "way",
        "name": "MGR Nagar Pond",
        "name_ta": "",
        "category": "pond",
        "water_type": "pond",
        "latitude": 12.9617375,
        "longitude": 80.2537788,
        "city": "Chennai",
        "state": "Tamil Nadu"
      },
      "geometry": {
        "type": "Point",
        "coordinates": [
          80.2537788,
          12.9617375
        ]
      }
    },
    {
      "type": "Feature",
      "id": "wb-way-661178353",
      "properties": {
        "osm_id": 661178353,
        "osm_type": "way",
        "name": "Thiruvedee Amman Koil Kulam",
        "name_ta": "",
        "category": "pond",
        "water_type": "pond",
        "latitude": 13.1212388,
        "longitude": 80.2180052,
        "city": "Chennai",
        "state": "Tamil Nadu"
      },
      "geometry": {
        "type": "Point",
        "coordinates": [
          80.2180052,
          13.1212388
        ]
      }
    },
    {
      "type": "Feature",
      "id": "wb-way-661178354",
      "properties": {
        "osm_id": 661178354,
        "osm_type": "way",
        "name": "Aadikesavaperumal Temple Tank",
        "name_ta": "",
        "category": "pond",
        "water_type": "pond",
        "latitude": 13.1198022,
        "longitude": 80.1897357,
        "city": "Chennai",
        "state": "Tamil Nadu"
      },
      "geometry": {
        "type": "Point",
        "coordinates": [
          80.1897357,
          13.1198022
        ]
      }
    },
    {
      "type": "Feature",
      "id": "wb-way-661178355",
      "properties": {
        "osm_id": 661178355,
        "osm_type": "way",
        "name": "Thamarai Kulam",
        "name_ta": "",
        "category": "pond",
        "water_type": "pond",
        "latitude": 13.1219382,
        "longitude": 80.1905115,
        "city": "Chennai",
        "state": "Tamil Nadu"
      },
      "geometry": {
        "type": "Point",
        "coordinates": [
          80.1905115,
          13.1219382
        ]
      }
    },
    {
      "type": "Feature",
      "id": "wb-way-661178356",
      "properties": {
        "osm_id": 661178356,
        "osm_type": "way",
        "name": "Seekathamman Koil Kulam",
        "name_ta": "",
        "category": "pond",
        "water_type": "pond",
        "latitude": 13.1239209,
        "longitude": 80.1890729,
        "city": "Chennai",
        "state": "Tamil Nadu"
      },
      "geometry": {
        "type": "Point",
        "coordinates": [
          80.1890729,
          13.1239209
        ]
      }
    },
    {
      "type": "Feature",
      "id": "wb-way-661178357",
      "properties": {
        "osm_id": 661178357,
        "osm_type": "way",
        "name": "Kulappan Kulam",
        "name_ta": "",
        "category": "pond",
        "water_type": "pond",
        "latitude": 13.1351124,
        "longitude": 80.2226152,
        "city": "Chennai",
        "state": "Tamil Nadu"
      },
      "geometry": {
        "type": "Point",
        "coordinates": [
          80.2226152,
          13.1351124
        ]
      }
    },
    {
      "type": "Feature",
      "id": "wb-way-661178358",
      "properties": {
        "osm_id": 661178358,
        "osm_type": "way",
        "name": "Thattan Kulam",
        "name_ta": "",
        "category": "pond",
        "water_type": "pond",
        "latitude": 13.1413596,
        "longitude": 80.2269491,
        "city": "Chennai",
        "state": "Tamil Nadu"
      },
      "geometry": {
        "type": "Point",
        "coordinates": [
          80.2269491,
          13.1413596
        ]
      }
    },
    {
      "type": "Feature",
      "id": "wb-way-661178359",
      "properties": {
        "osm_id": 661178359,
        "osm_type": "way",
        "name": "Aathi Kulam",
        "name_ta": "",
        "category": "pond",
        "water_type": "pond",
        "latitude": 13.1467893,
        "longitude": 80.2311437,
        "city": "Chennai",
        "state": "Tamil Nadu"
      },
      "geometry": {
        "type": "Point",
        "coordinates": [
          80.2311437,
          13.1467893
        ]
      }
    },
    {
      "type": "Feature",
      "id": "wb-way-661178360",
      "properties": {
        "osm_id": 661178360,
        "osm_type": "way",
        "name": "Thattankulam",
        "name_ta": "",
        "category": "pond",
        "water_type": "pond",
        "latitude": 13.1459962,
        "longitude": 80.2290589,
        "city": "Chennai",
        "state": "Tamil Nadu"
      },
      "geometry": {
        "type": "Point",
        "coordinates": [
          80.2290589,
          13.1459962
        ]
      }
    },
    {
      "type": "Feature",
      "id": "wb-way-661178361",
      "properties": {
        "osm_id": 661178361,
        "osm_type": "way",
        "name": "Samiyar Kulam",
        "name_ta": "",
        "category": "pond",
        "water_type": "pond",
        "latitude": 13.1334185,
        "longitude": 80.2096387,
        "city": "Chennai",
        "state": "Tamil Nadu"
      },
      "geometry": {
        "type": "Point",
        "coordinates": [
          80.2096387,
          13.1334185
        ]
      }
    },
    {
      "type": "Feature",
      "id": "wb-way-661178362",
      "properties": {
        "osm_id": 661178362,
        "osm_type": "way",
        "name": "Swamy Nagar Kulam",
        "name_ta": "",
        "category": "pond",
        "water_type": "pond",
        "latitude": 13.1487207,
        "longitude": 80.2298196,
        "city": "Chennai",
        "state": "Tamil Nadu"
      },
      "geometry": {
        "type": "Point",
        "coordinates": [
          80.2298196,
          13.1487207
        ]
      }
    },
    {
      "type": "Feature",
      "id": "wb-way-661178363",
      "properties": {
        "osm_id": 661178363,
        "osm_type": "way",
        "name": "Perumal Koil Street Kulam",
        "name_ta": "",
        "category": "pond",
        "water_type": "pond",
        "latitude": 13.1520561,
        "longitude": 80.2319889,
        "city": "Chennai",
        "state": "Tamil Nadu"
      },
      "geometry": {
        "type": "Point",
        "coordinates": [
          80.2319889,
          13.1520561
        ]
      }
    },
    {
      "type": "Feature",
      "id": "wb-way-661178364",
      "properties": {
        "osm_id": 661178364,
        "osm_type": "way",
        "name": "Ramachandra Nagar Kulam",
        "name_ta": "",
        "category": "pond",
        "water_type": "pond",
        "latitude": 13.1535657,
        "longitude": 80.2344569,
        "city": "Chennai",
        "state": "Tamil Nadu"
      },
      "geometry": {
        "type": "Point",
        "coordinates": [
          80.2344569,
          13.1535657
        ]
      }
    },
    {
      "type": "Feature",
      "id": "wb-way-661178365",
      "properties": {
        "osm_id": 661178365,
        "osm_type": "way",
        "name": "Kumarappapuram Kulam",
        "name_ta": "",
        "category": "pond",
        "water_type": "pond",
        "latitude": 13.1527097,
        "longitude": 80.2358713,
        "city": "Chennai",
        "state": "Tamil Nadu"
      },
      "geometry": {
        "type": "Point",
        "coordinates": [
          80.2358713,
          13.1527097
        ]
      }
    },
    {
      "type": "Feature",
      "id": "wb-way-661178366",
      "properties": {
        "osm_id": 661178366,
        "osm_type": "way",
        "name": "Thideer Nagar Lake",
        "name_ta": "",
        "category": "lake",
        "water_type": "lake",
        "latitude": 13.1672775,
        "longitude": 80.2270824,
        "city": "Chennai",
        "state": "Tamil Nadu"
      },
      "geometry": {
        "type": "Point",
        "coordinates": [
          80.2270824,
          13.1672775
        ]
      }
    },
    {
      "type": "Feature",
      "id": "wb-way-661178367",
      "properties": {
        "osm_id": 661178367,
        "osm_type": "way",
        "name": "Poosani Kulam",
        "name_ta": "",
        "category": "pond",
        "water_type": "pond",
        "latitude": 13.1653618,
        "longitude": 80.2548943,
        "city": "Chennai",
        "state": "Tamil Nadu"
      },
      "geometry": {
        "type": "Point",
        "coordinates": [
          80.2548943,
          13.1653618
        ]
      }
    },
    {
      "type": "Feature",
      "id": "wb-way-661178368",
      "properties": {
        "osm_id": 661178368,
        "osm_type": "way",
        "name": "Thamarai POND",
        "name_ta": "",
        "category": "pond",
        "water_type": "pond",
        "latitude": 13.1670151,
        "longitude": 80.2576543,
        "city": "Chennai",
        "state": "Tamil Nadu"
      },
      "geometry": {
        "type": "Point",
        "coordinates": [
          80.2576543,
          13.1670151
        ]
      }
    },
    {
      "type": "Feature",
      "id": "wb-way-661178369",
      "properties": {
        "osm_id": 661178369,
        "osm_type": "way",
        "name": "Kulakkarai Karumariamman Koil Street Pond",
        "name_ta": "",
        "category": "pond",
        "water_type": "pond",
        "latitude": 13.1754234,
        "longitude": 80.2517068,
        "city": "Chennai",
        "state": "Tamil Nadu"
      },
      "geometry": {
        "type": "Point",
        "coordinates": [
          80.2517068,
          13.1754234
        ]
      }
    },
    {
      "type": "Feature",
      "id": "wb-way-661178370",
      "properties": {
        "osm_id": 661178370,
        "osm_type": "way",
        "name": "Zakir Hussain Pond",
        "name_ta": "",
        "category": "pond",
        "water_type": "pond",
        "latitude": 13.1647415,
        "longitude": 80.2640219,
        "city": "Chennai",
        "state": "Tamil Nadu"
      },
      "geometry": {
        "type": "Point",
        "coordinates": [
          80.2640219,
          13.1647415
        ]
      }
    },
    {
      "type": "Feature",
      "id": "wb-way-661178371",
      "properties": {
        "osm_id": 661178371,
        "osm_type": "way",
        "name": "Jalakanda Mariyamman Koil Street Pond",
        "name_ta": "",
        "category": "pond",
        "water_type": "pond",
        "latitude": 13.1639711,
        "longitude": 80.2632755,
        "city": "Chennai",
        "state": "Tamil Nadu"
      },
      "geometry": {
        "type": "Point",
        "coordinates": [
          80.2632755,
          13.1639711
        ]
      }
    },
    {
      "type": "Feature",
      "id": "wb-way-661178372",
      "properties": {
        "osm_id": 661178372,
        "osm_type": "way",
        "name": "Railway Pond 3",
        "name_ta": "",
        "category": "pond",
        "water_type": "pond",
        "latitude": 13.1740398,
        "longitude": 80.3028166,
        "city": "Chennai",
        "state": "Tamil Nadu"
      },
      "geometry": {
        "type": "Point",
        "coordinates": [
          80.3028166,
          13.1740398
        ]
      }
    },
    {
      "type": "Feature",
      "id": "wb-way-661178373",
      "properties": {
        "osm_id": 661178373,
        "osm_type": "way",
        "name": "Sadayankuppam Tank",
        "name_ta": "",
        "category": "lake",
        "water_type": "lake",
        "latitude": 13.1866549,
        "longitude": 80.2906943,
        "city": "Chennai",
        "state": "Tamil Nadu"
      },
      "geometry": {
        "type": "Point",
        "coordinates": [
          80.2906943,
          13.1866549
        ]
      }
    },
    {
      "type": "Feature",
      "id": "wb-way-661178374",
      "properties": {
        "osm_id": 661178374,
        "osm_type": "way",
        "name": "Edayanchavadi Pond",
        "name_ta": "",
        "category": "pond",
        "water_type": "pond",
        "latitude": 13.2148946,
        "longitude": 80.2775589,
        "city": "Chennai",
        "state": "Tamil Nadu"
      },
      "geometry": {
        "type": "Point",
        "coordinates": [
          80.2775589,
          13.2148946
        ]
      }
    },
    {
      "type": "Feature",
      "id": "wb-way-661178375",
      "properties": {
        "osm_id": 661178375,
        "osm_type": "way",
        "name": "Andarkuppam Burial Ground Pond",
        "name_ta": "",
        "category": "pond",
        "water_type": "pond",
        "latitude": 13.193867,
        "longitude": 80.2685655,
        "city": "Chennai",
        "state": "Tamil Nadu"
      },
      "geometry": {
        "type": "Point",
        "coordinates": [
          80.2685655,
          13.193867
        ]
      }
    },
    {
      "type": "Feature",
      "id": "wb-way-661178376",
      "properties": {
        "osm_id": 661178376,
        "osm_type": "way",
        "name": "Natham Purampokku Pond",
        "name_ta": "",
        "category": "pond",
        "water_type": "pond",
        "latitude": 13.2027698,
        "longitude": 80.2677823,
        "city": "Chennai",
        "state": "Tamil Nadu"
      },
      "geometry": {
        "type": "Point",
        "coordinates": [
          80.2677823,
          13.2027698
        ]
      }
    },
    {
      "type": "Feature",
      "id": "wb-way-661178377",
      "properties": {
        "osm_id": 661178377,
        "osm_type": "way",
        "name": "Kanniyamman Kovil Street Pond",
        "name_ta": "",
        "category": "pond",
        "water_type": "pond",
        "latitude": 13.1953424,
        "longitude": 80.2552611,
        "city": "Chennai",
        "state": "Tamil Nadu"
      },
      "geometry": {
        "type": "Point",
        "coordinates": [
          80.2552611,
          13.1953424
        ]
      }
    },
    {
      "type": "Feature",
      "id": "wb-way-665521119",
      "properties": {
        "osm_id": 665521119,
        "osm_type": "way",
        "name": "Unnamed Pond (wb-way-665521119)",
        "name_ta": "",
        "category": "pond",
        "water_type": "water",
        "latitude": 13.2369359,
        "longitude": 80.3065955,
        "city": "Chennai",
        "state": "Tamil Nadu"
      },
      "geometry": {
        "type": "Point",
        "coordinates": [
          80.3065955,
          13.2369359
        ]
      }
    },
    {
      "type": "Feature",
      "id": "wb-way-665689549",
      "properties": {
        "osm_id": 665689549,
        "osm_type": "way",
        "name": "Unnamed Pond (wb-way-665689549)",
        "name_ta": "",
        "category": "pond",
        "water_type": "pond",
        "latitude": 13.2418251,
        "longitude": 80.265145,
        "city": "Chennai",
        "state": "Tamil Nadu"
      },
      "geometry": {
        "type": "Point",
        "coordinates": [
          80.265145,
          13.2418251
        ]
      }
    },
    {
      "type": "Feature",
      "id": "wb-way-666758423",
      "properties": {
        "osm_id": 666758423,
        "osm_type": "way",
        "name": "Unnamed Pond (wb-way-666758423)",
        "name_ta": "",
        "category": "pond",
        "water_type": "pond",
        "latitude": 13.1084059,
        "longitude": 80.1907997,
        "city": "Chennai",
        "state": "Tamil Nadu"
      },
      "geometry": {
        "type": "Point",
        "coordinates": [
          80.1907997,
          13.1084059
        ]
      }
    },
    {
      "type": "Feature",
      "id": "wb-way-666758424",
      "properties": {
        "osm_id": 666758424,
        "osm_type": "way",
        "name": "Unnamed Pond (wb-way-666758424)",
        "name_ta": "",
        "category": "pond",
        "water_type": "pond",
        "latitude": 13.1068447,
        "longitude": 80.18926,
        "city": "Chennai",
        "state": "Tamil Nadu"
      },
      "geometry": {
        "type": "Point",
        "coordinates": [
          80.18926,
          13.1068447
        ]
      }
    },
    {
      "type": "Feature",
      "id": "wb-way-666765037",
      "properties": {
        "osm_id": 666765037,
        "osm_type": "way",
        "name": "Unnamed Pond (wb-way-666765037)",
        "name_ta": "",
        "category": "pond",
        "water_type": "pond",
        "latitude": 12.9452065,
        "longitude": 80.2149659,
        "city": "Chennai",
        "state": "Tamil Nadu"
      },
      "geometry": {
        "type": "Point",
        "coordinates": [
          80.2149659,
          12.9452065
        ]
      }
    },
    {
      "type": "Feature",
      "id": "wb-way-666765038",
      "properties": {
        "osm_id": 666765038,
        "osm_type": "way",
        "name": "Unnamed Pond (wb-way-666765038)",
        "name_ta": "",
        "category": "pond",
        "water_type": "pond",
        "latitude": 12.9468805,
        "longitude": 80.2140121,
        "city": "Chennai",
        "state": "Tamil Nadu"
      },
      "geometry": {
        "type": "Point",
        "coordinates": [
          80.2140121,
          12.9468805
        ]
      }
    },
    {
      "type": "Feature",
      "id": "wb-way-666765040",
      "properties": {
        "osm_id": 666765040,
        "osm_type": "way",
        "name": "Unnamed Pond (wb-way-666765040)",
        "name_ta": "",
        "category": "pond",
        "water_type": "pond",
        "latitude": 12.9450261,
        "longitude": 80.2134377,
        "city": "Chennai",
        "state": "Tamil Nadu"
      },
      "geometry": {
        "type": "Point",
        "coordinates": [
          80.2134377,
          12.9450261
        ]
      }
    },
    {
      "type": "Feature",
      "id": "wb-way-666765730",
      "properties": {
        "osm_id": 666765730,
        "osm_type": "way",
        "name": "Unnamed Pond (wb-way-666765730)",
        "name_ta": "",
        "category": "pond",
        "water_type": "pond",
        "latitude": 12.9459928,
        "longitude": 80.2140335,
        "city": "Chennai",
        "state": "Tamil Nadu"
      },
      "geometry": {
        "type": "Point",
        "coordinates": [
          80.2140335,
          12.9459928
        ]
      }
    },
    {
      "type": "Feature",
      "id": "wb-way-675826935",
      "properties": {
        "osm_id": 675826935,
        "osm_type": "way",
        "name": "Unnamed Reservoir (wb-way-675826935)",
        "name_ta": "",
        "category": "reservoir",
        "water_type": "reservoir",
        "latitude": 13.0518218,
        "longitude": 80.2440731,
        "city": "Chennai",
        "state": "Tamil Nadu"
      },
      "geometry": {
        "type": "Point",
        "coordinates": [
          80.2440731,
          13.0518218
        ]
      }
    },
    {
      "type": "Feature",
      "id": "wb-way-677255694",
      "properties": {
        "osm_id": 677255694,
        "osm_type": "way",
        "name": "temple pond",
        "name_ta": "",
        "category": "pond",
        "water_type": "water",
        "latitude": 12.9846103,
        "longitude": 80.2606385,
        "city": "Chennai",
        "state": "Tamil Nadu"
      },
      "geometry": {
        "type": "Point",
        "coordinates": [
          80.2606385,
          12.9846103
        ]
      }
    },
    {
      "type": "Feature",
      "id": "wb-way-677746525",
      "properties": {
        "osm_id": 677746525,
        "osm_type": "way",
        "name": "Unnamed Pond (wb-way-677746525)",
        "name_ta": "",
        "category": "pond",
        "water_type": "water",
        "latitude": 12.8799797,
        "longitude": 80.0909335,
        "city": "Chennai",
        "state": "Tamil Nadu"
      },
      "geometry": {
        "type": "Point",
        "coordinates": [
          80.0909335,
          12.8799797
        ]
      }
    },
    {
      "type": "Feature",
      "id": "wb-way-682046324",
      "properties": {
        "osm_id": 682046324,
        "osm_type": "way",
        "name": "Tower park pond",
        "name_ta": "",
        "category": "pond",
        "water_type": "pond",
        "latitude": 13.087577,
        "longitude": 80.2142743,
        "city": "Chennai",
        "state": "Tamil Nadu"
      },
      "geometry": {
        "type": "Point",
        "coordinates": [
          80.2142743,
          13.087577
        ]
      }
    },
    {
      "type": "Feature",
      "id": "wb-way-685182151",
      "properties": {
        "osm_id": 685182151,
        "osm_type": "way",
        "name": "Unnamed Lake (wb-way-685182151)",
        "name_ta": "",
        "category": "lake",
        "water_type": "lake",
        "latitude": 12.8971247,
        "longitude": 80.1133154,
        "city": "Chennai",
        "state": "Tamil Nadu"
      },
      "geometry": {
        "type": "Point",
        "coordinates": [
          80.1133154,
          12.8971247
        ]
      }
    },
    {
      "type": "Feature",
      "id": "wb-way-685182549",
      "properties": {
        "osm_id": 685182549,
        "osm_type": "way",
        "name": "Unnamed Reservoir (wb-way-685182549)",
        "name_ta": "",
        "category": "reservoir",
        "water_type": "reservoir",
        "latitude": 12.9080255,
        "longitude": 80.1091785,
        "city": "Chennai",
        "state": "Tamil Nadu"
      },
      "geometry": {
        "type": "Point",
        "coordinates": [
          80.1091785,
          12.9080255
        ]
      }
    },
    {
      "type": "Feature",
      "id": "wb-way-733490385",
      "properties": {
        "osm_id": 733490385,
        "osm_type": "way",
        "name": "Wipro CDC 5 Pond",
        "name_ta": "",
        "category": "pond",
        "water_type": "pond",
        "latitude": 12.9055373,
        "longitude": 80.220078,
        "city": "Chennai",
        "state": "Tamil Nadu"
      },
      "geometry": {
        "type": "Point",
        "coordinates": [
          80.220078,
          12.9055373
        ]
      }
    },
    {
      "type": "Feature",
      "id": "wb-way-733530086",
      "properties": {
        "osm_id": 733530086,
        "osm_type": "way",
        "name": "Wipro CDC 5 Pond near Learning Centre",
        "name_ta": "",
        "category": "pond",
        "water_type": "pond",
        "latitude": 12.905164,
        "longitude": 80.2218312,
        "city": "Chennai",
        "state": "Tamil Nadu"
      },
      "geometry": {
        "type": "Point",
        "coordinates": [
          80.2218312,
          12.905164
        ]
      }
    },
    {
      "type": "Feature",
      "id": "wb-way-733530089",
      "properties": {
        "osm_id": 733530089,
        "osm_type": "way",
        "name": "Mini pond with artificial waterfall",
        "name_ta": "",
        "category": "pond",
        "water_type": "pond",
        "latitude": 12.9085577,
        "longitude": 80.2256832,
        "city": "Chennai",
        "state": "Tamil Nadu"
      },
      "geometry": {
        "type": "Point",
        "coordinates": [
          80.2256832,
          12.9085577
        ]
      }
    },
    {
      "type": "Feature",
      "id": "wb-way-740146567",
      "properties": {
        "osm_id": 740146567,
        "osm_type": "way",
        "name": "Unnamed Pond (wb-way-740146567)",
        "name_ta": "",
        "category": "pond",
        "water_type": "pond",
        "latitude": 12.9608006,
        "longitude": 80.0534323,
        "city": "Chennai",
        "state": "Tamil Nadu"
      },
      "geometry": {
        "type": "Point",
        "coordinates": [
          80.0534323,
          12.9608006
        ]
      }
    },
    {
      "type": "Feature",
      "id": "wb-way-740151030",
      "properties": {
        "osm_id": 740151030,
        "osm_type": "way",
        "name": "Unnamed Pond (wb-way-740151030)",
        "name_ta": "",
        "category": "pond",
        "water_type": "pond",
        "latitude": 12.961319,
        "longitude": 80.0531701,
        "city": "Chennai",
        "state": "Tamil Nadu"
      },
      "geometry": {
        "type": "Point",
        "coordinates": [
          80.0531701,
          12.961319
        ]
      }
    },
    {
      "type": "Feature",
      "id": "wb-way-740151031",
      "properties": {
        "osm_id": 740151031,
        "osm_type": "way",
        "name": "Unnamed Pond (wb-way-740151031)",
        "name_ta": "",
        "category": "pond",
        "water_type": "pond",
        "latitude": 12.9602594,
        "longitude": 80.0532836,
        "city": "Chennai",
        "state": "Tamil Nadu"
      },
      "geometry": {
        "type": "Point",
        "coordinates": [
          80.0532836,
          12.9602594
        ]
      }
    },
    {
      "type": "Feature",
      "id": "wb-way-754068463",
      "properties": {
        "osm_id": 754068463,
        "osm_type": "way",
        "name": "Unnamed Wetland (wb-way-754068463)",
        "name_ta": "",
        "category": "wetland",
        "water_type": "wetland",
        "latitude": 12.917533,
        "longitude": 80.181664,
        "city": "Chennai",
        "state": "Tamil Nadu"
      },
      "geometry": {
        "type": "Point",
        "coordinates": [
          80.181664,
          12.917533
        ]
      }
    },
    {
      "type": "Feature",
      "id": "wb-way-754069136",
      "properties": {
        "osm_id": 754069136,
        "osm_type": "way",
        "name": "Unnamed Pond (wb-way-754069136)",
        "name_ta": "",
        "category": "pond",
        "water_type": "pond",
        "latitude": 12.919043,
        "longitude": 80.1834219,
        "city": "Chennai",
        "state": "Tamil Nadu"
      },
      "geometry": {
        "type": "Point",
        "coordinates": [
          80.1834219,
          12.919043
        ]
      }
    },
    {
      "type": "Feature",
      "id": "wb-way-772410448",
      "properties": {
        "osm_id": 772410448,
        "osm_type": "way",
        "name": "Unnamed Pond (wb-way-772410448)",
        "name_ta": "",
        "category": "pond",
        "water_type": "pond",
        "latitude": 12.861738,
        "longitude": 80.1374316,
        "city": "Chennai",
        "state": "Tamil Nadu"
      },
      "geometry": {
        "type": "Point",
        "coordinates": [
          80.1374316,
          12.861738
        ]
      }
    },
    {
      "type": "Feature",
      "id": "wb-way-813634947",
      "properties": {
        "osm_id": 813634947,
        "osm_type": "way",
        "name": "Unnamed Wetland (wb-way-813634947)",
        "name_ta": "",
        "category": "wetland",
        "water_type": "wetland",
        "latitude": 13.0991845,
        "longitude": 80.1164218,
        "city": "Chennai",
        "state": "Tamil Nadu"
      },
      "geometry": {
        "type": "Point",
        "coordinates": [
          80.1164218,
          13.0991845
        ]
      }
    },
    {
      "type": "Feature",
      "id": "wb-way-813634949",
      "properties": {
        "osm_id": 813634949,
        "osm_type": "way",
        "name": "Unnamed Pond (wb-way-813634949)",
        "name_ta": "",
        "category": "pond",
        "water_type": "water",
        "latitude": 13.0942274,
        "longitude": 80.1236585,
        "city": "Chennai",
        "state": "Tamil Nadu"
      },
      "geometry": {
        "type": "Point",
        "coordinates": [
          80.1236585,
          13.0942274
        ]
      }
    },
    {
      "type": "Feature",
      "id": "wb-way-813634975",
      "properties": {
        "osm_id": 813634975,
        "osm_type": "way",
        "name": "Unnamed Wetland (wb-way-813634975)",
        "name_ta": "",
        "category": "wetland",
        "water_type": "wetland",
        "latitude": 13.0873172,
        "longitude": 80.1338334,
        "city": "Chennai",
        "state": "Tamil Nadu"
      },
      "geometry": {
        "type": "Point",
        "coordinates": [
          80.1338334,
          13.0873172
        ]
      }
    },
    {
      "type": "Feature",
      "id": "wb-way-820175629",
      "properties": {
        "osm_id": 820175629,
        "osm_type": "way",
        "name": "Unnamed Pond (wb-way-820175629)",
        "name_ta": "",
        "category": "pond",
        "water_type": "pond",
        "latitude": 12.9670822,
        "longitude": 80.2359143,
        "city": "Chennai",
        "state": "Tamil Nadu"
      },
      "geometry": {
        "type": "Point",
        "coordinates": [
          80.2359143,
          12.9670822
        ]
      }
    },
    {
      "type": "Feature",
      "id": "wb-way-834888383",
      "properties": {
        "osm_id": 834888383,
        "osm_type": "way",
        "name": "Unnamed Pond (wb-way-834888383)",
        "name_ta": "",
        "category": "pond",
        "water_type": "pond",
        "latitude": 13.1212069,
        "longitude": 80.1621201,
        "city": "Chennai",
        "state": "Tamil Nadu"
      },
      "geometry": {
        "type": "Point",
        "coordinates": [
          80.1621201,
          13.1212069
        ]
      }
    },
    {
      "type": "Feature",
      "id": "wb-way-836835728",
      "properties": {
        "osm_id": 836835728,
        "osm_type": "way",
        "name": "Thandurai Pond Lake",
        "name_ta": "",
        "category": "lake",
        "water_type": "pond",
        "latitude": 13.0984485,
        "longitude": 80.058512,
        "city": "Chennai",
        "state": "Tamil Nadu"
      },
      "geometry": {
        "type": "Point",
        "coordinates": [
          80.058512,
          13.0984485
        ]
      }
    },
    {
      "type": "Feature",
      "id": "wb-way-840519180",
      "properties": {
        "osm_id": 840519180,
        "osm_type": "way",
        "name": "Unnamed Pond (wb-way-840519180)",
        "name_ta": "",
        "category": "pond",
        "water_type": "pond",
        "latitude": 13.1190095,
        "longitude": 80.1617729,
        "city": "Chennai",
        "state": "Tamil Nadu"
      },
      "geometry": {
        "type": "Point",
        "coordinates": [
          80.1617729,
          13.1190095
        ]
      }
    },
    {
      "type": "Feature",
      "id": "wb-way-840880636",
      "properties": {
        "osm_id": 840880636,
        "osm_type": "way",
        "name": "Unnamed Basin (wb-way-840880636)",
        "name_ta": "",
        "category": "basin",
        "water_type": "basin",
        "latitude": 13.1604667,
        "longitude": 80.2706854,
        "city": "Chennai",
        "state": "Tamil Nadu"
      },
      "geometry": {
        "type": "Point",
        "coordinates": [
          80.2706854,
          13.1604667
        ]
      }
    },
    {
      "type": "Feature",
      "id": "wb-way-840880637",
      "properties": {
        "osm_id": 840880637,
        "osm_type": "way",
        "name": "Unnamed Basin (wb-way-840880637)",
        "name_ta": "",
        "category": "basin",
        "water_type": "basin",
        "latitude": 13.1723738,
        "longitude": 80.2765356,
        "city": "Chennai",
        "state": "Tamil Nadu"
      },
      "geometry": {
        "type": "Point",
        "coordinates": [
          80.2765356,
          13.1723738
        ]
      }
    },
    {
      "type": "Feature",
      "id": "wb-way-840880638",
      "properties": {
        "osm_id": 840880638,
        "osm_type": "way",
        "name": "Unnamed Basin (wb-way-840880638)",
        "name_ta": "",
        "category": "basin",
        "water_type": "basin",
        "latitude": 13.1757443,
        "longitude": 80.2809395,
        "city": "Chennai",
        "state": "Tamil Nadu"
      },
      "geometry": {
        "type": "Point",
        "coordinates": [
          80.2809395,
          13.1757443
        ]
      }
    },
    {
      "type": "Feature",
      "id": "wb-way-840880639",
      "properties": {
        "osm_id": 840880639,
        "osm_type": "way",
        "name": "Unnamed Basin (wb-way-840880639)",
        "name_ta": "",
        "category": "basin",
        "water_type": "basin",
        "latitude": 13.1754526,
        "longitude": 80.2806717,
        "city": "Chennai",
        "state": "Tamil Nadu"
      },
      "geometry": {
        "type": "Point",
        "coordinates": [
          80.2806717,
          13.1754526
        ]
      }
    },
    {
      "type": "Feature",
      "id": "wb-way-840880646",
      "properties": {
        "osm_id": 840880646,
        "osm_type": "way",
        "name": "Unnamed Basin (wb-way-840880646)",
        "name_ta": "",
        "category": "basin",
        "water_type": "basin",
        "latitude": 13.1770326,
        "longitude": 80.2810147,
        "city": "Chennai",
        "state": "Tamil Nadu"
      },
      "geometry": {
        "type": "Point",
        "coordinates": [
          80.2810147,
          13.1770326
        ]
      }
    },
    {
      "type": "Feature",
      "id": "wb-way-840880647",
      "properties": {
        "osm_id": 840880647,
        "osm_type": "way",
        "name": "Unnamed Basin (wb-way-840880647)",
        "name_ta": "",
        "category": "basin",
        "water_type": "basin",
        "latitude": 13.1771398,
        "longitude": 80.2803925,
        "city": "Chennai",
        "state": "Tamil Nadu"
      },
      "geometry": {
        "type": "Point",
        "coordinates": [
          80.2803925,
          13.1771398
        ]
      }
    },
    {
      "type": "Feature",
      "id": "wb-way-840880648",
      "properties": {
        "osm_id": 840880648,
        "osm_type": "way",
        "name": "Unnamed Basin (wb-way-840880648)",
        "name_ta": "",
        "category": "basin",
        "water_type": "basin",
        "latitude": 13.1770929,
        "longitude": 80.2806633,
        "city": "Chennai",
        "state": "Tamil Nadu"
      },
      "geometry": {
        "type": "Point",
        "coordinates": [
          80.2806633,
          13.1770929
        ]
      }
    },
    {
      "type": "Feature",
      "id": "wb-way-840880649",
      "properties": {
        "osm_id": 840880649,
        "osm_type": "way",
        "name": "Unnamed Basin (wb-way-840880649)",
        "name_ta": "",
        "category": "basin",
        "water_type": "basin",
        "latitude": 13.1718971,
        "longitude": 80.2700229,
        "city": "Chennai",
        "state": "Tamil Nadu"
      },
      "geometry": {
        "type": "Point",
        "coordinates": [
          80.2700229,
          13.1718971
        ]
      }
    },
    {
      "type": "Feature",
      "id": "wb-way-840880650",
      "properties": {
        "osm_id": 840880650,
        "osm_type": "way",
        "name": "Unnamed Basin (wb-way-840880650)",
        "name_ta": "",
        "category": "basin",
        "water_type": "basin",
        "latitude": 13.1719098,
        "longitude": 80.2695127,
        "city": "Chennai",
        "state": "Tamil Nadu"
      },
      "geometry": {
        "type": "Point",
        "coordinates": [
          80.2695127,
          13.1719098
        ]
      }
    },
    {
      "type": "Feature",
      "id": "wb-way-843255609",
      "properties": {
        "osm_id": 843255609,
        "osm_type": "way",
        "name": "Unnamed Basin (wb-way-843255609)",
        "name_ta": "",
        "category": "basin",
        "water_type": "basin",
        "latitude": 13.0401505,
        "longitude": 80.047888,
        "city": "Chennai",
        "state": "Tamil Nadu"
      },
      "geometry": {
        "type": "Point",
        "coordinates": [
          80.047888,
          13.0401505
        ]
      }
    },
    {
      "type": "Feature",
      "id": "wb-way-843608975",
      "properties": {
        "osm_id": 843608975,
        "osm_type": "way",
        "name": "Unnamed Pond (wb-way-843608975)",
        "name_ta": "",
        "category": "pond",
        "water_type": "ditch",
        "latitude": 13.1148677,
        "longitude": 80.1644407,
        "city": "Chennai",
        "state": "Tamil Nadu"
      },
      "geometry": {
        "type": "Point",
        "coordinates": [
          80.1644407,
          13.1148677
        ]
      }
    },
    {
      "type": "Feature",
      "id": "wb-way-847263340",
      "properties": {
        "osm_id": 847263340,
        "osm_type": "way",
        "name": "Unnamed Reservoir (wb-way-847263340)",
        "name_ta": "",
        "category": "reservoir",
        "water_type": "reservoir",
        "latitude": 12.9609775,
        "longitude": 80.2134408,
        "city": "Chennai",
        "state": "Tamil Nadu"
      },
      "geometry": {
        "type": "Point",
        "coordinates": [
          80.2134408,
          12.9609775
        ]
      }
    },
    {
      "type": "Feature",
      "id": "wb-way-856305213",
      "properties": {
        "osm_id": 856305213,
        "osm_type": "way",
        "name": "Unnamed Pond (wb-way-856305213)",
        "name_ta": "",
        "category": "pond",
        "water_type": "pond",
        "latitude": 12.9557406,
        "longitude": 80.1288958,
        "city": "Chennai",
        "state": "Tamil Nadu"
      },
      "geometry": {
        "type": "Point",
        "coordinates": [
          80.1288958,
          12.9557406
        ]
      }
    },
    {
      "type": "Feature",
      "id": "wb-way-864059072",
      "properties": {
        "osm_id": 864059072,
        "osm_type": "way",
        "name": "Unnamed Pond (wb-way-864059072)",
        "name_ta": "",
        "category": "pond",
        "water_type": "water",
        "latitude": 12.9556174,
        "longitude": 80.1779449,
        "city": "Chennai",
        "state": "Tamil Nadu"
      },
      "geometry": {
        "type": "Point",
        "coordinates": [
          80.1779449,
          12.9556174
        ]
      }
    },
    {
      "type": "Feature",
      "id": "wb-way-864059073",
      "properties": {
        "osm_id": 864059073,
        "osm_type": "way",
        "name": "Moovarasampettai Lake",
        "name_ta": "",
        "category": "lake",
        "water_type": "water",
        "latitude": 12.9640622,
        "longitude": 80.1809784,
        "city": "Chennai",
        "state": "Tamil Nadu"
      },
      "geometry": {
        "type": "Point",
        "coordinates": [
          80.1809784,
          12.9640622
        ]
      }
    },
    {
      "type": "Feature",
      "id": "wb-way-864059074",
      "properties": {
        "osm_id": 864059074,
        "osm_type": "way",
        "name": "Unnamed Pond (wb-way-864059074)",
        "name_ta": "",
        "category": "pond",
        "water_type": "water",
        "latitude": 12.960399,
        "longitude": 80.1791945,
        "city": "Chennai",
        "state": "Tamil Nadu"
      },
      "geometry": {
        "type": "Point",
        "coordinates": [
          80.1791945,
          12.960399
        ]
      }
    },
    {
      "type": "Feature",
      "id": "wb-way-864059075",
      "properties": {
        "osm_id": 864059075,
        "osm_type": "way",
        "name": "Unnamed Pond (wb-way-864059075)",
        "name_ta": "",
        "category": "pond",
        "water_type": "water",
        "latitude": 12.9597675,
        "longitude": 80.1789965,
        "city": "Chennai",
        "state": "Tamil Nadu"
      },
      "geometry": {
        "type": "Point",
        "coordinates": [
          80.1789965,
          12.9597675
        ]
      }
    },
    {
      "type": "Feature",
      "id": "wb-way-876012418",
      "properties": {
        "osm_id": 876012418,
        "osm_type": "way",
        "name": "Unnamed Pond (wb-way-876012418)",
        "name_ta": "",
        "category": "pond",
        "water_type": "wastewater",
        "latitude": 12.958018,
        "longitude": 80.2336328,
        "city": "Chennai",
        "state": "Tamil Nadu"
      },
      "geometry": {
        "type": "Point",
        "coordinates": [
          80.2336328,
          12.958018
        ]
      }
    },
    {
      "type": "Feature",
      "id": "wb-way-876012419",
      "properties": {
        "osm_id": 876012419,
        "osm_type": "way",
        "name": "Unnamed Pond (wb-way-876012419)",
        "name_ta": "",
        "category": "pond",
        "water_type": "wastewater",
        "latitude": 12.9576153,
        "longitude": 80.2335792,
        "city": "Chennai",
        "state": "Tamil Nadu"
      },
      "geometry": {
        "type": "Point",
        "coordinates": [
          80.2335792,
          12.9576153
        ]
      }
    },
    {
      "type": "Feature",
      "id": "wb-way-876012420",
      "properties": {
        "osm_id": 876012420,
        "osm_type": "way",
        "name": "Unnamed Pond (wb-way-876012420)",
        "name_ta": "",
        "category": "pond",
        "water_type": "wastewater",
        "latitude": 12.9565894,
        "longitude": 80.2328972,
        "city": "Chennai",
        "state": "Tamil Nadu"
      },
      "geometry": {
        "type": "Point",
        "coordinates": [
          80.2328972,
          12.9565894
        ]
      }
    },
    {
      "type": "Feature",
      "id": "wb-way-876012421",
      "properties": {
        "osm_id": 876012421,
        "osm_type": "way",
        "name": "Unnamed Pond (wb-way-876012421)",
        "name_ta": "",
        "category": "pond",
        "water_type": "wastewater",
        "latitude": 12.9565728,
        "longitude": 80.2338163,
        "city": "Chennai",
        "state": "Tamil Nadu"
      },
      "geometry": {
        "type": "Point",
        "coordinates": [
          80.2338163,
          12.9565728
        ]
      }
    },
    {
      "type": "Feature",
      "id": "wb-way-876012422",
      "properties": {
        "osm_id": 876012422,
        "osm_type": "way",
        "name": "Unnamed Pond (wb-way-876012422)",
        "name_ta": "",
        "category": "pond",
        "water_type": "wastewater",
        "latitude": 12.9561353,
        "longitude": 80.2337729,
        "city": "Chennai",
        "state": "Tamil Nadu"
      },
      "geometry": {
        "type": "Point",
        "coordinates": [
          80.2337729,
          12.9561353
        ]
      }
    },
    {
      "type": "Feature",
      "id": "wb-way-876012423",
      "properties": {
        "osm_id": 876012423,
        "osm_type": "way",
        "name": "Unnamed Pond (wb-way-876012423)",
        "name_ta": "",
        "category": "pond",
        "water_type": "wastewater",
        "latitude": 12.9574785,
        "longitude": 80.234592,
        "city": "Chennai",
        "state": "Tamil Nadu"
      },
      "geometry": {
        "type": "Point",
        "coordinates": [
          80.234592,
          12.9574785
        ]
      }
    },
    {
      "type": "Feature",
      "id": "wb-way-876012424",
      "properties": {
        "osm_id": 876012424,
        "osm_type": "way",
        "name": "Unnamed Pond (wb-way-876012424)",
        "name_ta": "",
        "category": "pond",
        "water_type": "wastewater",
        "latitude": 12.9579138,
        "longitude": 80.2346412,
        "city": "Chennai",
        "state": "Tamil Nadu"
      },
      "geometry": {
        "type": "Point",
        "coordinates": [
          80.2346412,
          12.9579138
        ]
      }
    },
    {
      "type": "Feature",
      "id": "wb-way-876012427",
      "properties": {
        "osm_id": 876012427,
        "osm_type": "way",
        "name": "Unnamed Pond (wb-way-876012427)",
        "name_ta": "",
        "category": "pond",
        "water_type": "wastewater",
        "latitude": 12.9563549,
        "longitude": 80.2347808,
        "city": "Chennai",
        "state": "Tamil Nadu"
      },
      "geometry": {
        "type": "Point",
        "coordinates": [
          80.2347808,
          12.9563549
        ]
      }
    },
    {
      "type": "Feature",
      "id": "wb-way-876012428",
      "properties": {
        "osm_id": 876012428,
        "osm_type": "way",
        "name": "Unnamed Pond (wb-way-876012428)",
        "name_ta": "",
        "category": "pond",
        "water_type": "wastewater",
        "latitude": 12.9559886,
        "longitude": 80.2347336,
        "city": "Chennai",
        "state": "Tamil Nadu"
      },
      "geometry": {
        "type": "Point",
        "coordinates": [
          80.2347336,
          12.9559886
        ]
      }
    },
    {
      "type": "Feature",
      "id": "wb-way-876012429",
      "properties": {
        "osm_id": 876012429,
        "osm_type": "way",
        "name": "Unnamed Pond (wb-way-876012429)",
        "name_ta": "",
        "category": "pond",
        "water_type": "wastewater",
        "latitude": 12.9555849,
        "longitude": 80.2346929,
        "city": "Chennai",
        "state": "Tamil Nadu"
      },
      "geometry": {
        "type": "Point",
        "coordinates": [
          80.2346929,
          12.9555849
        ]
      }
    },
    {
      "type": "Feature",
      "id": "wb-way-886863070",
      "properties": {
        "osm_id": 886863070,
        "osm_type": "way",
        "name": "Unnamed Wetland (wb-way-886863070)",
        "name_ta": "",
        "category": "wetland",
        "water_type": "wetland",
        "latitude": 12.9600228,
        "longitude": 80.1923536,
        "city": "Chennai",
        "state": "Tamil Nadu"
      },
      "geometry": {
        "type": "Point",
        "coordinates": [
          80.1923536,
          12.9600228
        ]
      }
    },
    {
      "type": "Feature",
      "id": "wb-way-892146830",
      "properties": {
        "osm_id": 892146830,
        "osm_type": "way",
        "name": "Unnamed Wetland (wb-way-892146830)",
        "name_ta": "",
        "category": "wetland",
        "water_type": "wetland",
        "latitude": 13.2384565,
        "longitude": 80.2858571,
        "city": "Chennai",
        "state": "Tamil Nadu"
      },
      "geometry": {
        "type": "Point",
        "coordinates": [
          80.2858571,
          13.2384565
        ]
      }
    },
    {
      "type": "Feature",
      "id": "wb-way-931667168",
      "properties": {
        "osm_id": 931667168,
        "osm_type": "way",
        "name": "Omakulam",
        "name_ta": "",
        "category": "pond",
        "water_type": "water",
        "latitude": 13.1544829,
        "longitude": 80.2257973,
        "city": "Chennai",
        "state": "Tamil Nadu"
      },
      "geometry": {
        "type": "Point",
        "coordinates": [
          80.2257973,
          13.1544829
        ]
      }
    },
    {
      "type": "Feature",
      "id": "wb-way-932267465",
      "properties": {
        "osm_id": 932267465,
        "osm_type": "way",
        "name": "Gangaiamman Temple Pond",
        "name_ta": "",
        "category": "pond",
        "water_type": "pond",
        "latitude": 12.9694554,
        "longitude": 80.1857224,
        "city": "Chennai",
        "state": "Tamil Nadu"
      },
      "geometry": {
        "type": "Point",
        "coordinates": [
          80.1857224,
          12.9694554
        ]
      }
    },
    {
      "type": "Feature",
      "id": "wb-way-941826279",
      "properties": {
        "osm_id": 941826279,
        "osm_type": "way",
        "name": "Unnamed Wetland (wb-way-941826279)",
        "name_ta": "",
        "category": "wetland",
        "water_type": "wetland",
        "latitude": 13.2032136,
        "longitude": 80.2875778,
        "city": "Chennai",
        "state": "Tamil Nadu"
      },
      "geometry": {
        "type": "Point",
        "coordinates": [
          80.2875778,
          13.2032136
        ]
      }
    },
    {
      "type": "Feature",
      "id": "wb-way-941826280",
      "properties": {
        "osm_id": 941826280,
        "osm_type": "way",
        "name": "Unnamed Wetland (wb-way-941826280)",
        "name_ta": "",
        "category": "wetland",
        "water_type": "wetland",
        "latitude": 13.1951145,
        "longitude": 80.2964276,
        "city": "Chennai",
        "state": "Tamil Nadu"
      },
      "geometry": {
        "type": "Point",
        "coordinates": [
          80.2964276,
          13.1951145
        ]
      }
    },
    {
      "type": "Feature",
      "id": "wb-way-964595234",
      "properties": {
        "osm_id": 964595234,
        "osm_type": "way",
        "name": "Unnamed Reservoir (wb-way-964595234)",
        "name_ta": "",
        "category": "reservoir",
        "water_type": "reservoir",
        "latitude": 12.9929461,
        "longitude": 80.15028,
        "city": "Chennai",
        "state": "Tamil Nadu"
      },
      "geometry": {
        "type": "Point",
        "coordinates": [
          80.15028,
          12.9929461
        ]
      }
    },
    {
      "type": "Feature",
      "id": "wb-way-964595243",
      "properties": {
        "osm_id": 964595243,
        "osm_type": "way",
        "name": "Unnamed Pond (wb-way-964595243)",
        "name_ta": "",
        "category": "pond",
        "water_type": "pond",
        "latitude": 12.992662,
        "longitude": 80.1482806,
        "city": "Chennai",
        "state": "Tamil Nadu"
      },
      "geometry": {
        "type": "Point",
        "coordinates": [
          80.1482806,
          12.992662
        ]
      }
    },
    {
      "type": "Feature",
      "id": "wb-way-964595265",
      "properties": {
        "osm_id": 964595265,
        "osm_type": "way",
        "name": "Unnamed Pond (wb-way-964595265)",
        "name_ta": "",
        "category": "pond",
        "water_type": "pond",
        "latitude": 12.9906487,
        "longitude": 80.1486293,
        "city": "Chennai",
        "state": "Tamil Nadu"
      },
      "geometry": {
        "type": "Point",
        "coordinates": [
          80.1486293,
          12.9906487
        ]
      }
    },
    {
      "type": "Feature",
      "id": "wb-way-964595279",
      "properties": {
        "osm_id": 964595279,
        "osm_type": "way",
        "name": "Unnamed Pond (wb-way-964595279)",
        "name_ta": "",
        "category": "pond",
        "water_type": "pond",
        "latitude": 12.9897538,
        "longitude": 80.1470183,
        "city": "Chennai",
        "state": "Tamil Nadu"
      },
      "geometry": {
        "type": "Point",
        "coordinates": [
          80.1470183,
          12.9897538
        ]
      }
    },
    {
      "type": "Feature",
      "id": "wb-way-1022416288",
      "properties": {
        "osm_id": 1022416288,
        "osm_type": "way",
        "name": "Sirugulam",
        "name_ta": "",
        "category": "pond",
        "water_type": "pond",
        "latitude": 12.904579,
        "longitude": 80.1867834,
        "city": "Chennai",
        "state": "Tamil Nadu"
      },
      "geometry": {
        "type": "Point",
        "coordinates": [
          80.1867834,
          12.904579
        ]
      }
    },
    {
      "type": "Feature",
      "id": "wb-way-1051234324",
      "properties": {
        "osm_id": 1051234324,
        "osm_type": "way",
        "name": "Unnamed Pond (wb-way-1051234324)",
        "name_ta": "",
        "category": "pond",
        "water_type": "pond",
        "latitude": 13.2376108,
        "longitude": 80.1717306,
        "city": "Chennai",
        "state": "Tamil Nadu"
      },
      "geometry": {
        "type": "Point",
        "coordinates": [
          80.1717306,
          13.2376108
        ]
      }
    },
    {
      "type": "Feature",
      "id": "wb-way-1051241362",
      "properties": {
        "osm_id": 1051241362,
        "osm_type": "way",
        "name": "Unnamed Reservoir (wb-way-1051241362)",
        "name_ta": "",
        "category": "reservoir",
        "water_type": "reservoir",
        "latitude": 13.2307419,
        "longitude": 80.1675297,
        "city": "Chennai",
        "state": "Tamil Nadu"
      },
      "geometry": {
        "type": "Point",
        "coordinates": [
          80.1675297,
          13.2307419
        ]
      }
    },
    {
      "type": "Feature",
      "id": "wb-way-1060226605",
      "properties": {
        "osm_id": 1060226605,
        "osm_type": "way",
        "name": "Unnamed Reservoir (wb-way-1060226605)",
        "name_ta": "",
        "category": "reservoir",
        "water_type": "reservoir",
        "latitude": 13.2128972,
        "longitude": 80.1673947,
        "city": "Chennai",
        "state": "Tamil Nadu"
      },
      "geometry": {
        "type": "Point",
        "coordinates": [
          80.1673947,
          13.2128972
        ]
      }
    },
    {
      "type": "Feature",
      "id": "wb-way-1060226606",
      "properties": {
        "osm_id": 1060226606,
        "osm_type": "way",
        "name": "Unnamed Reservoir (wb-way-1060226606)",
        "name_ta": "",
        "category": "reservoir",
        "water_type": "reservoir",
        "latitude": 13.2124238,
        "longitude": 80.167403,
        "city": "Chennai",
        "state": "Tamil Nadu"
      },
      "geometry": {
        "type": "Point",
        "coordinates": [
          80.167403,
          13.2124238
        ]
      }
    },
    {
      "type": "Feature",
      "id": "wb-way-1060226619",
      "properties": {
        "osm_id": 1060226619,
        "osm_type": "way",
        "name": "Unnamed Reservoir (wb-way-1060226619)",
        "name_ta": "",
        "category": "reservoir",
        "water_type": "reservoir",
        "latitude": 13.2152617,
        "longitude": 80.1658909,
        "city": "Chennai",
        "state": "Tamil Nadu"
      },
      "geometry": {
        "type": "Point",
        "coordinates": [
          80.1658909,
          13.2152617
        ]
      }
    },
    {
      "type": "Feature",
      "id": "wb-way-1060226620",
      "properties": {
        "osm_id": 1060226620,
        "osm_type": "way",
        "name": "Unnamed Reservoir (wb-way-1060226620)",
        "name_ta": "",
        "category": "reservoir",
        "water_type": "reservoir",
        "latitude": 13.2152607,
        "longitude": 80.1657882,
        "city": "Chennai",
        "state": "Tamil Nadu"
      },
      "geometry": {
        "type": "Point",
        "coordinates": [
          80.1657882,
          13.2152607
        ]
      }
    },
    {
      "type": "Feature",
      "id": "wb-way-1060226655",
      "properties": {
        "osm_id": 1060226655,
        "osm_type": "way",
        "name": "Unnamed Wetland (wb-way-1060226655)",
        "name_ta": "",
        "category": "wetland",
        "water_type": "wetland",
        "latitude": 13.2129992,
        "longitude": 80.1692876,
        "city": "Chennai",
        "state": "Tamil Nadu"
      },
      "geometry": {
        "type": "Point",
        "coordinates": [
          80.1692876,
          13.2129992
        ]
      }
    },
    {
      "type": "Feature",
      "id": "wb-way-1060235966",
      "properties": {
        "osm_id": 1060235966,
        "osm_type": "way",
        "name": "Unnamed Reservoir (wb-way-1060235966)",
        "name_ta": "",
        "category": "reservoir",
        "water_type": "reservoir",
        "latitude": 13.2387809,
        "longitude": 80.3124543,
        "city": "Chennai",
        "state": "Tamil Nadu"
      },
      "geometry": {
        "type": "Point",
        "coordinates": [
          80.3124543,
          13.2387809
        ]
      }
    },
    {
      "type": "Feature",
      "id": "wb-way-1060235998",
      "properties": {
        "osm_id": 1060235998,
        "osm_type": "way",
        "name": "Unnamed Reservoir (wb-way-1060235998)",
        "name_ta": "",
        "category": "reservoir",
        "water_type": "reservoir",
        "latitude": 13.2408409,
        "longitude": 80.3075841,
        "city": "Chennai",
        "state": "Tamil Nadu"
      },
      "geometry": {
        "type": "Point",
        "coordinates": [
          80.3075841,
          13.2408409
        ]
      }
    },
    {
      "type": "Feature",
      "id": "wb-way-1060235999",
      "properties": {
        "osm_id": 1060235999,
        "osm_type": "way",
        "name": "Unnamed Reservoir (wb-way-1060235999)",
        "name_ta": "",
        "category": "reservoir",
        "water_type": "reservoir",
        "latitude": 13.2406816,
        "longitude": 80.3074733,
        "city": "Chennai",
        "state": "Tamil Nadu"
      },
      "geometry": {
        "type": "Point",
        "coordinates": [
          80.3074733,
          13.2406816
        ]
      }
    },
    {
      "type": "Feature",
      "id": "wb-way-1060236000",
      "properties": {
        "osm_id": 1060236000,
        "osm_type": "way",
        "name": "Unnamed Reservoir (wb-way-1060236000)",
        "name_ta": "",
        "category": "reservoir",
        "water_type": "reservoir",
        "latitude": 13.2409284,
        "longitude": 80.3073127,
        "city": "Chennai",
        "state": "Tamil Nadu"
      },
      "geometry": {
        "type": "Point",
        "coordinates": [
          80.3073127,
          13.2409284
        ]
      }
    },
    {
      "type": "Feature",
      "id": "wb-way-1062025017",
      "properties": {
        "osm_id": 1062025017,
        "osm_type": "way",
        "name": "Unnamed Pond (wb-way-1062025017)",
        "name_ta": "",
        "category": "pond",
        "water_type": "wastewater",
        "latitude": 13.1372127,
        "longitude": 80.2608819,
        "city": "Chennai",
        "state": "Tamil Nadu"
      },
      "geometry": {
        "type": "Point",
        "coordinates": [
          80.2608819,
          13.1372127
        ]
      }
    },
    {
      "type": "Feature",
      "id": "wb-way-1062025018",
      "properties": {
        "osm_id": 1062025018,
        "osm_type": "way",
        "name": "Unnamed Pond (wb-way-1062025018)",
        "name_ta": "",
        "category": "pond",
        "water_type": "wastewater",
        "latitude": 13.1373443,
        "longitude": 80.2603491,
        "city": "Chennai",
        "state": "Tamil Nadu"
      },
      "geometry": {
        "type": "Point",
        "coordinates": [
          80.2603491,
          13.1373443
        ]
      }
    },
    {
      "type": "Feature",
      "id": "wb-way-1062025019",
      "properties": {
        "osm_id": 1062025019,
        "osm_type": "way",
        "name": "Unnamed Pond (wb-way-1062025019)",
        "name_ta": "",
        "category": "pond",
        "water_type": "wastewater",
        "latitude": 13.1377355,
        "longitude": 80.2610745,
        "city": "Chennai",
        "state": "Tamil Nadu"
      },
      "geometry": {
        "type": "Point",
        "coordinates": [
          80.2610745,
          13.1377355
        ]
      }
    },
    {
      "type": "Feature",
      "id": "wb-way-1062025020",
      "properties": {
        "osm_id": 1062025020,
        "osm_type": "way",
        "name": "Unnamed Pond (wb-way-1062025020)",
        "name_ta": "",
        "category": "pond",
        "water_type": "wastewater",
        "latitude": 13.1378893,
        "longitude": 80.2604342,
        "city": "Chennai",
        "state": "Tamil Nadu"
      },
      "geometry": {
        "type": "Point",
        "coordinates": [
          80.2604342,
          13.1378893
        ]
      }
    },
    {
      "type": "Feature",
      "id": "wb-way-1062025021",
      "properties": {
        "osm_id": 1062025021,
        "osm_type": "way",
        "name": "Unnamed Pond (wb-way-1062025021)",
        "name_ta": "",
        "category": "pond",
        "water_type": "wastewater",
        "latitude": 13.1383652,
        "longitude": 80.2612321,
        "city": "Chennai",
        "state": "Tamil Nadu"
      },
      "geometry": {
        "type": "Point",
        "coordinates": [
          80.2612321,
          13.1383652
        ]
      }
    },
    {
      "type": "Feature",
      "id": "wb-way-1062025022",
      "properties": {
        "osm_id": 1062025022,
        "osm_type": "way",
        "name": "Unnamed Pond (wb-way-1062025022)",
        "name_ta": "",
        "category": "pond",
        "water_type": "wastewater",
        "latitude": 13.1385223,
        "longitude": 80.2606004,
        "city": "Chennai",
        "state": "Tamil Nadu"
      },
      "geometry": {
        "type": "Point",
        "coordinates": [
          80.2606004,
          13.1385223
        ]
      }
    },
    {
      "type": "Feature",
      "id": "wb-way-1062025023",
      "properties": {
        "osm_id": 1062025023,
        "osm_type": "way",
        "name": "Unnamed Pond (wb-way-1062025023)",
        "name_ta": "",
        "category": "pond",
        "water_type": "wastewater",
        "latitude": 13.1391565,
        "longitude": 80.2607598,
        "city": "Chennai",
        "state": "Tamil Nadu"
      },
      "geometry": {
        "type": "Point",
        "coordinates": [
          80.2607598,
          13.1391565
        ]
      }
    },
    {
      "type": "Feature",
      "id": "wb-way-1062025024",
      "properties": {
        "osm_id": 1062025024,
        "osm_type": "way",
        "name": "Unnamed Pond (wb-way-1062025024)",
        "name_ta": "",
        "category": "pond",
        "water_type": "wastewater",
        "latitude": 13.1396064,
        "longitude": 80.2608727,
        "city": "Chennai",
        "state": "Tamil Nadu"
      },
      "geometry": {
        "type": "Point",
        "coordinates": [
          80.2608727,
          13.1396064
        ]
      }
    },
    {
      "type": "Feature",
      "id": "wb-way-1062025025",
      "properties": {
        "osm_id": 1062025025,
        "osm_type": "way",
        "name": "Unnamed Pond (wb-way-1062025025)",
        "name_ta": "",
        "category": "pond",
        "water_type": "wastewater",
        "latitude": 13.1382952,
        "longitude": 80.2617841,
        "city": "Chennai",
        "state": "Tamil Nadu"
      },
      "geometry": {
        "type": "Point",
        "coordinates": [
          80.2617841,
          13.1382952
        ]
      }
    },
    {
      "type": "Feature",
      "id": "wb-way-1062025026",
      "properties": {
        "osm_id": 1062025026,
        "osm_type": "way",
        "name": "Unnamed Pond (wb-way-1062025026)",
        "name_ta": "",
        "category": "pond",
        "water_type": "wastewater",
        "latitude": 13.1380761,
        "longitude": 80.2620859,
        "city": "Chennai",
        "state": "Tamil Nadu"
      },
      "geometry": {
        "type": "Point",
        "coordinates": [
          80.2620859,
          13.1380761
        ]
      }
    },
    {
      "type": "Feature",
      "id": "wb-way-1062025028",
      "properties": {
        "osm_id": 1062025028,
        "osm_type": "way",
        "name": "Unnamed Pond (wb-way-1062025028)",
        "name_ta": "",
        "category": "pond",
        "water_type": "wastewater",
        "latitude": 13.138425,
        "longitude": 80.2626821,
        "city": "Chennai",
        "state": "Tamil Nadu"
      },
      "geometry": {
        "type": "Point",
        "coordinates": [
          80.2626821,
          13.138425
        ]
      }
    },
    {
      "type": "Feature",
      "id": "wb-way-1062025035",
      "properties": {
        "osm_id": 1062025035,
        "osm_type": "way",
        "name": "Unnamed Pond (wb-way-1062025035)",
        "name_ta": "",
        "category": "pond",
        "water_type": "wastewater",
        "latitude": 13.137401,
        "longitude": 80.2633134,
        "city": "Chennai",
        "state": "Tamil Nadu"
      },
      "geometry": {
        "type": "Point",
        "coordinates": [
          80.2633134,
          13.137401
        ]
      }
    },
    {
      "type": "Feature",
      "id": "wb-way-1062025036",
      "properties": {
        "osm_id": 1062025036,
        "osm_type": "way",
        "name": "Unnamed Pond (wb-way-1062025036)",
        "name_ta": "",
        "category": "pond",
        "water_type": "wastewater",
        "latitude": 13.1373033,
        "longitude": 80.2638595,
        "city": "Chennai",
        "state": "Tamil Nadu"
      },
      "geometry": {
        "type": "Point",
        "coordinates": [
          80.2638595,
          13.1373033
        ]
      }
    },
    {
      "type": "Feature",
      "id": "wb-way-1062025037",
      "properties": {
        "osm_id": 1062025037,
        "osm_type": "way",
        "name": "Unnamed Pond (wb-way-1062025037)",
        "name_ta": "",
        "category": "pond",
        "water_type": "wastewater",
        "latitude": 13.137841,
        "longitude": 80.2640096,
        "city": "Chennai",
        "state": "Tamil Nadu"
      },
      "geometry": {
        "type": "Point",
        "coordinates": [
          80.2640096,
          13.137841
        ]
      }
    },
    {
      "type": "Feature",
      "id": "wb-way-1062025038",
      "properties": {
        "osm_id": 1062025038,
        "osm_type": "way",
        "name": "Unnamed Pond (wb-way-1062025038)",
        "name_ta": "",
        "category": "pond",
        "water_type": "wastewater",
        "latitude": 13.1379602,
        "longitude": 80.2633623,
        "city": "Chennai",
        "state": "Tamil Nadu"
      },
      "geometry": {
        "type": "Point",
        "coordinates": [
          80.2633623,
          13.1379602
        ]
      }
    },
    {
      "type": "Feature",
      "id": "wb-way-1062025039",
      "properties": {
        "osm_id": 1062025039,
        "osm_type": "way",
        "name": "Unnamed Pond (wb-way-1062025039)",
        "name_ta": "",
        "category": "pond",
        "water_type": "wastewater",
        "latitude": 13.1385933,
        "longitude": 80.2634839,
        "city": "Chennai",
        "state": "Tamil Nadu"
      },
      "geometry": {
        "type": "Point",
        "coordinates": [
          80.2634839,
          13.1385933
        ]
      }
    },
    {
      "type": "Feature",
      "id": "wb-way-1062025040",
      "properties": {
        "osm_id": 1062025040,
        "osm_type": "way",
        "name": "Unnamed Pond (wb-way-1062025040)",
        "name_ta": "",
        "category": "pond",
        "water_type": "wastewater",
        "latitude": 13.1384819,
        "longitude": 80.2641263,
        "city": "Chennai",
        "state": "Tamil Nadu"
      },
      "geometry": {
        "type": "Point",
        "coordinates": [
          80.2641263,
          13.1384819
        ]
      }
    },
    {
      "type": "Feature",
      "id": "wb-way-1062025042",
      "properties": {
        "osm_id": 1062025042,
        "osm_type": "way",
        "name": "Unnamed Pond (wb-way-1062025042)",
        "name_ta": "",
        "category": "pond",
        "water_type": "wastewater",
        "latitude": 13.1392373,
        "longitude": 80.2635597,
        "city": "Chennai",
        "state": "Tamil Nadu"
      },
      "geometry": {
        "type": "Point",
        "coordinates": [
          80.2635597,
          13.1392373
        ]
      }
    },
    {
      "type": "Feature",
      "id": "wb-way-1062025043",
      "properties": {
        "osm_id": 1062025043,
        "osm_type": "way",
        "name": "Unnamed Pond (wb-way-1062025043)",
        "name_ta": "",
        "category": "pond",
        "water_type": "wastewater",
        "latitude": 13.1396917,
        "longitude": 80.263641,
        "city": "Chennai",
        "state": "Tamil Nadu"
      },
      "geometry": {
        "type": "Point",
        "coordinates": [
          80.263641,
          13.1396917
        ]
      }
    },
    {
      "type": "Feature",
      "id": "wb-way-1062025044",
      "properties": {
        "osm_id": 1062025044,
        "osm_type": "way",
        "name": "Unnamed Pond (wb-way-1062025044)",
        "name_ta": "",
        "category": "pond",
        "water_type": "wastewater",
        "latitude": 13.1395952,
        "longitude": 80.2620403,
        "city": "Chennai",
        "state": "Tamil Nadu"
      },
      "geometry": {
        "type": "Point",
        "coordinates": [
          80.2620403,
          13.1395952
        ]
      }
    },
    {
      "type": "Feature",
      "id": "wb-way-1062025045",
      "properties": {
        "osm_id": 1062025045,
        "osm_type": "way",
        "name": "Unnamed Pond (wb-way-1062025045)",
        "name_ta": "",
        "category": "pond",
        "water_type": "wastewater",
        "latitude": 13.1395332,
        "longitude": 80.2623729,
        "city": "Chennai",
        "state": "Tamil Nadu"
      },
      "geometry": {
        "type": "Point",
        "coordinates": [
          80.2623729,
          13.1395332
        ]
      }
    },
    {
      "type": "Feature",
      "id": "wb-way-1062025046",
      "properties": {
        "osm_id": 1062025046,
        "osm_type": "way",
        "name": "Unnamed Pond (wb-way-1062025046)",
        "name_ta": "",
        "category": "pond",
        "water_type": "wastewater",
        "latitude": 13.1394746,
        "longitude": 80.2626985,
        "city": "Chennai",
        "state": "Tamil Nadu"
      },
      "geometry": {
        "type": "Point",
        "coordinates": [
          80.2626985,
          13.1394746
        ]
      }
    },
    {
      "type": "Feature",
      "id": "wb-way-1062025047",
      "properties": {
        "osm_id": 1062025047,
        "osm_type": "way",
        "name": "Unnamed Pond (wb-way-1062025047)",
        "name_ta": "",
        "category": "pond",
        "water_type": "wastewater",
        "latitude": 13.1394195,
        "longitude": 80.2630135,
        "city": "Chennai",
        "state": "Tamil Nadu"
      },
      "geometry": {
        "type": "Point",
        "coordinates": [
          80.2630135,
          13.1394195
        ]
      }
    },
    {
      "type": "Feature",
      "id": "wb-way-1062025059",
      "properties": {
        "osm_id": 1062025059,
        "osm_type": "way",
        "name": "Unnamed Pond (wb-way-1062025059)",
        "name_ta": "",
        "category": "pond",
        "water_type": "wastewater",
        "latitude": 13.137753,
        "longitude": 80.2580473,
        "city": "Chennai",
        "state": "Tamil Nadu"
      },
      "geometry": {
        "type": "Point",
        "coordinates": [
          80.2580473,
          13.137753
        ]
      }
    },
    {
      "type": "Feature",
      "id": "wb-way-1062025060",
      "properties": {
        "osm_id": 1062025060,
        "osm_type": "way",
        "name": "Unnamed Pond (wb-way-1062025060)",
        "name_ta": "",
        "category": "pond",
        "water_type": "wastewater",
        "latitude": 13.1379934,
        "longitude": 80.2571562,
        "city": "Chennai",
        "state": "Tamil Nadu"
      },
      "geometry": {
        "type": "Point",
        "coordinates": [
          80.2571562,
          13.1379934
        ]
      }
    },
    {
      "type": "Feature",
      "id": "wb-way-1062025061",
      "properties": {
        "osm_id": 1062025061,
        "osm_type": "way",
        "name": "Unnamed Pond (wb-way-1062025061)",
        "name_ta": "",
        "category": "pond",
        "water_type": "wastewater",
        "latitude": 13.1382396,
        "longitude": 80.2577328,
        "city": "Chennai",
        "state": "Tamil Nadu"
      },
      "geometry": {
        "type": "Point",
        "coordinates": [
          80.2577328,
          13.1382396
        ]
      }
    },
    {
      "type": "Feature",
      "id": "wb-way-1062025066",
      "properties": {
        "osm_id": 1062025066,
        "osm_type": "way",
        "name": "Unnamed Pond (wb-way-1062025066)",
        "name_ta": "",
        "category": "pond",
        "water_type": "wastewater",
        "latitude": 13.1384969,
        "longitude": 80.2598272,
        "city": "Chennai",
        "state": "Tamil Nadu"
      },
      "geometry": {
        "type": "Point",
        "coordinates": [
          80.2598272,
          13.1384969
        ]
      }
    },
    {
      "type": "Feature",
      "id": "wb-way-1062025067",
      "properties": {
        "osm_id": 1062025067,
        "osm_type": "way",
        "name": "Unnamed Pond (wb-way-1062025067)",
        "name_ta": "",
        "category": "pond",
        "water_type": "wastewater",
        "latitude": 13.1393185,
        "longitude": 80.2582997,
        "city": "Chennai",
        "state": "Tamil Nadu"
      },
      "geometry": {
        "type": "Point",
        "coordinates": [
          80.2582997,
          13.1393185
        ]
      }
    },
    {
      "type": "Feature",
      "id": "wb-way-1062025074",
      "properties": {
        "osm_id": 1062025074,
        "osm_type": "way",
        "name": "Unnamed Pond (wb-way-1062025074)",
        "name_ta": "",
        "category": "pond",
        "water_type": "wastewater",
        "latitude": 13.1390813,
        "longitude": 80.2597728,
        "city": "Chennai",
        "state": "Tamil Nadu"
      },
      "geometry": {
        "type": "Point",
        "coordinates": [
          80.2597728,
          13.1390813
        ]
      }
    },
    {
      "type": "Feature",
      "id": "wb-way-1062025075",
      "properties": {
        "osm_id": 1062025075,
        "osm_type": "way",
        "name": "Unnamed Pond (wb-way-1062025075)",
        "name_ta": "",
        "category": "pond",
        "water_type": "wastewater",
        "latitude": 13.139003,
        "longitude": 80.2600961,
        "city": "Chennai",
        "state": "Tamil Nadu"
      },
      "geometry": {
        "type": "Point",
        "coordinates": [
          80.2600961,
          13.139003
        ]
      }
    },
    {
      "type": "Feature",
      "id": "wb-way-1062025076",
      "properties": {
        "osm_id": 1062025076,
        "osm_type": "way",
        "name": "Unnamed Pond (wb-way-1062025076)",
        "name_ta": "",
        "category": "pond",
        "water_type": "wastewater",
        "latitude": 13.1400046,
        "longitude": 80.2600225,
        "city": "Chennai",
        "state": "Tamil Nadu"
      },
      "geometry": {
        "type": "Point",
        "coordinates": [
          80.2600225,
          13.1400046
        ]
      }
    },
    {
      "type": "Feature",
      "id": "wb-way-1062025077",
      "properties": {
        "osm_id": 1062025077,
        "osm_type": "way",
        "name": "Unnamed Pond (wb-way-1062025077)",
        "name_ta": "",
        "category": "pond",
        "water_type": "wastewater",
        "latitude": 13.1399237,
        "longitude": 80.2603431,
        "city": "Chennai",
        "state": "Tamil Nadu"
      },
      "geometry": {
        "type": "Point",
        "coordinates": [
          80.2603431,
          13.1399237
        ]
      }
    },
    {
      "type": "Feature",
      "id": "wb-way-1062025078",
      "properties": {
        "osm_id": 1062025078,
        "osm_type": "way",
        "name": "Unnamed Pond (wb-way-1062025078)",
        "name_ta": "",
        "category": "pond",
        "water_type": "pond",
        "latitude": 13.1408657,
        "longitude": 80.2615161,
        "city": "Chennai",
        "state": "Tamil Nadu"
      },
      "geometry": {
        "type": "Point",
        "coordinates": [
          80.2615161,
          13.1408657
        ]
      }
    },
    {
      "type": "Feature",
      "id": "wb-way-1062025081",
      "properties": {
        "osm_id": 1062025081,
        "osm_type": "way",
        "name": "Unnamed Pond (wb-way-1062025081)",
        "name_ta": "",
        "category": "pond",
        "water_type": "wastewater",
        "latitude": 13.1410875,
        "longitude": 80.2596338,
        "city": "Chennai",
        "state": "Tamil Nadu"
      },
      "geometry": {
        "type": "Point",
        "coordinates": [
          80.2596338,
          13.1410875
        ]
      }
    },
    {
      "type": "Feature",
      "id": "wb-way-1062025085",
      "properties": {
        "osm_id": 1062025085,
        "osm_type": "way",
        "name": "Unnamed Pond (wb-way-1062025085)",
        "name_ta": "",
        "category": "pond",
        "water_type": "pond",
        "latitude": 13.1409939,
        "longitude": 80.2600681,
        "city": "Chennai",
        "state": "Tamil Nadu"
      },
      "geometry": {
        "type": "Point",
        "coordinates": [
          80.2600681,
          13.1409939
        ]
      }
    },
    {
      "type": "Feature",
      "id": "wb-way-1062025091",
      "properties": {
        "osm_id": 1062025091,
        "osm_type": "way",
        "name": "Unnamed Pond (wb-way-1062025091)",
        "name_ta": "",
        "category": "pond",
        "water_type": "wastewater",
        "latitude": 13.1400947,
        "longitude": 80.2587602,
        "city": "Chennai",
        "state": "Tamil Nadu"
      },
      "geometry": {
        "type": "Point",
        "coordinates": [
          80.2587602,
          13.1400947
        ]
      }
    },
    {
      "type": "Feature",
      "id": "wb-way-1062025092",
      "properties": {
        "osm_id": 1062025092,
        "osm_type": "way",
        "name": "Unnamed Pond (wb-way-1062025092)",
        "name_ta": "",
        "category": "pond",
        "water_type": "wastewater",
        "latitude": 13.1401985,
        "longitude": 80.258352,
        "city": "Chennai",
        "state": "Tamil Nadu"
      },
      "geometry": {
        "type": "Point",
        "coordinates": [
          80.258352,
          13.1401985
        ]
      }
    },
    {
      "type": "Feature",
      "id": "wb-way-1062025096",
      "properties": {
        "osm_id": 1062025096,
        "osm_type": "way",
        "name": "Unnamed Pond (wb-way-1062025096)",
        "name_ta": "",
        "category": "pond",
        "water_type": "wastewater",
        "latitude": 13.1406639,
        "longitude": 80.258505,
        "city": "Chennai",
        "state": "Tamil Nadu"
      },
      "geometry": {
        "type": "Point",
        "coordinates": [
          80.258505,
          13.1406639
        ]
      }
    },
    {
      "type": "Feature",
      "id": "wb-way-1062025097",
      "properties": {
        "osm_id": 1062025097,
        "osm_type": "way",
        "name": "Unnamed Pond (wb-way-1062025097)",
        "name_ta": "",
        "category": "pond",
        "water_type": "wastewater",
        "latitude": 13.140549,
        "longitude": 80.2589206,
        "city": "Chennai",
        "state": "Tamil Nadu"
      },
      "geometry": {
        "type": "Point",
        "coordinates": [
          80.2589206,
          13.140549
        ]
      }
    },
    {
      "type": "Feature",
      "id": "wb-way-1062025098",
      "properties": {
        "osm_id": 1062025098,
        "osm_type": "way",
        "name": "Unnamed Pond (wb-way-1062025098)",
        "name_ta": "",
        "category": "pond",
        "water_type": "wastewater",
        "latitude": 13.1410205,
        "longitude": 80.2588075,
        "city": "Chennai",
        "state": "Tamil Nadu"
      },
      "geometry": {
        "type": "Point",
        "coordinates": [
          80.2588075,
          13.1410205
        ]
      }
    },
    {
      "type": "Feature",
      "id": "wb-way-1062025101",
      "properties": {
        "osm_id": 1062025101,
        "osm_type": "way",
        "name": "Unnamed Pond (wb-way-1062025101)",
        "name_ta": "",
        "category": "pond",
        "water_type": "wastewater",
        "latitude": 13.1441619,
        "longitude": 80.2597405,
        "city": "Chennai",
        "state": "Tamil Nadu"
      },
      "geometry": {
        "type": "Point",
        "coordinates": [
          80.2597405,
          13.1441619
        ]
      }
    },
    {
      "type": "Feature",
      "id": "wb-way-1062025102",
      "properties": {
        "osm_id": 1062025102,
        "osm_type": "way",
        "name": "Unnamed Pond (wb-way-1062025102)",
        "name_ta": "",
        "category": "pond",
        "water_type": "wastewater",
        "latitude": 13.1442696,
        "longitude": 80.2592626,
        "city": "Chennai",
        "state": "Tamil Nadu"
      },
      "geometry": {
        "type": "Point",
        "coordinates": [
          80.2592626,
          13.1442696
        ]
      }
    },
    {
      "type": "Feature",
      "id": "wb-way-1062025103",
      "properties": {
        "osm_id": 1062025103,
        "osm_type": "way",
        "name": "Unnamed Pond (wb-way-1062025103)",
        "name_ta": "",
        "category": "pond",
        "water_type": "wastewater",
        "latitude": 13.1427457,
        "longitude": 80.2593087,
        "city": "Chennai",
        "state": "Tamil Nadu"
      },
      "geometry": {
        "type": "Point",
        "coordinates": [
          80.2593087,
          13.1427457
        ]
      }
    },
    {
      "type": "Feature",
      "id": "wb-way-1062025104",
      "properties": {
        "osm_id": 1062025104,
        "osm_type": "way",
        "name": "Unnamed Pond (wb-way-1062025104)",
        "name_ta": "",
        "category": "pond",
        "water_type": "wastewater",
        "latitude": 13.1428373,
        "longitude": 80.2588599,
        "city": "Chennai",
        "state": "Tamil Nadu"
      },
      "geometry": {
        "type": "Point",
        "coordinates": [
          80.2588599,
          13.1428373
        ]
      }
    },
    {
      "type": "Feature",
      "id": "wb-way-1062025105",
      "properties": {
        "osm_id": 1062025105,
        "osm_type": "way",
        "name": "Unnamed Pond (wb-way-1062025105)",
        "name_ta": "",
        "category": "pond",
        "water_type": "wastewater",
        "latitude": 13.1424895,
        "longitude": 80.2590262,
        "city": "Chennai",
        "state": "Tamil Nadu"
      },
      "geometry": {
        "type": "Point",
        "coordinates": [
          80.2590262,
          13.1424895
        ]
      }
    },
    {
      "type": "Feature",
      "id": "wb-way-1062025106",
      "properties": {
        "osm_id": 1062025106,
        "osm_type": "way",
        "name": "Unnamed Pond (wb-way-1062025106)",
        "name_ta": "",
        "category": "pond",
        "water_type": "wastewater",
        "latitude": 13.1431805,
        "longitude": 80.259406,
        "city": "Chennai",
        "state": "Tamil Nadu"
      },
      "geometry": {
        "type": "Point",
        "coordinates": [
          80.259406,
          13.1431805
        ]
      }
    },
    {
      "type": "Feature",
      "id": "wb-way-1062025107",
      "properties": {
        "osm_id": 1062025107,
        "osm_type": "way",
        "name": "Unnamed Pond (wb-way-1062025107)",
        "name_ta": "",
        "category": "pond",
        "water_type": "wastewater",
        "latitude": 13.1432746,
        "longitude": 80.2589596,
        "city": "Chennai",
        "state": "Tamil Nadu"
      },
      "geometry": {
        "type": "Point",
        "coordinates": [
          80.2589596,
          13.1432746
        ]
      }
    },
    {
      "type": "Feature",
      "id": "wb-way-1062025111",
      "properties": {
        "osm_id": 1062025111,
        "osm_type": "way",
        "name": "Unnamed Pond (wb-way-1062025111)",
        "name_ta": "",
        "category": "pond",
        "water_type": "wastewater",
        "latitude": 13.1427777,
        "longitude": 80.2596045,
        "city": "Chennai",
        "state": "Tamil Nadu"
      },
      "geometry": {
        "type": "Point",
        "coordinates": [
          80.2596045,
          13.1427777
        ]
      }
    },
    {
      "type": "Feature",
      "id": "wb-way-1062025112",
      "properties": {
        "osm_id": 1062025112,
        "osm_type": "way",
        "name": "Unnamed Pond (wb-way-1062025112)",
        "name_ta": "",
        "category": "pond",
        "water_type": "wastewater",
        "latitude": 13.1430302,
        "longitude": 80.2596652,
        "city": "Chennai",
        "state": "Tamil Nadu"
      },
      "geometry": {
        "type": "Point",
        "coordinates": [
          80.2596652,
          13.1430302
        ]
      }
    },
    {
      "type": "Feature",
      "id": "wb-way-1062025116",
      "properties": {
        "osm_id": 1062025116,
        "osm_type": "way",
        "name": "Unnamed Pond (wb-way-1062025116)",
        "name_ta": "",
        "category": "pond",
        "water_type": "wastewater",
        "latitude": 13.1429551,
        "longitude": 80.260112,
        "city": "Chennai",
        "state": "Tamil Nadu"
      },
      "geometry": {
        "type": "Point",
        "coordinates": [
          80.260112,
          13.1429551
        ]
      }
    },
    {
      "type": "Feature",
      "id": "wb-way-1062025117",
      "properties": {
        "osm_id": 1062025117,
        "osm_type": "way",
        "name": "Unnamed Pond (wb-way-1062025117)",
        "name_ta": "",
        "category": "pond",
        "water_type": "wastewater",
        "latitude": 13.1432372,
        "longitude": 80.2601737,
        "city": "Chennai",
        "state": "Tamil Nadu"
      },
      "geometry": {
        "type": "Point",
        "coordinates": [
          80.2601737,
          13.1432372
        ]
      }
    },
    {
      "type": "Feature",
      "id": "wb-way-1062025118",
      "properties": {
        "osm_id": 1062025118,
        "osm_type": "way",
        "name": "Unnamed Pond (wb-way-1062025118)",
        "name_ta": "",
        "category": "pond",
        "water_type": "wastewater",
        "latitude": 13.1431361,
        "longitude": 80.260717,
        "city": "Chennai",
        "state": "Tamil Nadu"
      },
      "geometry": {
        "type": "Point",
        "coordinates": [
          80.260717,
          13.1431361
        ]
      }
    },
    {
      "type": "Feature",
      "id": "wb-way-1062025124",
      "properties": {
        "osm_id": 1062025124,
        "osm_type": "way",
        "name": "Unnamed Pond (wb-way-1062025124)",
        "name_ta": "",
        "category": "pond",
        "water_type": "wastewater",
        "latitude": 13.1443277,
        "longitude": 80.2606171,
        "city": "Chennai",
        "state": "Tamil Nadu"
      },
      "geometry": {
        "type": "Point",
        "coordinates": [
          80.2606171,
          13.1443277
        ]
      }
    },
    {
      "type": "Feature",
      "id": "wb-way-1062025132",
      "properties": {
        "osm_id": 1062025132,
        "osm_type": "way",
        "name": "Unnamed Pond (wb-way-1062025132)",
        "name_ta": "",
        "category": "pond",
        "water_type": "wastewater",
        "latitude": 13.1478311,
        "longitude": 80.2607426,
        "city": "Chennai",
        "state": "Tamil Nadu"
      },
      "geometry": {
        "type": "Point",
        "coordinates": [
          80.2607426,
          13.1478311
        ]
      }
    },
    {
      "type": "Feature",
      "id": "wb-way-1062025133",
      "properties": {
        "osm_id": 1062025133,
        "osm_type": "way",
        "name": "Unnamed Pond (wb-way-1062025133)",
        "name_ta": "",
        "category": "pond",
        "water_type": "wastewater",
        "latitude": 13.1474396,
        "longitude": 80.260033,
        "city": "Chennai",
        "state": "Tamil Nadu"
      },
      "geometry": {
        "type": "Point",
        "coordinates": [
          80.260033,
          13.1474396
        ]
      }
    },
    {
      "type": "Feature",
      "id": "wb-way-1062025134",
      "properties": {
        "osm_id": 1062025134,
        "osm_type": "way",
        "name": "Unnamed Pond (wb-way-1062025134)",
        "name_ta": "",
        "category": "pond",
        "water_type": "wastewater",
        "latitude": 13.1480106,
        "longitude": 80.2600658,
        "city": "Chennai",
        "state": "Tamil Nadu"
      },
      "geometry": {
        "type": "Point",
        "coordinates": [
          80.2600658,
          13.1480106
        ]
      }
    },
    {
      "type": "Feature",
      "id": "wb-way-1062025135",
      "properties": {
        "osm_id": 1062025135,
        "osm_type": "way",
        "name": "Unnamed Pond (wb-way-1062025135)",
        "name_ta": "",
        "category": "pond",
        "water_type": "wastewater",
        "latitude": 13.1480381,
        "longitude": 80.2595575,
        "city": "Chennai",
        "state": "Tamil Nadu"
      },
      "geometry": {
        "type": "Point",
        "coordinates": [
          80.2595575,
          13.1480381
        ]
      }
    },
    {
      "type": "Feature",
      "id": "wb-way-1062025136",
      "properties": {
        "osm_id": 1062025136,
        "osm_type": "way",
        "name": "Unnamed Pond (wb-way-1062025136)",
        "name_ta": "",
        "category": "pond",
        "water_type": "wastewater",
        "latitude": 13.1483476,
        "longitude": 80.2592195,
        "city": "Chennai",
        "state": "Tamil Nadu"
      },
      "geometry": {
        "type": "Point",
        "coordinates": [
          80.2592195,
          13.1483476
        ]
      }
    },
    {
      "type": "Feature",
      "id": "wb-way-1062025139",
      "properties": {
        "osm_id": 1062025139,
        "osm_type": "way",
        "name": "Unnamed Pond (wb-way-1062025139)",
        "name_ta": "",
        "category": "pond",
        "water_type": "wastewater",
        "latitude": 13.1478356,
        "longitude": 80.2613525,
        "city": "Chennai",
        "state": "Tamil Nadu"
      },
      "geometry": {
        "type": "Point",
        "coordinates": [
          80.2613525,
          13.1478356
        ]
      }
    },
    {
      "type": "Feature",
      "id": "wb-way-1062025140",
      "properties": {
        "osm_id": 1062025140,
        "osm_type": "way",
        "name": "Unnamed Pond (wb-way-1062025140)",
        "name_ta": "",
        "category": "pond",
        "water_type": "wastewater",
        "latitude": 13.1478021,
        "longitude": 80.261949,
        "city": "Chennai",
        "state": "Tamil Nadu"
      },
      "geometry": {
        "type": "Point",
        "coordinates": [
          80.261949,
          13.1478021
        ]
      }
    },
    {
      "type": "Feature",
      "id": "wb-way-1066019828",
      "properties": {
        "osm_id": 1066019828,
        "osm_type": "way",
        "name": "Unnamed Pond (wb-way-1066019828)",
        "name_ta": "",
        "category": "pond",
        "water_type": "canal",
        "latitude": 13.0804592,
        "longitude": 80.2750767,
        "city": "Chennai",
        "state": "Tamil Nadu"
      },
      "geometry": {
        "type": "Point",
        "coordinates": [
          80.2750767,
          13.0804592
        ]
      }
    },
    {
      "type": "Feature",
      "id": "wb-way-1066019829",
      "properties": {
        "osm_id": 1066019829,
        "osm_type": "way",
        "name": "Unnamed Pond (wb-way-1066019829)",
        "name_ta": "",
        "category": "pond",
        "water_type": "canal",
        "latitude": 13.0818351,
        "longitude": 80.2749198,
        "city": "Chennai",
        "state": "Tamil Nadu"
      },
      "geometry": {
        "type": "Point",
        "coordinates": [
          80.2749198,
          13.0818351
        ]
      }
    },
    {
      "type": "Feature",
      "id": "wb-way-1066036338",
      "properties": {
        "osm_id": 1066036338,
        "osm_type": "way",
        "name": "Gandhi Road Pond",
        "name_ta": "",
        "category": "pond",
        "water_type": "pond",
        "latitude": 12.8535189,
        "longitude": 80.1915958,
        "city": "Chennai",
        "state": "Tamil Nadu"
      },
      "geometry": {
        "type": "Point",
        "coordinates": [
          80.1915958,
          12.8535189
        ]
      }
    },
    {
      "type": "Feature",
      "id": "wb-way-1066918562",
      "properties": {
        "osm_id": 1066918562,
        "osm_type": "way",
        "name": "Unnamed Reservoir (wb-way-1066918562)",
        "name_ta": "",
        "category": "reservoir",
        "water_type": "reservoir",
        "latitude": 12.8861887,
        "longitude": 80.2044679,
        "city": "Chennai",
        "state": "Tamil Nadu"
      },
      "geometry": {
        "type": "Point",
        "coordinates": [
          80.2044679,
          12.8861887
        ]
      }
    },
    {
      "type": "Feature",
      "id": "wb-way-1067160259",
      "properties": {
        "osm_id": 1067160259,
        "osm_type": "way",
        "name": "Unnamed Wetland (wb-way-1067160259)",
        "name_ta": "",
        "category": "wetland",
        "water_type": "wetland",
        "latitude": 12.8717325,
        "longitude": 80.221603,
        "city": "Chennai",
        "state": "Tamil Nadu"
      },
      "geometry": {
        "type": "Point",
        "coordinates": [
          80.221603,
          12.8717325
        ]
      }
    },
    {
      "type": "Feature",
      "id": "wb-way-1067160260",
      "properties": {
        "osm_id": 1067160260,
        "osm_type": "way",
        "name": "Unnamed Wetland (wb-way-1067160260)",
        "name_ta": "",
        "category": "wetland",
        "water_type": "wetland",
        "latitude": 12.8703622,
        "longitude": 80.2226849,
        "city": "Chennai",
        "state": "Tamil Nadu"
      },
      "geometry": {
        "type": "Point",
        "coordinates": [
          80.2226849,
          12.8703622
        ]
      }
    },
    {
      "type": "Feature",
      "id": "wb-way-1067160261",
      "properties": {
        "osm_id": 1067160261,
        "osm_type": "way",
        "name": "Unnamed Wetland (wb-way-1067160261)",
        "name_ta": "",
        "category": "wetland",
        "water_type": "wetland",
        "latitude": 12.8749551,
        "longitude": 80.2234773,
        "city": "Chennai",
        "state": "Tamil Nadu"
      },
      "geometry": {
        "type": "Point",
        "coordinates": [
          80.2234773,
          12.8749551
        ]
      }
    },
    {
      "type": "Feature",
      "id": "wb-way-1067160262",
      "properties": {
        "osm_id": 1067160262,
        "osm_type": "way",
        "name": "Unnamed Wetland (wb-way-1067160262)",
        "name_ta": "",
        "category": "wetland",
        "water_type": "wetland",
        "latitude": 12.8761425,
        "longitude": 80.2203746,
        "city": "Chennai",
        "state": "Tamil Nadu"
      },
      "geometry": {
        "type": "Point",
        "coordinates": [
          80.2203746,
          12.8761425
        ]
      }
    },
    {
      "type": "Feature",
      "id": "wb-way-1073741456",
      "properties": {
        "osm_id": 1073741456,
        "osm_type": "way",
        "name": "Unnamed Wetland (wb-way-1073741456)",
        "name_ta": "",
        "category": "wetland",
        "water_type": "wetland",
        "latitude": 13.0149044,
        "longitude": 80.2743433,
        "city": "Chennai",
        "state": "Tamil Nadu"
      },
      "geometry": {
        "type": "Point",
        "coordinates": [
          80.2743433,
          13.0149044
        ]
      }
    },
    {
      "type": "Feature",
      "id": "wb-way-1073741457",
      "properties": {
        "osm_id": 1073741457,
        "osm_type": "way",
        "name": "Unnamed Wetland (wb-way-1073741457)",
        "name_ta": "",
        "category": "wetland",
        "water_type": "wetland",
        "latitude": 13.0148003,
        "longitude": 80.2745084,
        "city": "Chennai",
        "state": "Tamil Nadu"
      },
      "geometry": {
        "type": "Point",
        "coordinates": [
          80.2745084,
          13.0148003
        ]
      }
    },
    {
      "type": "Feature",
      "id": "wb-way-1073741458",
      "properties": {
        "osm_id": 1073741458,
        "osm_type": "way",
        "name": "Unnamed Wetland (wb-way-1073741458)",
        "name_ta": "",
        "category": "wetland",
        "water_type": "wetland",
        "latitude": 13.0155056,
        "longitude": 80.2734325,
        "city": "Chennai",
        "state": "Tamil Nadu"
      },
      "geometry": {
        "type": "Point",
        "coordinates": [
          80.2734325,
          13.0155056
        ]
      }
    },
    {
      "type": "Feature",
      "id": "wb-way-1073741459",
      "properties": {
        "osm_id": 1073741459,
        "osm_type": "way",
        "name": "Unnamed Wetland (wb-way-1073741459)",
        "name_ta": "",
        "category": "wetland",
        "water_type": "wetland",
        "latitude": 13.0150862,
        "longitude": 80.2732746,
        "city": "Chennai",
        "state": "Tamil Nadu"
      },
      "geometry": {
        "type": "Point",
        "coordinates": [
          80.2732746,
          13.0150862
        ]
      }
    },
    {
      "type": "Feature",
      "id": "wb-way-1074457359",
      "properties": {
        "osm_id": 1074457359,
        "osm_type": "way",
        "name": "Unnamed Pond (wb-way-1074457359)",
        "name_ta": "",
        "category": "pond",
        "water_type": "wastewater",
        "latitude": 13.2500378,
        "longitude": 80.3223421,
        "city": "Chennai",
        "state": "Tamil Nadu"
      },
      "geometry": {
        "type": "Point",
        "coordinates": [
          80.3223421,
          13.2500378
        ]
      }
    },
    {
      "type": "Feature",
      "id": "wb-way-1074508473",
      "properties": {
        "osm_id": 1074508473,
        "osm_type": "way",
        "name": "Unnamed Reservoir (wb-way-1074508473)",
        "name_ta": "",
        "category": "reservoir",
        "water_type": "reservoir",
        "latitude": 13.2425917,
        "longitude": 80.322322,
        "city": "Chennai",
        "state": "Tamil Nadu"
      },
      "geometry": {
        "type": "Point",
        "coordinates": [
          80.322322,
          13.2425917
        ]
      }
    },
    {
      "type": "Feature",
      "id": "wb-way-1074547146",
      "properties": {
        "osm_id": 1074547146,
        "osm_type": "way",
        "name": "Unnamed Pond (wb-way-1074547146)",
        "name_ta": "",
        "category": "pond",
        "water_type": "pond",
        "latitude": 13.1143866,
        "longitude": 80.2716133,
        "city": "Chennai",
        "state": "Tamil Nadu"
      },
      "geometry": {
        "type": "Point",
        "coordinates": [
          80.2716133,
          13.1143866
        ]
      }
    },
    {
      "type": "Feature",
      "id": "wb-way-1075635932",
      "properties": {
        "osm_id": 1075635932,
        "osm_type": "way",
        "name": "Unnamed Pond (wb-way-1075635932)",
        "name_ta": "",
        "category": "pond",
        "water_type": "pond",
        "latitude": 13.2076311,
        "longitude": 80.1632183,
        "city": "Chennai",
        "state": "Tamil Nadu"
      },
      "geometry": {
        "type": "Point",
        "coordinates": [
          80.1632183,
          13.2076311
        ]
      }
    },
    {
      "type": "Feature",
      "id": "wb-way-1076229579",
      "properties": {
        "osm_id": 1076229579,
        "osm_type": "way",
        "name": "Unnamed Wetland (wb-way-1076229579)",
        "name_ta": "",
        "category": "wetland",
        "water_type": "wetland",
        "latitude": 13.0122358,
        "longitude": 80.2722632,
        "city": "Chennai",
        "state": "Tamil Nadu"
      },
      "geometry": {
        "type": "Point",
        "coordinates": [
          80.2722632,
          13.0122358
        ]
      }
    },
    {
      "type": "Feature",
      "id": "wb-way-1076229580",
      "properties": {
        "osm_id": 1076229580,
        "osm_type": "way",
        "name": "Unnamed Wetland (wb-way-1076229580)",
        "name_ta": "",
        "category": "wetland",
        "water_type": "wetland",
        "latitude": 13.0123845,
        "longitude": 80.2723091,
        "city": "Chennai",
        "state": "Tamil Nadu"
      },
      "geometry": {
        "type": "Point",
        "coordinates": [
          80.2723091,
          13.0123845
        ]
      }
    },
    {
      "type": "Feature",
      "id": "wb-way-1076229581",
      "properties": {
        "osm_id": 1076229581,
        "osm_type": "way",
        "name": "Unnamed Wetland (wb-way-1076229581)",
        "name_ta": "",
        "category": "wetland",
        "water_type": "wetland",
        "latitude": 13.0127482,
        "longitude": 80.2699518,
        "city": "Chennai",
        "state": "Tamil Nadu"
      },
      "geometry": {
        "type": "Point",
        "coordinates": [
          80.2699518,
          13.0127482
        ]
      }
    },
    {
      "type": "Feature",
      "id": "wb-way-1076229583",
      "properties": {
        "osm_id": 1076229583,
        "osm_type": "way",
        "name": "Unnamed Wetland (wb-way-1076229583)",
        "name_ta": "",
        "category": "wetland",
        "water_type": "wetland",
        "latitude": 13.0121883,
        "longitude": 80.2714089,
        "city": "Chennai",
        "state": "Tamil Nadu"
      },
      "geometry": {
        "type": "Point",
        "coordinates": [
          80.2714089,
          13.0121883
        ]
      }
    },
    {
      "type": "Feature",
      "id": "wb-way-1076229584",
      "properties": {
        "osm_id": 1076229584,
        "osm_type": "way",
        "name": "Unnamed Wetland (wb-way-1076229584)",
        "name_ta": "",
        "category": "wetland",
        "water_type": "wetland",
        "latitude": 13.012387,
        "longitude": 80.271431,
        "city": "Chennai",
        "state": "Tamil Nadu"
      },
      "geometry": {
        "type": "Point",
        "coordinates": [
          80.271431,
          13.012387
        ]
      }
    },
    {
      "type": "Feature",
      "id": "wb-way-1076229585",
      "properties": {
        "osm_id": 1076229585,
        "osm_type": "way",
        "name": "Unnamed Wetland (wb-way-1076229585)",
        "name_ta": "",
        "category": "wetland",
        "water_type": "wetland",
        "latitude": 13.0122725,
        "longitude": 80.269044,
        "city": "Chennai",
        "state": "Tamil Nadu"
      },
      "geometry": {
        "type": "Point",
        "coordinates": [
          80.269044,
          13.0122725
        ]
      }
    },
    {
      "type": "Feature",
      "id": "wb-way-1076229587",
      "properties": {
        "osm_id": 1076229587,
        "osm_type": "way",
        "name": "Unnamed Wetland (wb-way-1076229587)",
        "name_ta": "",
        "category": "wetland",
        "water_type": "wetland",
        "latitude": 13.0116781,
        "longitude": 80.2701653,
        "city": "Chennai",
        "state": "Tamil Nadu"
      },
      "geometry": {
        "type": "Point",
        "coordinates": [
          80.2701653,
          13.0116781
        ]
      }
    },
    {
      "type": "Feature",
      "id": "wb-way-1076229588",
      "properties": {
        "osm_id": 1076229588,
        "osm_type": "way",
        "name": "Unnamed Wetland (wb-way-1076229588)",
        "name_ta": "",
        "category": "wetland",
        "water_type": "wetland",
        "latitude": 13.0117168,
        "longitude": 80.2707614,
        "city": "Chennai",
        "state": "Tamil Nadu"
      },
      "geometry": {
        "type": "Point",
        "coordinates": [
          80.2707614,
          13.0117168
        ]
      }
    },
    {
      "type": "Feature",
      "id": "wb-way-1080599120",
      "properties": {
        "osm_id": 1080599120,
        "osm_type": "way",
        "name": "Unnamed Pond (wb-way-1080599120)",
        "name_ta": "",
        "category": "pond",
        "water_type": "canal",
        "latitude": 13.0625375,
        "longitude": 80.2813163,
        "city": "Chennai",
        "state": "Tamil Nadu"
      },
      "geometry": {
        "type": "Point",
        "coordinates": [
          80.2813163,
          13.0625375
        ]
      }
    },
    {
      "type": "Feature",
      "id": "wb-way-1104535880",
      "properties": {
        "osm_id": 1104535880,
        "osm_type": "way",
        "name": "Unnamed Wetland (wb-way-1104535880)",
        "name_ta": "",
        "category": "wetland",
        "water_type": "wetland",
        "latitude": 12.8916514,
        "longitude": 80.1242647,
        "city": "Chennai",
        "state": "Tamil Nadu"
      },
      "geometry": {
        "type": "Point",
        "coordinates": [
          80.1242647,
          12.8916514
        ]
      }
    },
    {
      "type": "Feature",
      "id": "wb-way-1123068812",
      "properties": {
        "osm_id": 1123068812,
        "osm_type": "way",
        "name": "Unnamed Reservoir (wb-way-1123068812)",
        "name_ta": "",
        "category": "reservoir",
        "water_type": "reservoir",
        "latitude": 12.8877983,
        "longitude": 80.0962014,
        "city": "Chennai",
        "state": "Tamil Nadu"
      },
      "geometry": {
        "type": "Point",
        "coordinates": [
          80.0962014,
          12.8877983
        ]
      }
    },
    {
      "type": "Feature",
      "id": "wb-way-1123068813",
      "properties": {
        "osm_id": 1123068813,
        "osm_type": "way",
        "name": "Unnamed Reservoir (wb-way-1123068813)",
        "name_ta": "",
        "category": "reservoir",
        "water_type": "reservoir",
        "latitude": 12.8856785,
        "longitude": 80.0982369,
        "city": "Chennai",
        "state": "Tamil Nadu"
      },
      "geometry": {
        "type": "Point",
        "coordinates": [
          80.0982369,
          12.8856785
        ]
      }
    },
    {
      "type": "Feature",
      "id": "wb-way-1123068814",
      "properties": {
        "osm_id": 1123068814,
        "osm_type": "way",
        "name": "Unnamed Reservoir (wb-way-1123068814)",
        "name_ta": "",
        "category": "reservoir",
        "water_type": "reservoir",
        "latitude": 12.888668,
        "longitude": 80.0998983,
        "city": "Chennai",
        "state": "Tamil Nadu"
      },
      "geometry": {
        "type": "Point",
        "coordinates": [
          80.0998983,
          12.888668
        ]
      }
    },
    {
      "type": "Feature",
      "id": "wb-way-1123068815",
      "properties": {
        "osm_id": 1123068815,
        "osm_type": "way",
        "name": "Unnamed Reservoir (wb-way-1123068815)",
        "name_ta": "",
        "category": "reservoir",
        "water_type": "reservoir",
        "latitude": 12.887664,
        "longitude": 80.0998554,
        "city": "Chennai",
        "state": "Tamil Nadu"
      },
      "geometry": {
        "type": "Point",
        "coordinates": [
          80.0998554,
          12.887664
        ]
      }
    },
    {
      "type": "Feature",
      "id": "wb-way-1123068816",
      "properties": {
        "osm_id": 1123068816,
        "osm_type": "way",
        "name": "Unnamed Reservoir (wb-way-1123068816)",
        "name_ta": "",
        "category": "reservoir",
        "water_type": "reservoir",
        "latitude": 12.8865658,
        "longitude": 80.0999412,
        "city": "Chennai",
        "state": "Tamil Nadu"
      },
      "geometry": {
        "type": "Point",
        "coordinates": [
          80.0999412,
          12.8865658
        ]
      }
    },
    {
      "type": "Feature",
      "id": "wb-way-1123068817",
      "properties": {
        "osm_id": 1123068817,
        "osm_type": "way",
        "name": "Unnamed Reservoir (wb-way-1123068817)",
        "name_ta": "",
        "category": "reservoir",
        "water_type": "reservoir",
        "latitude": 12.883925,
        "longitude": 80.0974307,
        "city": "Chennai",
        "state": "Tamil Nadu"
      },
      "geometry": {
        "type": "Point",
        "coordinates": [
          80.0974307,
          12.883925
        ]
      }
    },
    {
      "type": "Feature",
      "id": "wb-way-1123068818",
      "properties": {
        "osm_id": 1123068818,
        "osm_type": "way",
        "name": "Unnamed Reservoir (wb-way-1123068818)",
        "name_ta": "",
        "category": "reservoir",
        "water_type": "reservoir",
        "latitude": 12.8835171,
        "longitude": 80.0957302,
        "city": "Chennai",
        "state": "Tamil Nadu"
      },
      "geometry": {
        "type": "Point",
        "coordinates": [
          80.0957302,
          12.8835171
        ]
      }
    },
    {
      "type": "Feature",
      "id": "wb-way-1123068819",
      "properties": {
        "osm_id": 1123068819,
        "osm_type": "way",
        "name": "Unnamed Reservoir (wb-way-1123068819)",
        "name_ta": "",
        "category": "reservoir",
        "water_type": "reservoir",
        "latitude": 12.8845473,
        "longitude": 80.0990722,
        "city": "Chennai",
        "state": "Tamil Nadu"
      },
      "geometry": {
        "type": "Point",
        "coordinates": [
          80.0990722,
          12.8845473
        ]
      }
    },
    {
      "type": "Feature",
      "id": "wb-way-1123068820",
      "properties": {
        "osm_id": 1123068820,
        "osm_type": "way",
        "name": "Unnamed Reservoir (wb-way-1123068820)",
        "name_ta": "",
        "category": "reservoir",
        "water_type": "reservoir",
        "latitude": 12.878957,
        "longitude": 80.0978437,
        "city": "Chennai",
        "state": "Tamil Nadu"
      },
      "geometry": {
        "type": "Point",
        "coordinates": [
          80.0978437,
          12.878957
        ]
      }
    },
    {
      "type": "Feature",
      "id": "wb-way-1123068821",
      "properties": {
        "osm_id": 1123068821,
        "osm_type": "way",
        "name": "Unnamed Reservoir (wb-way-1123068821)",
        "name_ta": "",
        "category": "reservoir",
        "water_type": "reservoir",
        "latitude": 12.8800813,
        "longitude": 80.0986162,
        "city": "Chennai",
        "state": "Tamil Nadu"
      },
      "geometry": {
        "type": "Point",
        "coordinates": [
          80.0986162,
          12.8800813
        ]
      }
    },
    {
      "type": "Feature",
      "id": "wb-way-1123068822",
      "properties": {
        "osm_id": 1123068822,
        "osm_type": "way",
        "name": "Unnamed Reservoir (wb-way-1123068822)",
        "name_ta": "",
        "category": "reservoir",
        "water_type": "reservoir",
        "latitude": 12.8738792,
        "longitude": 80.0993243,
        "city": "Chennai",
        "state": "Tamil Nadu"
      },
      "geometry": {
        "type": "Point",
        "coordinates": [
          80.0993243,
          12.8738792
        ]
      }
    },
    {
      "type": "Feature",
      "id": "wb-way-1123068823",
      "properties": {
        "osm_id": 1123068823,
        "osm_type": "way",
        "name": "Unnamed Reservoir (wb-way-1123068823)",
        "name_ta": "",
        "category": "reservoir",
        "water_type": "reservoir",
        "latitude": 12.8740989,
        "longitude": 80.0931123,
        "city": "Chennai",
        "state": "Tamil Nadu"
      },
      "geometry": {
        "type": "Point",
        "coordinates": [
          80.0931123,
          12.8740989
        ]
      }
    },
    {
      "type": "Feature",
      "id": "wb-way-1123068824",
      "properties": {
        "osm_id": 1123068824,
        "osm_type": "way",
        "name": "Unnamed Reservoir (wb-way-1123068824)",
        "name_ta": "",
        "category": "reservoir",
        "water_type": "reservoir",
        "latitude": 12.8758455,
        "longitude": 80.0929353,
        "city": "Chennai",
        "state": "Tamil Nadu"
      },
      "geometry": {
        "type": "Point",
        "coordinates": [
          80.0929353,
          12.8758455
        ]
      }
    },
    {
      "type": "Feature",
      "id": "wb-way-1123068826",
      "properties": {
        "osm_id": 1123068826,
        "osm_type": "way",
        "name": "Unnamed Reservoir (wb-way-1123068826)",
        "name_ta": "",
        "category": "reservoir",
        "water_type": "reservoir",
        "latitude": 12.8831522,
        "longitude": 80.0996095,
        "city": "Chennai",
        "state": "Tamil Nadu"
      },
      "geometry": {
        "type": "Point",
        "coordinates": [
          80.0996095,
          12.8831522
        ]
      }
    },
    {
      "type": "Feature",
      "id": "wb-way-1123068827",
      "properties": {
        "osm_id": 1123068827,
        "osm_type": "way",
        "name": "Unnamed Reservoir (wb-way-1123068827)",
        "name_ta": "",
        "category": "reservoir",
        "water_type": "reservoir",
        "latitude": 12.88145,
        "longitude": 80.099014,
        "city": "Chennai",
        "state": "Tamil Nadu"
      },
      "geometry": {
        "type": "Point",
        "coordinates": [
          80.099014,
          12.88145
        ]
      }
    },
    {
      "type": "Feature",
      "id": "wb-way-1124797343",
      "properties": {
        "osm_id": 1124797343,
        "osm_type": "way",
        "name": "Unnamed Pond (wb-way-1124797343)",
        "name_ta": "",
        "category": "pond",
        "water_type": "pond",
        "latitude": 13.0732884,
        "longitude": 80.2779784,
        "city": "Chennai",
        "state": "Tamil Nadu"
      },
      "geometry": {
        "type": "Point",
        "coordinates": [
          80.2779784,
          13.0732884
        ]
      }
    },
    {
      "type": "Feature",
      "id": "wb-way-1124798108",
      "properties": {
        "osm_id": 1124798108,
        "osm_type": "way",
        "name": "Unnamed Lake (wb-way-1124798108)",
        "name_ta": "",
        "category": "lake",
        "water_type": "lake",
        "latitude": 12.9618888,
        "longitude": 80.2180522,
        "city": "Chennai",
        "state": "Tamil Nadu"
      },
      "geometry": {
        "type": "Point",
        "coordinates": [
          80.2180522,
          12.9618888
        ]
      }
    },
    {
      "type": "Feature",
      "id": "wb-way-1124798109",
      "properties": {
        "osm_id": 1124798109,
        "osm_type": "way",
        "name": "Unnamed Lake (wb-way-1124798109)",
        "name_ta": "",
        "category": "lake",
        "water_type": "lake",
        "latitude": 12.9514086,
        "longitude": 80.2168429,
        "city": "Chennai",
        "state": "Tamil Nadu"
      },
      "geometry": {
        "type": "Point",
        "coordinates": [
          80.2168429,
          12.9514086
        ]
      }
    },
    {
      "type": "Feature",
      "id": "wb-way-1124798110",
      "properties": {
        "osm_id": 1124798110,
        "osm_type": "way",
        "name": "Unnamed Lake (wb-way-1124798110)",
        "name_ta": "",
        "category": "lake",
        "water_type": "lake",
        "latitude": 12.9493645,
        "longitude": 80.2120847,
        "city": "Chennai",
        "state": "Tamil Nadu"
      },
      "geometry": {
        "type": "Point",
        "coordinates": [
          80.2120847,
          12.9493645
        ]
      }
    },
    {
      "type": "Feature",
      "id": "wb-way-1124798111",
      "properties": {
        "osm_id": 1124798111,
        "osm_type": "way",
        "name": "Unnamed Lake (wb-way-1124798111)",
        "name_ta": "",
        "category": "lake",
        "water_type": "lake",
        "latitude": 12.9605533,
        "longitude": 80.2160148,
        "city": "Chennai",
        "state": "Tamil Nadu"
      },
      "geometry": {
        "type": "Point",
        "coordinates": [
          80.2160148,
          12.9605533
        ]
      }
    },
    {
      "type": "Feature",
      "id": "wb-way-1124798112",
      "properties": {
        "osm_id": 1124798112,
        "osm_type": "way",
        "name": "Unnamed Lake (wb-way-1124798112)",
        "name_ta": "",
        "category": "lake",
        "water_type": "lake",
        "latitude": 12.9596022,
        "longitude": 80.2212786,
        "city": "Chennai",
        "state": "Tamil Nadu"
      },
      "geometry": {
        "type": "Point",
        "coordinates": [
          80.2212786,
          12.9596022
        ]
      }
    },
    {
      "type": "Feature",
      "id": "wb-way-1124798113",
      "properties": {
        "osm_id": 1124798113,
        "osm_type": "way",
        "name": "Unnamed Lake (wb-way-1124798113)",
        "name_ta": "",
        "category": "lake",
        "water_type": "lake",
        "latitude": 12.9646783,
        "longitude": 80.230046,
        "city": "Chennai",
        "state": "Tamil Nadu"
      },
      "geometry": {
        "type": "Point",
        "coordinates": [
          80.230046,
          12.9646783
        ]
      }
    },
    {
      "type": "Feature",
      "id": "wb-way-1124798114",
      "properties": {
        "osm_id": 1124798114,
        "osm_type": "way",
        "name": "Unnamed Pond (wb-way-1124798114)",
        "name_ta": "",
        "category": "pond",
        "water_type": "wastewater",
        "latitude": 12.9517217,
        "longitude": 80.2318652,
        "city": "Chennai",
        "state": "Tamil Nadu"
      },
      "geometry": {
        "type": "Point",
        "coordinates": [
          80.2318652,
          12.9517217
        ]
      }
    },
    {
      "type": "Feature",
      "id": "wb-way-1124798115",
      "properties": {
        "osm_id": 1124798115,
        "osm_type": "way",
        "name": "Unnamed Pond (wb-way-1124798115)",
        "name_ta": "",
        "category": "pond",
        "water_type": "wastewater",
        "latitude": 12.9530788,
        "longitude": 80.2315828,
        "city": "Chennai",
        "state": "Tamil Nadu"
      },
      "geometry": {
        "type": "Point",
        "coordinates": [
          80.2315828,
          12.9530788
        ]
      }
    },
    {
      "type": "Feature",
      "id": "wb-way-1127503333",
      "properties": {
        "osm_id": 1127503333,
        "osm_type": "way",
        "name": "Unnamed Pond (wb-way-1127503333)",
        "name_ta": "",
        "category": "pond",
        "water_type": "lock",
        "latitude": 13.067386,
        "longitude": 80.282439,
        "city": "Chennai",
        "state": "Tamil Nadu"
      },
      "geometry": {
        "type": "Point",
        "coordinates": [
          80.282439,
          13.067386
        ]
      }
    },
    {
      "type": "Feature",
      "id": "wb-way-1127503338",
      "properties": {
        "osm_id": 1127503338,
        "osm_type": "way",
        "name": "Unnamed Pond (wb-way-1127503338)",
        "name_ta": "",
        "category": "pond",
        "water_type": "canal",
        "latitude": 13.0678233,
        "longitude": 80.2825312,
        "city": "Chennai",
        "state": "Tamil Nadu"
      },
      "geometry": {
        "type": "Point",
        "coordinates": [
          80.2825312,
          13.0678233
        ]
      }
    },
    {
      "type": "Feature",
      "id": "wb-way-1128384521",
      "properties": {
        "osm_id": 1128384521,
        "osm_type": "way",
        "name": "Unnamed Reservoir (wb-way-1128384521)",
        "name_ta": "",
        "category": "reservoir",
        "water_type": "reservoir",
        "latitude": 13.0074312,
        "longitude": 80.2175468,
        "city": "Chennai",
        "state": "Tamil Nadu"
      },
      "geometry": {
        "type": "Point",
        "coordinates": [
          80.2175468,
          13.0074312
        ]
      }
    },
    {
      "type": "Feature",
      "id": "wb-way-1131700757",
      "properties": {
        "osm_id": 1131700757,
        "osm_type": "way",
        "name": "Unnamed Pond (wb-way-1131700757)",
        "name_ta": "",
        "category": "pond",
        "water_type": "pond",
        "latitude": 13.0712672,
        "longitude": 80.2829093,
        "city": "Chennai",
        "state": "Tamil Nadu"
      },
      "geometry": {
        "type": "Point",
        "coordinates": [
          80.2829093,
          13.0712672
        ]
      }
    },
    {
      "type": "Feature",
      "id": "wb-way-1131700806",
      "properties": {
        "osm_id": 1131700806,
        "osm_type": "way",
        "name": "Unnamed Wetland (wb-way-1131700806)",
        "name_ta": "",
        "category": "wetland",
        "water_type": "wetland",
        "latitude": 13.0701157,
        "longitude": 80.2819654,
        "city": "Chennai",
        "state": "Tamil Nadu"
      },
      "geometry": {
        "type": "Point",
        "coordinates": [
          80.2819654,
          13.0701157
        ]
      }
    },
    {
      "type": "Feature",
      "id": "wb-way-1131700807",
      "properties": {
        "osm_id": 1131700807,
        "osm_type": "way",
        "name": "Unnamed Pond (wb-way-1131700807)",
        "name_ta": "",
        "category": "pond",
        "water_type": "pond",
        "latitude": 13.0712591,
        "longitude": 80.2819254,
        "city": "Chennai",
        "state": "Tamil Nadu"
      },
      "geometry": {
        "type": "Point",
        "coordinates": [
          80.2819254,
          13.0712591
        ]
      }
    },
    {
      "type": "Feature",
      "id": "wb-way-1131919638",
      "properties": {
        "osm_id": 1131919638,
        "osm_type": "way",
        "name": "Unnamed Wetland (wb-way-1131919638)",
        "name_ta": "",
        "category": "wetland",
        "water_type": "wetland",
        "latitude": 12.8675223,
        "longitude": 80.225144,
        "city": "Chennai",
        "state": "Tamil Nadu"
      },
      "geometry": {
        "type": "Point",
        "coordinates": [
          80.225144,
          12.8675223
        ]
      }
    },
    {
      "type": "Feature",
      "id": "wb-way-1131919639",
      "properties": {
        "osm_id": 1131919639,
        "osm_type": "way",
        "name": "Unnamed Lake (wb-way-1131919639)",
        "name_ta": "",
        "category": "lake",
        "water_type": "lake",
        "latitude": 12.8658101,
        "longitude": 80.2257484,
        "city": "Chennai",
        "state": "Tamil Nadu"
      },
      "geometry": {
        "type": "Point",
        "coordinates": [
          80.2257484,
          12.8658101
        ]
      }
    },
    {
      "type": "Feature",
      "id": "wb-way-1131919642",
      "properties": {
        "osm_id": 1131919642,
        "osm_type": "way",
        "name": "Unnamed Wetland (wb-way-1131919642)",
        "name_ta": "",
        "category": "wetland",
        "water_type": "wetland",
        "latitude": 12.8691474,
        "longitude": 80.2232663,
        "city": "Chennai",
        "state": "Tamil Nadu"
      },
      "geometry": {
        "type": "Point",
        "coordinates": [
          80.2232663,
          12.8691474
        ]
      }
    },
    {
      "type": "Feature",
      "id": "wb-way-1131919643",
      "properties": {
        "osm_id": 1131919643,
        "osm_type": "way",
        "name": "Unnamed Wetland (wb-way-1131919643)",
        "name_ta": "",
        "category": "wetland",
        "water_type": "wetland",
        "latitude": 12.871941,
        "longitude": 80.2235226,
        "city": "Chennai",
        "state": "Tamil Nadu"
      },
      "geometry": {
        "type": "Point",
        "coordinates": [
          80.2235226,
          12.871941
        ]
      }
    },
    {
      "type": "Feature",
      "id": "wb-way-1131919644",
      "properties": {
        "osm_id": 1131919644,
        "osm_type": "way",
        "name": "Unnamed Wetland (wb-way-1131919644)",
        "name_ta": "",
        "category": "wetland",
        "water_type": "wetland",
        "latitude": 12.8717111,
        "longitude": 80.2259078,
        "city": "Chennai",
        "state": "Tamil Nadu"
      },
      "geometry": {
        "type": "Point",
        "coordinates": [
          80.2259078,
          12.8717111
        ]
      }
    },
    {
      "type": "Feature",
      "id": "wb-way-1131919645",
      "properties": {
        "osm_id": 1131919645,
        "osm_type": "way",
        "name": "Unnamed Wetland (wb-way-1131919645)",
        "name_ta": "",
        "category": "wetland",
        "water_type": "wetland",
        "latitude": 12.8772758,
        "longitude": 80.2171323,
        "city": "Chennai",
        "state": "Tamil Nadu"
      },
      "geometry": {
        "type": "Point",
        "coordinates": [
          80.2171323,
          12.8772758
        ]
      }
    },
    {
      "type": "Feature",
      "id": "wb-way-1131919646",
      "properties": {
        "osm_id": 1131919646,
        "osm_type": "way",
        "name": "Unnamed Wetland (wb-way-1131919646)",
        "name_ta": "",
        "category": "wetland",
        "water_type": "wetland",
        "latitude": 12.876737,
        "longitude": 80.2182952,
        "city": "Chennai",
        "state": "Tamil Nadu"
      },
      "geometry": {
        "type": "Point",
        "coordinates": [
          80.2182952,
          12.876737
        ]
      }
    },
    {
      "type": "Feature",
      "id": "wb-way-1131919647",
      "properties": {
        "osm_id": 1131919647,
        "osm_type": "way",
        "name": "Unnamed Wetland (wb-way-1131919647)",
        "name_ta": "",
        "category": "wetland",
        "water_type": "wetland",
        "latitude": 12.875879,
        "longitude": 80.2171957,
        "city": "Chennai",
        "state": "Tamil Nadu"
      },
      "geometry": {
        "type": "Point",
        "coordinates": [
          80.2171957,
          12.875879
        ]
      }
    },
    {
      "type": "Feature",
      "id": "wb-way-1131919648",
      "properties": {
        "osm_id": 1131919648,
        "osm_type": "way",
        "name": "Unnamed Wetland (wb-way-1131919648)",
        "name_ta": "",
        "category": "wetland",
        "water_type": "wetland",
        "latitude": 12.8752212,
        "longitude": 80.2171402,
        "city": "Chennai",
        "state": "Tamil Nadu"
      },
      "geometry": {
        "type": "Point",
        "coordinates": [
          80.2171402,
          12.8752212
        ]
      }
    },
    {
      "type": "Feature",
      "id": "wb-way-1131919649",
      "properties": {
        "osm_id": 1131919649,
        "osm_type": "way",
        "name": "Unnamed Wetland (wb-way-1131919649)",
        "name_ta": "",
        "category": "wetland",
        "water_type": "wetland",
        "latitude": 12.8782419,
        "longitude": 80.212339,
        "city": "Chennai",
        "state": "Tamil Nadu"
      },
      "geometry": {
        "type": "Point",
        "coordinates": [
          80.212339,
          12.8782419
        ]
      }
    },
    {
      "type": "Feature",
      "id": "wb-way-1131919651",
      "properties": {
        "osm_id": 1131919651,
        "osm_type": "way",
        "name": "Unnamed Wetland (wb-way-1131919651)",
        "name_ta": "",
        "category": "wetland",
        "water_type": "wetland",
        "latitude": 12.8492638,
        "longitude": 80.2146786,
        "city": "Chennai",
        "state": "Tamil Nadu"
      },
      "geometry": {
        "type": "Point",
        "coordinates": [
          80.2146786,
          12.8492638
        ]
      }
    },
    {
      "type": "Feature",
      "id": "wb-way-1131919652",
      "properties": {
        "osm_id": 1131919652,
        "osm_type": "way",
        "name": "Unnamed Wetland (wb-way-1131919652)",
        "name_ta": "",
        "category": "wetland",
        "water_type": "wetland",
        "latitude": 12.8830859,
        "longitude": 80.2044003,
        "city": "Chennai",
        "state": "Tamil Nadu"
      },
      "geometry": {
        "type": "Point",
        "coordinates": [
          80.2044003,
          12.8830859
        ]
      }
    },
    {
      "type": "Feature",
      "id": "wb-way-1131919653",
      "properties": {
        "osm_id": 1131919653,
        "osm_type": "way",
        "name": "Unnamed Wetland (wb-way-1131919653)",
        "name_ta": "",
        "category": "wetland",
        "water_type": "wetland",
        "latitude": 12.8505781,
        "longitude": 80.2203344,
        "city": "Chennai",
        "state": "Tamil Nadu"
      },
      "geometry": {
        "type": "Point",
        "coordinates": [
          80.2203344,
          12.8505781
        ]
      }
    },
    {
      "type": "Feature",
      "id": "wb-way-1131919654",
      "properties": {
        "osm_id": 1131919654,
        "osm_type": "way",
        "name": "Unnamed Wetland (wb-way-1131919654)",
        "name_ta": "",
        "category": "wetland",
        "water_type": "wetland",
        "latitude": 12.857686,
        "longitude": 80.2180587,
        "city": "Chennai",
        "state": "Tamil Nadu"
      },
      "geometry": {
        "type": "Point",
        "coordinates": [
          80.2180587,
          12.857686
        ]
      }
    },
    {
      "type": "Feature",
      "id": "wb-way-1131919655",
      "properties": {
        "osm_id": 1131919655,
        "osm_type": "way",
        "name": "Unnamed Wetland (wb-way-1131919655)",
        "name_ta": "",
        "category": "wetland",
        "water_type": "wetland",
        "latitude": 12.8626762,
        "longitude": 80.2096297,
        "city": "Chennai",
        "state": "Tamil Nadu"
      },
      "geometry": {
        "type": "Point",
        "coordinates": [
          80.2096297,
          12.8626762
        ]
      }
    },
    {
      "type": "Feature",
      "id": "wb-way-1131919656",
      "properties": {
        "osm_id": 1131919656,
        "osm_type": "way",
        "name": "Unnamed Wetland (wb-way-1131919656)",
        "name_ta": "",
        "category": "wetland",
        "water_type": "wetland",
        "latitude": 12.8539537,
        "longitude": 80.2203442,
        "city": "Chennai",
        "state": "Tamil Nadu"
      },
      "geometry": {
        "type": "Point",
        "coordinates": [
          80.2203442,
          12.8539537
        ]
      }
    },
    {
      "type": "Feature",
      "id": "wb-way-1131919657",
      "properties": {
        "osm_id": 1131919657,
        "osm_type": "way",
        "name": "Unnamed Wetland (wb-way-1131919657)",
        "name_ta": "",
        "category": "wetland",
        "water_type": "wetland",
        "latitude": 12.8535625,
        "longitude": 80.2173026,
        "city": "Chennai",
        "state": "Tamil Nadu"
      },
      "geometry": {
        "type": "Point",
        "coordinates": [
          80.2173026,
          12.8535625
        ]
      }
    },
    {
      "type": "Feature",
      "id": "wb-way-1131919658",
      "properties": {
        "osm_id": 1131919658,
        "osm_type": "way",
        "name": "Unnamed Wetland (wb-way-1131919658)",
        "name_ta": "",
        "category": "wetland",
        "water_type": "wetland",
        "latitude": 12.8537464,
        "longitude": 80.215231,
        "city": "Chennai",
        "state": "Tamil Nadu"
      },
      "geometry": {
        "type": "Point",
        "coordinates": [
          80.215231,
          12.8537464
        ]
      }
    },
    {
      "type": "Feature",
      "id": "wb-way-1131919659",
      "properties": {
        "osm_id": 1131919659,
        "osm_type": "way",
        "name": "Unnamed Wetland (wb-way-1131919659)",
        "name_ta": "",
        "category": "wetland",
        "water_type": "wetland",
        "latitude": 12.8680798,
        "longitude": 80.2026547,
        "city": "Chennai",
        "state": "Tamil Nadu"
      },
      "geometry": {
        "type": "Point",
        "coordinates": [
          80.2026547,
          12.8680798
        ]
      }
    },
    {
      "type": "Feature",
      "id": "wb-way-1131919660",
      "properties": {
        "osm_id": 1131919660,
        "osm_type": "way",
        "name": "Unnamed Reservoir (wb-way-1131919660)",
        "name_ta": "",
        "category": "reservoir",
        "water_type": "reservoir",
        "latitude": 12.8797113,
        "longitude": 80.1940489,
        "city": "Chennai",
        "state": "Tamil Nadu"
      },
      "geometry": {
        "type": "Point",
        "coordinates": [
          80.1940489,
          12.8797113
        ]
      }
    },
    {
      "type": "Feature",
      "id": "wb-way-1132419633",
      "properties": {
        "osm_id": 1132419633,
        "osm_type": "way",
        "name": "Unnamed Pond (wb-way-1132419633)",
        "name_ta": "",
        "category": "pond",
        "water_type": "pond",
        "latitude": 13.0724582,
        "longitude": 80.281656,
        "city": "Chennai",
        "state": "Tamil Nadu"
      },
      "geometry": {
        "type": "Point",
        "coordinates": [
          80.281656,
          13.0724582
        ]
      }
    },
    {
      "type": "Feature",
      "id": "wb-way-1132419635",
      "properties": {
        "osm_id": 1132419635,
        "osm_type": "way",
        "name": "Unnamed Wetland (wb-way-1132419635)",
        "name_ta": "",
        "category": "wetland",
        "water_type": "wetland",
        "latitude": 13.0728549,
        "longitude": 80.2817152,
        "city": "Chennai",
        "state": "Tamil Nadu"
      },
      "geometry": {
        "type": "Point",
        "coordinates": [
          80.2817152,
          13.0728549
        ]
      }
    },
    {
      "type": "Feature",
      "id": "wb-way-1132419638",
      "properties": {
        "osm_id": 1132419638,
        "osm_type": "way",
        "name": "Unnamed Pond (wb-way-1132419638)",
        "name_ta": "",
        "category": "pond",
        "water_type": "pond",
        "latitude": 13.0744336,
        "longitude": 80.2813205,
        "city": "Chennai",
        "state": "Tamil Nadu"
      },
      "geometry": {
        "type": "Point",
        "coordinates": [
          80.2813205,
          13.0744336
        ]
      }
    },
    {
      "type": "Feature",
      "id": "wb-way-1132419640",
      "properties": {
        "osm_id": 1132419640,
        "osm_type": "way",
        "name": "Unnamed Wetland (wb-way-1132419640)",
        "name_ta": "",
        "category": "wetland",
        "water_type": "wetland",
        "latitude": 13.074199,
        "longitude": 80.2819369,
        "city": "Chennai",
        "state": "Tamil Nadu"
      },
      "geometry": {
        "type": "Point",
        "coordinates": [
          80.2819369,
          13.074199
        ]
      }
    },
    {
      "type": "Feature",
      "id": "wb-way-1132419641",
      "properties": {
        "osm_id": 1132419641,
        "osm_type": "way",
        "name": "Unnamed Wetland (wb-way-1132419641)",
        "name_ta": "",
        "category": "wetland",
        "water_type": "wetland",
        "latitude": 13.0745196,
        "longitude": 80.2810555,
        "city": "Chennai",
        "state": "Tamil Nadu"
      },
      "geometry": {
        "type": "Point",
        "coordinates": [
          80.2810555,
          13.0745196
        ]
      }
    },
    {
      "type": "Feature",
      "id": "wb-way-1137567398",
      "properties": {
        "osm_id": 1137567398,
        "osm_type": "way",
        "name": "Unnamed Lake (wb-way-1137567398)",
        "name_ta": "",
        "category": "lake",
        "water_type": "lake",
        "latitude": 12.9025784,
        "longitude": 80.1694313,
        "city": "Chennai",
        "state": "Tamil Nadu"
      },
      "geometry": {
        "type": "Point",
        "coordinates": [
          80.1694313,
          12.9025784
        ]
      }
    },
    {
      "type": "Feature",
      "id": "wb-way-1137581556",
      "properties": {
        "osm_id": 1137581556,
        "osm_type": "way",
        "name": "Unnamed Pond (wb-way-1137581556)",
        "name_ta": "",
        "category": "pond",
        "water_type": "pond",
        "latitude": 13.0645515,
        "longitude": 80.2842508,
        "city": "Chennai",
        "state": "Tamil Nadu"
      },
      "geometry": {
        "type": "Point",
        "coordinates": [
          80.2842508,
          13.0645515
        ]
      }
    },
    {
      "type": "Feature",
      "id": "wb-way-1137581564",
      "properties": {
        "osm_id": 1137581564,
        "osm_type": "way",
        "name": "Unnamed Pond (wb-way-1137581564)",
        "name_ta": "",
        "category": "pond",
        "water_type": "pond",
        "latitude": 13.064414,
        "longitude": 80.2848,
        "city": "Chennai",
        "state": "Tamil Nadu"
      },
      "geometry": {
        "type": "Point",
        "coordinates": [
          80.2848,
          13.064414
        ]
      }
    },
    {
      "type": "Feature",
      "id": "wb-way-1154913166",
      "properties": {
        "osm_id": 1154913166,
        "osm_type": "way",
        "name": "Unnamed Reservoir (wb-way-1154913166)",
        "name_ta": "",
        "category": "reservoir",
        "water_type": "reservoir",
        "latitude": 13.159807,
        "longitude": 80.2824105,
        "city": "Chennai",
        "state": "Tamil Nadu"
      },
      "geometry": {
        "type": "Point",
        "coordinates": [
          80.2824105,
          13.159807
        ]
      }
    },
    {
      "type": "Feature",
      "id": "wb-way-1154923347",
      "properties": {
        "osm_id": 1154923347,
        "osm_type": "way",
        "name": "Unnamed Reservoir (wb-way-1154923347)",
        "name_ta": "",
        "category": "reservoir",
        "water_type": "reservoir",
        "latitude": 13.1614455,
        "longitude": 80.2764796,
        "city": "Chennai",
        "state": "Tamil Nadu"
      },
      "geometry": {
        "type": "Point",
        "coordinates": [
          80.2764796,
          13.1614455
        ]
      }
    },
    {
      "type": "Feature",
      "id": "wb-way-1154923348",
      "properties": {
        "osm_id": 1154923348,
        "osm_type": "way",
        "name": "Unnamed Reservoir (wb-way-1154923348)",
        "name_ta": "",
        "category": "reservoir",
        "water_type": "reservoir",
        "latitude": 13.1614773,
        "longitude": 80.2766276,
        "city": "Chennai",
        "state": "Tamil Nadu"
      },
      "geometry": {
        "type": "Point",
        "coordinates": [
          80.2766276,
          13.1614773
        ]
      }
    },
    {
      "type": "Feature",
      "id": "wb-way-1154923367",
      "properties": {
        "osm_id": 1154923367,
        "osm_type": "way",
        "name": "Unnamed Reservoir (wb-way-1154923367)",
        "name_ta": "",
        "category": "reservoir",
        "water_type": "reservoir",
        "latitude": 13.1584455,
        "longitude": 80.2838273,
        "city": "Chennai",
        "state": "Tamil Nadu"
      },
      "geometry": {
        "type": "Point",
        "coordinates": [
          80.2838273,
          13.1584455
        ]
      }
    },
    {
      "type": "Feature",
      "id": "wb-way-1154923372",
      "properties": {
        "osm_id": 1154923372,
        "osm_type": "way",
        "name": "Unnamed Reservoir (wb-way-1154923372)",
        "name_ta": "",
        "category": "reservoir",
        "water_type": "reservoir",
        "latitude": 13.1572417,
        "longitude": 80.2834841,
        "city": "Chennai",
        "state": "Tamil Nadu"
      },
      "geometry": {
        "type": "Point",
        "coordinates": [
          80.2834841,
          13.1572417
        ]
      }
    },
    {
      "type": "Feature",
      "id": "wb-way-1154923373",
      "properties": {
        "osm_id": 1154923373,
        "osm_type": "way",
        "name": "Unnamed Reservoir (wb-way-1154923373)",
        "name_ta": "",
        "category": "reservoir",
        "water_type": "reservoir",
        "latitude": 13.1572398,
        "longitude": 80.2837493,
        "city": "Chennai",
        "state": "Tamil Nadu"
      },
      "geometry": {
        "type": "Point",
        "coordinates": [
          80.2837493,
          13.1572398
        ]
      }
    },
    {
      "type": "Feature",
      "id": "wb-way-1154923374",
      "properties": {
        "osm_id": 1154923374,
        "osm_type": "way",
        "name": "Unnamed Reservoir (wb-way-1154923374)",
        "name_ta": "",
        "category": "reservoir",
        "water_type": "reservoir",
        "latitude": 13.1575905,
        "longitude": 80.2839796,
        "city": "Chennai",
        "state": "Tamil Nadu"
      },
      "geometry": {
        "type": "Point",
        "coordinates": [
          80.2839796,
          13.1575905
        ]
      }
    },
    {
      "type": "Feature",
      "id": "wb-way-1154923375",
      "properties": {
        "osm_id": 1154923375,
        "osm_type": "way",
        "name": "Unnamed Reservoir (wb-way-1154923375)",
        "name_ta": "",
        "category": "reservoir",
        "water_type": "reservoir",
        "latitude": 13.1578391,
        "longitude": 80.2838929,
        "city": "Chennai",
        "state": "Tamil Nadu"
      },
      "geometry": {
        "type": "Point",
        "coordinates": [
          80.2838929,
          13.1578391
        ]
      }
    },
    {
      "type": "Feature",
      "id": "wb-way-1154923376",
      "properties": {
        "osm_id": 1154923376,
        "osm_type": "way",
        "name": "Unnamed Reservoir (wb-way-1154923376)",
        "name_ta": "",
        "category": "reservoir",
        "water_type": "reservoir",
        "latitude": 13.1579642,
        "longitude": 80.284048,
        "city": "Chennai",
        "state": "Tamil Nadu"
      },
      "geometry": {
        "type": "Point",
        "coordinates": [
          80.284048,
          13.1579642
        ]
      }
    },
    {
      "type": "Feature",
      "id": "wb-way-1154923377",
      "properties": {
        "osm_id": 1154923377,
        "osm_type": "way",
        "name": "Unnamed Reservoir (wb-way-1154923377)",
        "name_ta": "",
        "category": "reservoir",
        "water_type": "reservoir",
        "latitude": 13.1581284,
        "longitude": 80.2840775,
        "city": "Chennai",
        "state": "Tamil Nadu"
      },
      "geometry": {
        "type": "Point",
        "coordinates": [
          80.2840775,
          13.1581284
        ]
      }
    },
    {
      "type": "Feature",
      "id": "wb-way-1159363407",
      "properties": {
        "osm_id": 1159363407,
        "osm_type": "way",
        "name": "Vellachheri aeri",
        "name_ta": "",
        "category": "lake",
        "water_type": "lake",
        "latitude": 13.1667224,
        "longitude": 80.0612127,
        "city": "Chennai",
        "state": "Tamil Nadu"
      },
      "geometry": {
        "type": "Point",
        "coordinates": [
          80.0612127,
          13.1667224
        ]
      }
    },
    {
      "type": "Feature",
      "id": "wb-way-1172624836",
      "properties": {
        "osm_id": 1172624836,
        "osm_type": "way",
        "name": "Unnamed Pond (wb-way-1172624836)",
        "name_ta": "",
        "category": "pond",
        "water_type": "wastewater",
        "latitude": 13.0654643,
        "longitude": 80.2010707,
        "city": "Chennai",
        "state": "Tamil Nadu"
      },
      "geometry": {
        "type": "Point",
        "coordinates": [
          80.2010707,
          13.0654643
        ]
      }
    },
    {
      "type": "Feature",
      "id": "wb-way-1172624837",
      "properties": {
        "osm_id": 1172624837,
        "osm_type": "way",
        "name": "Unnamed Pond (wb-way-1172624837)",
        "name_ta": "",
        "category": "pond",
        "water_type": "wastewater",
        "latitude": 13.0649664,
        "longitude": 80.2017053,
        "city": "Chennai",
        "state": "Tamil Nadu"
      },
      "geometry": {
        "type": "Point",
        "coordinates": [
          80.2017053,
          13.0649664
        ]
      }
    },
    {
      "type": "Feature",
      "id": "wb-way-1172624838",
      "properties": {
        "osm_id": 1172624838,
        "osm_type": "way",
        "name": "Unnamed Pond (wb-way-1172624838)",
        "name_ta": "",
        "category": "pond",
        "water_type": "wastewater",
        "latitude": 13.0651145,
        "longitude": 80.2014236,
        "city": "Chennai",
        "state": "Tamil Nadu"
      },
      "geometry": {
        "type": "Point",
        "coordinates": [
          80.2014236,
          13.0651145
        ]
      }
    },
    {
      "type": "Feature",
      "id": "wb-way-1172624839",
      "properties": {
        "osm_id": 1172624839,
        "osm_type": "way",
        "name": "Unnamed Pond (wb-way-1172624839)",
        "name_ta": "",
        "category": "pond",
        "water_type": "wastewater",
        "latitude": 13.065344,
        "longitude": 80.2018326,
        "city": "Chennai",
        "state": "Tamil Nadu"
      },
      "geometry": {
        "type": "Point",
        "coordinates": [
          80.2018326,
          13.065344
        ]
      }
    },
    {
      "type": "Feature",
      "id": "wb-way-1172624850",
      "properties": {
        "osm_id": 1172624850,
        "osm_type": "way",
        "name": "Unnamed Pond (wb-way-1172624850)",
        "name_ta": "",
        "category": "pond",
        "water_type": "wastewater",
        "latitude": 13.0641744,
        "longitude": 80.2014042,
        "city": "Chennai",
        "state": "Tamil Nadu"
      },
      "geometry": {
        "type": "Point",
        "coordinates": [
          80.2014042,
          13.0641744
        ]
      }
    },
    {
      "type": "Feature",
      "id": "wb-way-1172624853",
      "properties": {
        "osm_id": 1172624853,
        "osm_type": "way",
        "name": "Unnamed Pond (wb-way-1172624853)",
        "name_ta": "",
        "category": "pond",
        "water_type": "wastewater",
        "latitude": 13.0637237,
        "longitude": 80.2012096,
        "city": "Chennai",
        "state": "Tamil Nadu"
      },
      "geometry": {
        "type": "Point",
        "coordinates": [
          80.2012096,
          13.0637237
        ]
      }
    },
    {
      "type": "Feature",
      "id": "wb-way-1172624854",
      "properties": {
        "osm_id": 1172624854,
        "osm_type": "way",
        "name": "Unnamed Pond (wb-way-1172624854)",
        "name_ta": "",
        "category": "pond",
        "water_type": "wastewater",
        "latitude": 13.0635697,
        "longitude": 80.2007774,
        "city": "Chennai",
        "state": "Tamil Nadu"
      },
      "geometry": {
        "type": "Point",
        "coordinates": [
          80.2007774,
          13.0635697
        ]
      }
    },
    {
      "type": "Feature",
      "id": "wb-way-1172624855",
      "properties": {
        "osm_id": 1172624855,
        "osm_type": "way",
        "name": "Unnamed Pond (wb-way-1172624855)",
        "name_ta": "",
        "category": "pond",
        "water_type": "wastewater",
        "latitude": 13.0648104,
        "longitude": 80.2011427,
        "city": "Chennai",
        "state": "Tamil Nadu"
      },
      "geometry": {
        "type": "Point",
        "coordinates": [
          80.2011427,
          13.0648104
        ]
      }
    },
    {
      "type": "Feature",
      "id": "wb-way-1172624856",
      "properties": {
        "osm_id": 1172624856,
        "osm_type": "way",
        "name": "Unnamed Pond (wb-way-1172624856)",
        "name_ta": "",
        "category": "pond",
        "water_type": "wastewater",
        "latitude": 13.0644822,
        "longitude": 80.2009838,
        "city": "Chennai",
        "state": "Tamil Nadu"
      },
      "geometry": {
        "type": "Point",
        "coordinates": [
          80.2009838,
          13.0644822
        ]
      }
    },
    {
      "type": "Feature",
      "id": "wb-way-1172624857",
      "properties": {
        "osm_id": 1172624857,
        "osm_type": "way",
        "name": "Unnamed Pond (wb-way-1172624857)",
        "name_ta": "",
        "category": "pond",
        "water_type": "wastewater",
        "latitude": 13.06467,
        "longitude": 80.2006229,
        "city": "Chennai",
        "state": "Tamil Nadu"
      },
      "geometry": {
        "type": "Point",
        "coordinates": [
          80.2006229,
          13.06467
        ]
      }
    },
    {
      "type": "Feature",
      "id": "wb-way-1172624858",
      "properties": {
        "osm_id": 1172624858,
        "osm_type": "way",
        "name": "Unnamed Pond (wb-way-1172624858)",
        "name_ta": "",
        "category": "pond",
        "water_type": "wastewater",
        "latitude": 13.0647943,
        "longitude": 80.2002663,
        "city": "Chennai",
        "state": "Tamil Nadu"
      },
      "geometry": {
        "type": "Point",
        "coordinates": [
          80.2002663,
          13.0647943
        ]
      }
    },
    {
      "type": "Feature",
      "id": "wb-way-1172624859",
      "properties": {
        "osm_id": 1172624859,
        "osm_type": "way",
        "name": "Unnamed Pond (wb-way-1172624859)",
        "name_ta": "",
        "category": "pond",
        "water_type": "wastewater",
        "latitude": 13.0642314,
        "longitude": 80.2003175,
        "city": "Chennai",
        "state": "Tamil Nadu"
      },
      "geometry": {
        "type": "Point",
        "coordinates": [
          80.2003175,
          13.0642314
        ]
      }
    },
    {
      "type": "Feature",
      "id": "wb-way-1172624860",
      "properties": {
        "osm_id": 1172624860,
        "osm_type": "way",
        "name": "Unnamed Pond (wb-way-1172624860)",
        "name_ta": "",
        "category": "pond",
        "water_type": "wastewater",
        "latitude": 13.0636876,
        "longitude": 80.2002073,
        "city": "Chennai",
        "state": "Tamil Nadu"
      },
      "geometry": {
        "type": "Point",
        "coordinates": [
          80.2002073,
          13.0636876
        ]
      }
    },
    {
      "type": "Feature",
      "id": "wb-way-1172624861",
      "properties": {
        "osm_id": 1172624861,
        "osm_type": "way",
        "name": "Unnamed Pond (wb-way-1172624861)",
        "name_ta": "",
        "category": "pond",
        "water_type": "wastewater",
        "latitude": 13.0639208,
        "longitude": 80.1997955,
        "city": "Chennai",
        "state": "Tamil Nadu"
      },
      "geometry": {
        "type": "Point",
        "coordinates": [
          80.1997955,
          13.0639208
        ]
      }
    },
    {
      "type": "Feature",
      "id": "wb-way-1172624864",
      "properties": {
        "osm_id": 1172624864,
        "osm_type": "way",
        "name": "Unnamed Pond (wb-way-1172624864)",
        "name_ta": "",
        "category": "pond",
        "water_type": "wastewater",
        "latitude": 13.0650343,
        "longitude": 80.2007218,
        "city": "Chennai",
        "state": "Tamil Nadu"
      },
      "geometry": {
        "type": "Point",
        "coordinates": [
          80.2007218,
          13.0650343
        ]
      }
    },
    {
      "type": "Feature",
      "id": "wb-way-1172624865",
      "properties": {
        "osm_id": 1172624865,
        "osm_type": "way",
        "name": "Unnamed Pond (wb-way-1172624865)",
        "name_ta": "",
        "category": "pond",
        "water_type": "wastewater",
        "latitude": 13.0651412,
        "longitude": 80.2004378,
        "city": "Chennai",
        "state": "Tamil Nadu"
      },
      "geometry": {
        "type": "Point",
        "coordinates": [
          80.2004378,
          13.0651412
        ]
      }
    },
    {
      "type": "Feature",
      "id": "wb-way-1172624866",
      "properties": {
        "osm_id": 1172624866,
        "osm_type": "way",
        "name": "Unnamed Pond (wb-way-1172624866)",
        "name_ta": "",
        "category": "pond",
        "water_type": "wastewater",
        "latitude": 13.0647419,
        "longitude": 80.1996817,
        "city": "Chennai",
        "state": "Tamil Nadu"
      },
      "geometry": {
        "type": "Point",
        "coordinates": [
          80.1996817,
          13.0647419
        ]
      }
    },
    {
      "type": "Feature",
      "id": "wb-way-1172624867",
      "properties": {
        "osm_id": 1172624867,
        "osm_type": "way",
        "name": "Unnamed Pond (wb-way-1172624867)",
        "name_ta": "",
        "category": "pond",
        "water_type": "wastewater",
        "latitude": 13.0648872,
        "longitude": 80.1993571,
        "city": "Chennai",
        "state": "Tamil Nadu"
      },
      "geometry": {
        "type": "Point",
        "coordinates": [
          80.1993571,
          13.0648872
        ]
      }
    },
    {
      "type": "Feature",
      "id": "wb-way-1172624868",
      "properties": {
        "osm_id": 1172624868,
        "osm_type": "way",
        "name": "Unnamed Pond (wb-way-1172624868)",
        "name_ta": "",
        "category": "pond",
        "water_type": "wastewater",
        "latitude": 13.0644072,
        "longitude": 80.1991101,
        "city": "Chennai",
        "state": "Tamil Nadu"
      },
      "geometry": {
        "type": "Point",
        "coordinates": [
          80.1991101,
          13.0644072
        ]
      }
    },
    {
      "type": "Feature",
      "id": "wb-way-1172624869",
      "properties": {
        "osm_id": 1172624869,
        "osm_type": "way",
        "name": "Unnamed Pond (wb-way-1172624869)",
        "name_ta": "",
        "category": "pond",
        "water_type": "wastewater",
        "latitude": 13.0651096,
        "longitude": 80.1989283,
        "city": "Chennai",
        "state": "Tamil Nadu"
      },
      "geometry": {
        "type": "Point",
        "coordinates": [
          80.1989283,
          13.0651096
        ]
      }
    },
    {
      "type": "Feature",
      "id": "wb-way-1172624870",
      "properties": {
        "osm_id": 1172624870,
        "osm_type": "way",
        "name": "Unnamed Pond (wb-way-1172624870)",
        "name_ta": "",
        "category": "pond",
        "water_type": "wastewater",
        "latitude": 13.064623,
        "longitude": 80.1986776,
        "city": "Chennai",
        "state": "Tamil Nadu"
      },
      "geometry": {
        "type": "Point",
        "coordinates": [
          80.1986776,
          13.064623
        ]
      }
    },
    {
      "type": "Feature",
      "id": "wb-way-1172624873",
      "properties": {
        "osm_id": 1172624873,
        "osm_type": "way",
        "name": "Unnamed Pond (wb-way-1172624873)",
        "name_ta": "",
        "category": "pond",
        "water_type": "wastewater",
        "latitude": 13.0642986,
        "longitude": 80.1994473,
        "city": "Chennai",
        "state": "Tamil Nadu"
      },
      "geometry": {
        "type": "Point",
        "coordinates": [
          80.1994473,
          13.0642986
        ]
      }
    },
    {
      "type": "Feature",
      "id": "wb-way-1172624874",
      "properties": {
        "osm_id": 1172624874,
        "osm_type": "way",
        "name": "Unnamed Pond (wb-way-1172624874)",
        "name_ta": "",
        "category": "pond",
        "water_type": "wastewater",
        "latitude": 13.0641349,
        "longitude": 80.1985434,
        "city": "Chennai",
        "state": "Tamil Nadu"
      },
      "geometry": {
        "type": "Point",
        "coordinates": [
          80.1985434,
          13.0641349
        ]
      }
    },
    {
      "type": "Feature",
      "id": "wb-way-1172624884",
      "properties": {
        "osm_id": 1172624884,
        "osm_type": "way",
        "name": "Unnamed Pond (wb-way-1172624884)",
        "name_ta": "",
        "category": "pond",
        "water_type": "wastewater",
        "latitude": 13.0675058,
        "longitude": 80.199911,
        "city": "Chennai",
        "state": "Tamil Nadu"
      },
      "geometry": {
        "type": "Point",
        "coordinates": [
          80.199911,
          13.0675058
        ]
      }
    },
    {
      "type": "Feature",
      "id": "wb-way-1172624885",
      "properties": {
        "osm_id": 1172624885,
        "osm_type": "way",
        "name": "Unnamed Pond (wb-way-1172624885)",
        "name_ta": "",
        "category": "pond",
        "water_type": "wastewater",
        "latitude": 13.0675806,
        "longitude": 80.2008943,
        "city": "Chennai",
        "state": "Tamil Nadu"
      },
      "geometry": {
        "type": "Point",
        "coordinates": [
          80.2008943,
          13.0675806
        ]
      }
    },
    {
      "type": "Feature",
      "id": "wb-way-1172624886",
      "properties": {
        "osm_id": 1172624886,
        "osm_type": "way",
        "name": "Unnamed Pond (wb-way-1172624886)",
        "name_ta": "",
        "category": "pond",
        "water_type": "wastewater",
        "latitude": 13.0677898,
        "longitude": 80.2004076,
        "city": "Chennai",
        "state": "Tamil Nadu"
      },
      "geometry": {
        "type": "Point",
        "coordinates": [
          80.2004076,
          13.0677898
        ]
      }
    },
    {
      "type": "Feature",
      "id": "wb-way-1172624887",
      "properties": {
        "osm_id": 1172624887,
        "osm_type": "way",
        "name": "Unnamed Pond (wb-way-1172624887)",
        "name_ta": "",
        "category": "pond",
        "water_type": "wastewater",
        "latitude": 13.0673553,
        "longitude": 80.2002316,
        "city": "Chennai",
        "state": "Tamil Nadu"
      },
      "geometry": {
        "type": "Point",
        "coordinates": [
          80.2002316,
          13.0673553
        ]
      }
    },
    {
      "type": "Feature",
      "id": "wb-way-1172624888",
      "properties": {
        "osm_id": 1172624888,
        "osm_type": "way",
        "name": "Unnamed Pond (wb-way-1172624888)",
        "name_ta": "",
        "category": "pond",
        "water_type": "wastewater",
        "latitude": 13.0671546,
        "longitude": 80.2006775,
        "city": "Chennai",
        "state": "Tamil Nadu"
      },
      "geometry": {
        "type": "Point",
        "coordinates": [
          80.2006775,
          13.0671546
        ]
      }
    },
    {
      "type": "Feature",
      "id": "wb-way-1172624889",
      "properties": {
        "osm_id": 1172624889,
        "osm_type": "way",
        "name": "Unnamed Pond (wb-way-1172624889)",
        "name_ta": "",
        "category": "pond",
        "water_type": "wastewater",
        "latitude": 13.0666666,
        "longitude": 80.1999862,
        "city": "Chennai",
        "state": "Tamil Nadu"
      },
      "geometry": {
        "type": "Point",
        "coordinates": [
          80.1999862,
          13.0666666
        ]
      }
    },
    {
      "type": "Feature",
      "id": "wb-way-1172624892",
      "properties": {
        "osm_id": 1172624892,
        "osm_type": "way",
        "name": "Unnamed Pond (wb-way-1172624892)",
        "name_ta": "",
        "category": "pond",
        "water_type": "wastewater",
        "latitude": 13.0660811,
        "longitude": 80.1993854,
        "city": "Chennai",
        "state": "Tamil Nadu"
      },
      "geometry": {
        "type": "Point",
        "coordinates": [
          80.1993854,
          13.0660811
        ]
      }
    },
    {
      "type": "Feature",
      "id": "wb-way-1172624893",
      "properties": {
        "osm_id": 1172624893,
        "osm_type": "way",
        "name": "Unnamed Pond (wb-way-1172624893)",
        "name_ta": "",
        "category": "pond",
        "water_type": "wastewater",
        "latitude": 13.0659477,
        "longitude": 80.1996963,
        "city": "Chennai",
        "state": "Tamil Nadu"
      },
      "geometry": {
        "type": "Point",
        "coordinates": [
          80.1996963,
          13.0659477
        ]
      }
    },
    {
      "type": "Feature",
      "id": "wb-way-1172624894",
      "properties": {
        "osm_id": 1172624894,
        "osm_type": "way",
        "name": "Unnamed Pond (wb-way-1172624894)",
        "name_ta": "",
        "category": "pond",
        "water_type": "wastewater",
        "latitude": 13.0658144,
        "longitude": 80.2000075,
        "city": "Chennai",
        "state": "Tamil Nadu"
      },
      "geometry": {
        "type": "Point",
        "coordinates": [
          80.2000075,
          13.0658144
        ]
      }
    },
    {
      "type": "Feature",
      "id": "wb-way-1172624896",
      "properties": {
        "osm_id": 1172624896,
        "osm_type": "way",
        "name": "Unnamed Pond (wb-way-1172624896)",
        "name_ta": "",
        "category": "pond",
        "water_type": "wastewater",
        "latitude": 13.0667551,
        "longitude": 80.2007938,
        "city": "Chennai",
        "state": "Tamil Nadu"
      },
      "geometry": {
        "type": "Point",
        "coordinates": [
          80.2007938,
          13.0667551
        ]
      }
    },
    {
      "type": "Feature",
      "id": "wb-way-1172624899",
      "properties": {
        "osm_id": 1172624899,
        "osm_type": "way",
        "name": "Unnamed Pond (wb-way-1172624899)",
        "name_ta": "",
        "category": "pond",
        "water_type": "wastewater",
        "latitude": 13.0685928,
        "longitude": 80.2013331,
        "city": "Chennai",
        "state": "Tamil Nadu"
      },
      "geometry": {
        "type": "Point",
        "coordinates": [
          80.2013331,
          13.0685928
        ]
      }
    },
    {
      "type": "Feature",
      "id": "wb-way-1172624901",
      "properties": {
        "osm_id": 1172624901,
        "osm_type": "way",
        "name": "Unnamed Pond (wb-way-1172624901)",
        "name_ta": "",
        "category": "pond",
        "water_type": "wastewater",
        "latitude": 13.0682486,
        "longitude": 80.2011366,
        "city": "Chennai",
        "state": "Tamil Nadu"
      },
      "geometry": {
        "type": "Point",
        "coordinates": [
          80.2011366,
          13.0682486
        ]
      }
    },
    {
      "type": "Feature",
      "id": "wb-way-1172624902",
      "properties": {
        "osm_id": 1172624902,
        "osm_type": "way",
        "name": "Unnamed Pond (wb-way-1172624902)",
        "name_ta": "",
        "category": "pond",
        "water_type": "wastewater",
        "latitude": 13.0684173,
        "longitude": 80.2007651,
        "city": "Chennai",
        "state": "Tamil Nadu"
      },
      "geometry": {
        "type": "Point",
        "coordinates": [
          80.2007651,
          13.0684173
        ]
      }
    },
    {
      "type": "Feature",
      "id": "wb-way-1172624904",
      "properties": {
        "osm_id": 1172624904,
        "osm_type": "way",
        "name": "Unnamed Pond (wb-way-1172624904)",
        "name_ta": "",
        "category": "pond",
        "water_type": "wastewater",
        "latitude": 13.0680431,
        "longitude": 80.2009525,
        "city": "Chennai",
        "state": "Tamil Nadu"
      },
      "geometry": {
        "type": "Point",
        "coordinates": [
          80.2009525,
          13.0680431
        ]
      }
    },
    {
      "type": "Feature",
      "id": "wb-way-1172624905",
      "properties": {
        "osm_id": 1172624905,
        "osm_type": "way",
        "name": "Unnamed Pond (wb-way-1172624905)",
        "name_ta": "",
        "category": "pond",
        "water_type": "wastewater",
        "latitude": 13.0679611,
        "longitude": 80.2010733,
        "city": "Chennai",
        "state": "Tamil Nadu"
      },
      "geometry": {
        "type": "Point",
        "coordinates": [
          80.2010733,
          13.0679611
        ]
      }
    },
    {
      "type": "Feature",
      "id": "wb-way-1184738724",
      "properties": {
        "osm_id": 1184738724,
        "osm_type": "way",
        "name": "Thaali Kulam",
        "name_ta": "",
        "category": "pond",
        "water_type": "pond",
        "latitude": 12.8575243,
        "longitude": 80.228882,
        "city": "Chennai",
        "state": "Tamil Nadu"
      },
      "geometry": {
        "type": "Point",
        "coordinates": [
          80.228882,
          12.8575243
        ]
      }
    },
    {
      "type": "Feature",
      "id": "wb-way-1185548387",
      "properties": {
        "osm_id": 1185548387,
        "osm_type": "way",
        "name": "Thandhoni Amman kovil kulam",
        "name_ta": "",
        "category": "pond",
        "water_type": "pond",
        "latitude": 12.8658811,
        "longitude": 80.2412532,
        "city": "Chennai",
        "state": "Tamil Nadu"
      },
      "geometry": {
        "type": "Point",
        "coordinates": [
          80.2412532,
          12.8658811
        ]
      }
    },
    {
      "type": "Feature",
      "id": "wb-way-1187887584",
      "properties": {
        "osm_id": 1187887584,
        "osm_type": "way",
        "name": "Unnamed Wetland (wb-way-1187887584)",
        "name_ta": "",
        "category": "wetland",
        "water_type": "wetland",
        "latitude": 12.9735385,
        "longitude": 80.2541091,
        "city": "Chennai",
        "state": "Tamil Nadu"
      },
      "geometry": {
        "type": "Point",
        "coordinates": [
          80.2541091,
          12.9735385
        ]
      }
    },
    {
      "type": "Feature",
      "id": "wb-way-1187887587",
      "properties": {
        "osm_id": 1187887587,
        "osm_type": "way",
        "name": "Unnamed Wetland (wb-way-1187887587)",
        "name_ta": "",
        "category": "wetland",
        "water_type": "wetland",
        "latitude": 12.9661663,
        "longitude": 80.2557961,
        "city": "Chennai",
        "state": "Tamil Nadu"
      },
      "geometry": {
        "type": "Point",
        "coordinates": [
          80.2557961,
          12.9661663
        ]
      }
    },
    {
      "type": "Feature",
      "id": "wb-way-1188056507",
      "properties": {
        "osm_id": 1188056507,
        "osm_type": "way",
        "name": "Athi Villivakkam Eri",
        "name_ta": "",
        "category": "lake",
        "water_type": "water",
        "latitude": 13.1044981,
        "longitude": 80.1967084,
        "city": "Chennai",
        "state": "Tamil Nadu"
      },
      "geometry": {
        "type": "Point",
        "coordinates": [
          80.1967084,
          13.1044981
        ]
      }
    },
    {
      "type": "Feature",
      "id": "wb-way-1188056508",
      "properties": {
        "osm_id": 1188056508,
        "osm_type": "way",
        "name": "Unnamed Wetland (wb-way-1188056508)",
        "name_ta": "",
        "category": "wetland",
        "water_type": "wetland",
        "latitude": 13.106784,
        "longitude": 80.1968801,
        "city": "Chennai",
        "state": "Tamil Nadu"
      },
      "geometry": {
        "type": "Point",
        "coordinates": [
          80.1968801,
          13.106784
        ]
      }
    },
    {
      "type": "Feature",
      "id": "wb-way-1202024796",
      "properties": {
        "osm_id": 1202024796,
        "osm_type": "way",
        "name": "Unnamed Wetland (wb-way-1202024796)",
        "name_ta": "",
        "category": "wetland",
        "water_type": "wetland",
        "latitude": 13.1120652,
        "longitude": 80.2677958,
        "city": "Chennai",
        "state": "Tamil Nadu"
      },
      "geometry": {
        "type": "Point",
        "coordinates": [
          80.2677958,
          13.1120652
        ]
      }
    },
    {
      "type": "Feature",
      "id": "wb-way-1202024801",
      "properties": {
        "osm_id": 1202024801,
        "osm_type": "way",
        "name": "Unnamed Pond (wb-way-1202024801)",
        "name_ta": "",
        "category": "pond",
        "water_type": "canal",
        "latitude": 13.1204838,
        "longitude": 80.2722787,
        "city": "Chennai",
        "state": "Tamil Nadu"
      },
      "geometry": {
        "type": "Point",
        "coordinates": [
          80.2722787,
          13.1204838
        ]
      }
    },
    {
      "type": "Feature",
      "id": "wb-way-1202024802",
      "properties": {
        "osm_id": 1202024802,
        "osm_type": "way",
        "name": "Unnamed Wetland (wb-way-1202024802)",
        "name_ta": "",
        "category": "wetland",
        "water_type": "wetland",
        "latitude": 13.1139054,
        "longitude": 80.2722713,
        "city": "Chennai",
        "state": "Tamil Nadu"
      },
      "geometry": {
        "type": "Point",
        "coordinates": [
          80.2722713,
          13.1139054
        ]
      }
    },
    {
      "type": "Feature",
      "id": "wb-way-1202024807",
      "properties": {
        "osm_id": 1202024807,
        "osm_type": "way",
        "name": "Unnamed Pond (wb-way-1202024807)",
        "name_ta": "",
        "category": "pond",
        "water_type": "drain",
        "latitude": 13.1019881,
        "longitude": 80.2613907,
        "city": "Chennai",
        "state": "Tamil Nadu"
      },
      "geometry": {
        "type": "Point",
        "coordinates": [
          80.2613907,
          13.1019881
        ]
      }
    },
    {
      "type": "Feature",
      "id": "wb-way-1202245454",
      "properties": {
        "osm_id": 1202245454,
        "osm_type": "way",
        "name": "Unnamed Reservoir (wb-way-1202245454)",
        "name_ta": "",
        "category": "reservoir",
        "water_type": "reservoir",
        "latitude": 13.1641058,
        "longitude": 80.2083286,
        "city": "Chennai",
        "state": "Tamil Nadu"
      },
      "geometry": {
        "type": "Point",
        "coordinates": [
          80.2083286,
          13.1641058
        ]
      }
    },
    {
      "type": "Feature",
      "id": "wb-way-1232617259",
      "properties": {
        "osm_id": 1232617259,
        "osm_type": "way",
        "name": "Unnamed Wetland (wb-way-1232617259)",
        "name_ta": "",
        "category": "wetland",
        "water_type": "wetland",
        "latitude": 12.9071551,
        "longitude": 80.2380242,
        "city": "Chennai",
        "state": "Tamil Nadu"
      },
      "geometry": {
        "type": "Point",
        "coordinates": [
          80.2380242,
          12.9071551
        ]
      }
    },
    {
      "type": "Feature",
      "id": "wb-way-1232617265",
      "properties": {
        "osm_id": 1232617265,
        "osm_type": "way",
        "name": "Unnamed Pond (wb-way-1232617265)",
        "name_ta": "",
        "category": "pond",
        "water_type": "canal",
        "latitude": 12.8529547,
        "longitude": 80.238288,
        "city": "Chennai",
        "state": "Tamil Nadu"
      },
      "geometry": {
        "type": "Point",
        "coordinates": [
          80.238288,
          12.8529547
        ]
      }
    },
    {
      "type": "Feature",
      "id": "wb-way-1233330594",
      "properties": {
        "osm_id": 1233330594,
        "osm_type": "way",
        "name": "Unnamed Wetland (wb-way-1233330594)",
        "name_ta": "",
        "category": "wetland",
        "water_type": "wetland",
        "latitude": 12.8488357,
        "longitude": 80.2327224,
        "city": "Chennai",
        "state": "Tamil Nadu"
      },
      "geometry": {
        "type": "Point",
        "coordinates": [
          80.2327224,
          12.8488357
        ]
      }
    },
    {
      "type": "Feature",
      "id": "wb-way-1233330604",
      "properties": {
        "osm_id": 1233330604,
        "osm_type": "way",
        "name": "Unnamed Lake (wb-way-1233330604)",
        "name_ta": "",
        "category": "lake",
        "water_type": "lake",
        "latitude": 12.89015,
        "longitude": 80.2393357,
        "city": "Chennai",
        "state": "Tamil Nadu"
      },
      "geometry": {
        "type": "Point",
        "coordinates": [
          80.2393357,
          12.89015
        ]
      }
    },
    {
      "type": "Feature",
      "id": "wb-way-1233362841",
      "properties": {
        "osm_id": 1233362841,
        "osm_type": "way",
        "name": "Unnamed Wetland (wb-way-1233362841)",
        "name_ta": "",
        "category": "wetland",
        "water_type": "wetland",
        "latitude": 12.8623002,
        "longitude": 80.234909,
        "city": "Chennai",
        "state": "Tamil Nadu"
      },
      "geometry": {
        "type": "Point",
        "coordinates": [
          80.234909,
          12.8623002
        ]
      }
    },
    {
      "type": "Feature",
      "id": "wb-way-1233362842",
      "properties": {
        "osm_id": 1233362842,
        "osm_type": "way",
        "name": "Unnamed Wetland (wb-way-1233362842)",
        "name_ta": "",
        "category": "wetland",
        "water_type": "wetland",
        "latitude": 12.8525384,
        "longitude": 80.2322317,
        "city": "Chennai",
        "state": "Tamil Nadu"
      },
      "geometry": {
        "type": "Point",
        "coordinates": [
          80.2322317,
          12.8525384
        ]
      }
    },
    {
      "type": "Feature",
      "id": "wb-way-1235085972",
      "properties": {
        "osm_id": 1235085972,
        "osm_type": "way",
        "name": "Unnamed Wetland (wb-way-1235085972)",
        "name_ta": "",
        "category": "wetland",
        "water_type": "wetland",
        "latitude": 13.0457111,
        "longitude": 80.0826982,
        "city": "Chennai",
        "state": "Tamil Nadu"
      },
      "geometry": {
        "type": "Point",
        "coordinates": [
          80.0826982,
          13.0457111
        ]
      }
    },
    {
      "type": "Feature",
      "id": "wb-way-1235139133",
      "properties": {
        "osm_id": 1235139133,
        "osm_type": "way",
        "name": "Masilamaneeswarar Temple Tank",
        "name_ta": "மாசிலாமணீஸ்வரர் கோயில் குளம்",
        "category": "pond",
        "water_type": "pond",
        "latitude": 13.1361933,
        "longitude": 80.1331604,
        "city": "Chennai",
        "state": "Tamil Nadu"
      },
      "geometry": {
        "type": "Point",
        "coordinates": [
          80.1331604,
          13.1361933
        ]
      }
    },
    {
      "type": "Feature",
      "id": "wb-way-1235139446",
      "properties": {
        "osm_id": 1235139446,
        "osm_type": "way",
        "name": "Unnamed Pond (wb-way-1235139446)",
        "name_ta": "",
        "category": "pond",
        "water_type": "pond",
        "latitude": 13.1319554,
        "longitude": 80.1305592,
        "city": "Chennai",
        "state": "Tamil Nadu"
      },
      "geometry": {
        "type": "Point",
        "coordinates": [
          80.1305592,
          13.1319554
        ]
      }
    },
    {
      "type": "Feature",
      "id": "wb-way-1235139518",
      "properties": {
        "osm_id": 1235139518,
        "osm_type": "way",
        "name": "Unnamed Pond (wb-way-1235139518)",
        "name_ta": "",
        "category": "pond",
        "water_type": "pond",
        "latitude": 13.1229036,
        "longitude": 80.1300999,
        "city": "Chennai",
        "state": "Tamil Nadu"
      },
      "geometry": {
        "type": "Point",
        "coordinates": [
          80.1300999,
          13.1229036
        ]
      }
    },
    {
      "type": "Feature",
      "id": "wb-way-1236160012",
      "properties": {
        "osm_id": 1236160012,
        "osm_type": "way",
        "name": "Poonamallee Lake",
        "name_ta": "",
        "category": "lake",
        "water_type": "lake",
        "latitude": 13.0569378,
        "longitude": 80.0843528,
        "city": "Chennai",
        "state": "Tamil Nadu"
      },
      "geometry": {
        "type": "Point",
        "coordinates": [
          80.0843528,
          13.0569378
        ]
      }
    },
    {
      "type": "Feature",
      "id": "wb-way-1236160013",
      "properties": {
        "osm_id": 1236160013,
        "osm_type": "way",
        "name": "Unnamed Pond (wb-way-1236160013)",
        "name_ta": "",
        "category": "pond",
        "water_type": "pond",
        "latitude": 13.0637958,
        "longitude": 80.0789869,
        "city": "Chennai",
        "state": "Tamil Nadu"
      },
      "geometry": {
        "type": "Point",
        "coordinates": [
          80.0789869,
          13.0637958
        ]
      }
    },
    {
      "type": "Feature",
      "id": "wb-way-1236160014",
      "properties": {
        "osm_id": 1236160014,
        "osm_type": "way",
        "name": "Lake Kollappancheri",
        "name_ta": "",
        "category": "lake",
        "water_type": "lake",
        "latitude": 13.0655631,
        "longitude": 80.0715678,
        "city": "Chennai",
        "state": "Tamil Nadu"
      },
      "geometry": {
        "type": "Point",
        "coordinates": [
          80.0715678,
          13.0655631
        ]
      }
    },
    {
      "type": "Feature",
      "id": "wb-way-1236160015",
      "properties": {
        "osm_id": 1236160015,
        "osm_type": "way",
        "name": "Unnamed Pond (wb-way-1236160015)",
        "name_ta": "",
        "category": "pond",
        "water_type": "pond",
        "latitude": 13.0681003,
        "longitude": 80.0745353,
        "city": "Chennai",
        "state": "Tamil Nadu"
      },
      "geometry": {
        "type": "Point",
        "coordinates": [
          80.0745353,
          13.0681003
        ]
      }
    },
    {
      "type": "Feature",
      "id": "wb-way-1236160016",
      "properties": {
        "osm_id": 1236160016,
        "osm_type": "way",
        "name": "Unnamed Pond (wb-way-1236160016)",
        "name_ta": "",
        "category": "pond",
        "water_type": "pond",
        "latitude": 13.0671745,
        "longitude": 80.074162,
        "city": "Chennai",
        "state": "Tamil Nadu"
      },
      "geometry": {
        "type": "Point",
        "coordinates": [
          80.074162,
          13.0671745
        ]
      }
    },
    {
      "type": "Feature",
      "id": "wb-way-1236160017",
      "properties": {
        "osm_id": 1236160017,
        "osm_type": "way",
        "name": "Unnamed Pond (wb-way-1236160017)",
        "name_ta": "",
        "category": "pond",
        "water_type": "pond",
        "latitude": 13.069291,
        "longitude": 80.0731777,
        "city": "Chennai",
        "state": "Tamil Nadu"
      },
      "geometry": {
        "type": "Point",
        "coordinates": [
          80.0731777,
          13.069291
        ]
      }
    },
    {
      "type": "Feature",
      "id": "wb-way-1236160018",
      "properties": {
        "osm_id": 1236160018,
        "osm_type": "way",
        "name": "Lake Parivakkam",
        "name_ta": "",
        "category": "lake",
        "water_type": "lake",
        "latitude": 13.0612532,
        "longitude": 80.0979117,
        "city": "Chennai",
        "state": "Tamil Nadu"
      },
      "geometry": {
        "type": "Point",
        "coordinates": [
          80.0979117,
          13.0612532
        ]
      }
    },
    {
      "type": "Feature",
      "id": "wb-way-1236160019",
      "properties": {
        "osm_id": 1236160019,
        "osm_type": "way",
        "name": "Unnamed Pond (wb-way-1236160019)",
        "name_ta": "",
        "category": "pond",
        "water_type": "pond",
        "latitude": 13.0623948,
        "longitude": 80.0979856,
        "city": "Chennai",
        "state": "Tamil Nadu"
      },
      "geometry": {
        "type": "Point",
        "coordinates": [
          80.0979856,
          13.0623948
        ]
      }
    },
    {
      "type": "Feature",
      "id": "wb-way-1236765219",
      "properties": {
        "osm_id": 1236765219,
        "osm_type": "way",
        "name": "Unnamed Reservoir (wb-way-1236765219)",
        "name_ta": "",
        "category": "reservoir",
        "water_type": "reservoir",
        "latitude": 12.9960273,
        "longitude": 80.090317,
        "city": "Chennai",
        "state": "Tamil Nadu"
      },
      "geometry": {
        "type": "Point",
        "coordinates": [
          80.090317,
          12.9960273
        ]
      }
    },
    {
      "type": "Feature",
      "id": "wb-way-1237215477",
      "properties": {
        "osm_id": 1237215477,
        "osm_type": "way",
        "name": "Unnamed Pond (wb-way-1237215477)",
        "name_ta": "",
        "category": "pond",
        "water_type": "pond",
        "latitude": 12.8890786,
        "longitude": 80.2442569,
        "city": "Chennai",
        "state": "Tamil Nadu"
      },
      "geometry": {
        "type": "Point",
        "coordinates": [
          80.2442569,
          12.8890786
        ]
      }
    },
    {
      "type": "Feature",
      "id": "wb-way-1237337316",
      "properties": {
        "osm_id": 1237337316,
        "osm_type": "way",
        "name": "Unnamed Pond (wb-way-1237337316)",
        "name_ta": "",
        "category": "pond",
        "water_type": "pond",
        "latitude": 13.0150954,
        "longitude": 80.2346251,
        "city": "Chennai",
        "state": "Tamil Nadu"
      },
      "geometry": {
        "type": "Point",
        "coordinates": [
          80.2346251,
          13.0150954
        ]
      }
    },
    {
      "type": "Feature",
      "id": "wb-way-1237405953",
      "properties": {
        "osm_id": 1237405953,
        "osm_type": "way",
        "name": "Unnamed Reservoir (wb-way-1237405953)",
        "name_ta": "",
        "category": "reservoir",
        "water_type": "reservoir",
        "latitude": 12.9862074,
        "longitude": 80.1354167,
        "city": "Chennai",
        "state": "Tamil Nadu"
      },
      "geometry": {
        "type": "Point",
        "coordinates": [
          80.1354167,
          12.9862074
        ]
      }
    },
    {
      "type": "Feature",
      "id": "wb-way-1237405955",
      "properties": {
        "osm_id": 1237405955,
        "osm_type": "way",
        "name": "Unnamed Wetland (wb-way-1237405955)",
        "name_ta": "",
        "category": "wetland",
        "water_type": "wetland",
        "latitude": 12.9850688,
        "longitude": 80.1372156,
        "city": "Chennai",
        "state": "Tamil Nadu"
      },
      "geometry": {
        "type": "Point",
        "coordinates": [
          80.1372156,
          12.9850688
        ]
      }
    },
    {
      "type": "Feature",
      "id": "wb-way-1237405956",
      "properties": {
        "osm_id": 1237405956,
        "osm_type": "way",
        "name": "Unnamed Reservoir (wb-way-1237405956)",
        "name_ta": "",
        "category": "reservoir",
        "water_type": "reservoir",
        "latitude": 12.9872865,
        "longitude": 80.1414212,
        "city": "Chennai",
        "state": "Tamil Nadu"
      },
      "geometry": {
        "type": "Point",
        "coordinates": [
          80.1414212,
          12.9872865
        ]
      }
    },
    {
      "type": "Feature",
      "id": "wb-way-1237456198",
      "properties": {
        "osm_id": 1237456198,
        "osm_type": "way",
        "name": "Ayanambakkam Tank",
        "name_ta": "",
        "category": "lake",
        "water_type": "lake",
        "latitude": 13.0766706,
        "longitude": 80.1325925,
        "city": "Chennai",
        "state": "Tamil Nadu"
      },
      "geometry": {
        "type": "Point",
        "coordinates": [
          80.1325925,
          13.0766706
        ]
      }
    },
    {
      "type": "Feature",
      "id": "wb-way-1237671544",
      "properties": {
        "osm_id": 1237671544,
        "osm_type": "way",
        "name": "Unnamed Pond (wb-way-1237671544)",
        "name_ta": "",
        "category": "pond",
        "water_type": "pond",
        "latitude": 13.1091948,
        "longitude": 80.1907781,
        "city": "Chennai",
        "state": "Tamil Nadu"
      },
      "geometry": {
        "type": "Point",
        "coordinates": [
          80.1907781,
          13.1091948
        ]
      }
    },
    {
      "type": "Feature",
      "id": "wb-way-1237780636",
      "properties": {
        "osm_id": 1237780636,
        "osm_type": "way",
        "name": "Unnamed Pond (wb-way-1237780636)",
        "name_ta": "",
        "category": "pond",
        "water_type": "pond",
        "latitude": 13.1163861,
        "longitude": 80.3013156,
        "city": "Chennai",
        "state": "Tamil Nadu"
      },
      "geometry": {
        "type": "Point",
        "coordinates": [
          80.3013156,
          13.1163861
        ]
      }
    },
    {
      "type": "Feature",
      "id": "wb-way-1244062681",
      "properties": {
        "osm_id": 1244062681,
        "osm_type": "way",
        "name": "Unnamed Pond (wb-way-1244062681)",
        "name_ta": "",
        "category": "pond",
        "water_type": "pond",
        "latitude": 13.1005913,
        "longitude": 80.2063563,
        "city": "Chennai",
        "state": "Tamil Nadu"
      },
      "geometry": {
        "type": "Point",
        "coordinates": [
          80.2063563,
          13.1005913
        ]
      }
    },
    {
      "type": "Feature",
      "id": "wb-way-1249435250",
      "properties": {
        "osm_id": 1249435250,
        "osm_type": "way",
        "name": "Ramapuram Eri",
        "name_ta": "இராமாபுரம் ஏரி",
        "category": "lake",
        "water_type": "pond",
        "latitude": 13.0326053,
        "longitude": 80.1829455,
        "city": "Chennai",
        "state": "Tamil Nadu"
      },
      "geometry": {
        "type": "Point",
        "coordinates": [
          80.1829455,
          13.0326053
        ]
      }
    },
    {
      "type": "Feature",
      "id": "wb-way-1264620569",
      "properties": {
        "osm_id": 1264620569,
        "osm_type": "way",
        "name": "Unnamed Pond (wb-way-1264620569)",
        "name_ta": "",
        "category": "pond",
        "water_type": "water",
        "latitude": 13.097228,
        "longitude": 80.2618736,
        "city": "Chennai",
        "state": "Tamil Nadu"
      },
      "geometry": {
        "type": "Point",
        "coordinates": [
          80.2618736,
          13.097228
        ]
      }
    },
    {
      "type": "Feature",
      "id": "wb-way-1268945378",
      "properties": {
        "osm_id": 1268945378,
        "osm_type": "way",
        "name": "Unnamed Pond (wb-way-1268945378)",
        "name_ta": "",
        "category": "pond",
        "water_type": "pond",
        "latitude": 13.0378906,
        "longitude": 80.1765266,
        "city": "Chennai",
        "state": "Tamil Nadu"
      },
      "geometry": {
        "type": "Point",
        "coordinates": [
          80.1765266,
          13.0378906
        ]
      }
    },
    {
      "type": "Feature",
      "id": "wb-way-1270849333",
      "properties": {
        "osm_id": 1270849333,
        "osm_type": "way",
        "name": "Nayakkar Kuttai",
        "name_ta": "",
        "category": "pond",
        "water_type": "pond",
        "latitude": 12.9575717,
        "longitude": 80.1987616,
        "city": "Chennai",
        "state": "Tamil Nadu"
      },
      "geometry": {
        "type": "Point",
        "coordinates": [
          80.1987616,
          12.9575717
        ]
      }
    },
    {
      "type": "Feature",
      "id": "wb-way-1278121626",
      "properties": {
        "osm_id": 1278121626,
        "osm_type": "way",
        "name": "Unnamed Pond (wb-way-1278121626)",
        "name_ta": "",
        "category": "pond",
        "water_type": "water",
        "latitude": 12.8544125,
        "longitude": 80.0611184,
        "city": "Chennai",
        "state": "Tamil Nadu"
      },
      "geometry": {
        "type": "Point",
        "coordinates": [
          80.0611184,
          12.8544125
        ]
      }
    },
    {
      "type": "Feature",
      "id": "wb-way-1289064292",
      "properties": {
        "osm_id": 1289064292,
        "osm_type": "way",
        "name": "CRPF Nagar lake park",
        "name_ta": "",
        "category": "lake",
        "water_type": "pond",
        "latitude": 13.1507567,
        "longitude": 80.0772736,
        "city": "Chennai",
        "state": "Tamil Nadu"
      },
      "geometry": {
        "type": "Point",
        "coordinates": [
          80.0772736,
          13.1507567
        ]
      }
    },
    {
      "type": "Feature",
      "id": "wb-way-1289065268",
      "properties": {
        "osm_id": 1289065268,
        "osm_type": "way",
        "name": "CRPF Nagar lake 2",
        "name_ta": "",
        "category": "lake",
        "water_type": "pond",
        "latitude": 13.1518878,
        "longitude": 80.0770774,
        "city": "Chennai",
        "state": "Tamil Nadu"
      },
      "geometry": {
        "type": "Point",
        "coordinates": [
          80.0770774,
          13.1518878
        ]
      }
    },
    {
      "type": "Feature",
      "id": "wb-way-1289065315",
      "properties": {
        "osm_id": 1289065315,
        "osm_type": "way",
        "name": "CRPF Nagar lake 3",
        "name_ta": "",
        "category": "lake",
        "water_type": "lake",
        "latitude": 13.1535972,
        "longitude": 80.0753301,
        "city": "Chennai",
        "state": "Tamil Nadu"
      },
      "geometry": {
        "type": "Point",
        "coordinates": [
          80.0753301,
          13.1535972
        ]
      }
    },
    {
      "type": "Feature",
      "id": "wb-way-1289269168",
      "properties": {
        "osm_id": 1289269168,
        "osm_type": "way",
        "name": "Unnamed Wetland (wb-way-1289269168)",
        "name_ta": "",
        "category": "wetland",
        "water_type": "wetland",
        "latitude": 13.1891327,
        "longitude": 80.1908121,
        "city": "Chennai",
        "state": "Tamil Nadu"
      },
      "geometry": {
        "type": "Point",
        "coordinates": [
          80.1908121,
          13.1891327
        ]
      }
    },
    {
      "type": "Feature",
      "id": "wb-way-1290286329",
      "properties": {
        "osm_id": 1290286329,
        "osm_type": "way",
        "name": "Unnamed Wetland (wb-way-1290286329)",
        "name_ta": "",
        "category": "wetland",
        "water_type": "wetland",
        "latitude": 13.125313,
        "longitude": 80.1980856,
        "city": "Chennai",
        "state": "Tamil Nadu"
      },
      "geometry": {
        "type": "Point",
        "coordinates": [
          80.1980856,
          13.125313
        ]
      }
    },
    {
      "type": "Feature",
      "id": "wb-way-1290286336",
      "properties": {
        "osm_id": 1290286336,
        "osm_type": "way",
        "name": "Unnamed Wetland (wb-way-1290286336)",
        "name_ta": "",
        "category": "wetland",
        "water_type": "wetland",
        "latitude": 13.1218908,
        "longitude": 80.1988712,
        "city": "Chennai",
        "state": "Tamil Nadu"
      },
      "geometry": {
        "type": "Point",
        "coordinates": [
          80.1988712,
          13.1218908
        ]
      }
    },
    {
      "type": "Feature",
      "id": "wb-way-1290286338",
      "properties": {
        "osm_id": 1290286338,
        "osm_type": "way",
        "name": "Unnamed Wetland (wb-way-1290286338)",
        "name_ta": "",
        "category": "wetland",
        "water_type": "wetland",
        "latitude": 13.1211697,
        "longitude": 80.198565,
        "city": "Chennai",
        "state": "Tamil Nadu"
      },
      "geometry": {
        "type": "Point",
        "coordinates": [
          80.198565,
          13.1211697
        ]
      }
    },
    {
      "type": "Feature",
      "id": "wb-way-1293433222",
      "properties": {
        "osm_id": 1293433222,
        "osm_type": "way",
        "name": "Puthagaram Thangal",
        "name_ta": "",
        "category": "lake",
        "water_type": "lake",
        "latitude": 13.1417284,
        "longitude": 80.1901643,
        "city": "Chennai",
        "state": "Tamil Nadu"
      },
      "geometry": {
        "type": "Point",
        "coordinates": [
          80.1901643,
          13.1417284
        ]
      }
    },
    {
      "type": "Feature",
      "id": "wb-way-1306698312",
      "properties": {
        "osm_id": 1306698312,
        "osm_type": "way",
        "name": "Unnamed Pond (wb-way-1306698312)",
        "name_ta": "",
        "category": "pond",
        "water_type": "pond",
        "latitude": 13.2158576,
        "longitude": 80.0975227,
        "city": "Chennai",
        "state": "Tamil Nadu"
      },
      "geometry": {
        "type": "Point",
        "coordinates": [
          80.0975227,
          13.2158576
        ]
      }
    },
    {
      "type": "Feature",
      "id": "wb-way-1306698322",
      "properties": {
        "osm_id": 1306698322,
        "osm_type": "way",
        "name": "Unnamed Pond (wb-way-1306698322)",
        "name_ta": "",
        "category": "pond",
        "water_type": "pond",
        "latitude": 13.2173687,
        "longitude": 80.0983494,
        "city": "Chennai",
        "state": "Tamil Nadu"
      },
      "geometry": {
        "type": "Point",
        "coordinates": [
          80.0983494,
          13.2173687
        ]
      }
    },
    {
      "type": "Feature",
      "id": "wb-way-1306724752",
      "properties": {
        "osm_id": 1306724752,
        "osm_type": "way",
        "name": "Unnamed Wetland (wb-way-1306724752)",
        "name_ta": "",
        "category": "wetland",
        "water_type": "wetland",
        "latitude": 13.1435868,
        "longitude": 80.1906228,
        "city": "Chennai",
        "state": "Tamil Nadu"
      },
      "geometry": {
        "type": "Point",
        "coordinates": [
          80.1906228,
          13.1435868
        ]
      }
    },
    {
      "type": "Feature",
      "id": "wb-way-1306967685",
      "properties": {
        "osm_id": 1306967685,
        "osm_type": "way",
        "name": "Unnamed Pond (wb-way-1306967685)",
        "name_ta": "",
        "category": "pond",
        "water_type": "water",
        "latitude": 13.1192391,
        "longitude": 80.1993122,
        "city": "Chennai",
        "state": "Tamil Nadu"
      },
      "geometry": {
        "type": "Point",
        "coordinates": [
          80.1993122,
          13.1192391
        ]
      }
    },
    {
      "type": "Feature",
      "id": "wb-way-1306967686",
      "properties": {
        "osm_id": 1306967686,
        "osm_type": "way",
        "name": "Unnamed Wetland (wb-way-1306967686)",
        "name_ta": "",
        "category": "wetland",
        "water_type": "wetland",
        "latitude": 13.1184034,
        "longitude": 80.1997588,
        "city": "Chennai",
        "state": "Tamil Nadu"
      },
      "geometry": {
        "type": "Point",
        "coordinates": [
          80.1997588,
          13.1184034
        ]
      }
    },
    {
      "type": "Feature",
      "id": "wb-way-1315462101",
      "properties": {
        "osm_id": 1315462101,
        "osm_type": "way",
        "name": "Unnamed Wetland (wb-way-1315462101)",
        "name_ta": "",
        "category": "wetland",
        "water_type": "wetland",
        "latitude": 13.1281515,
        "longitude": 80.1921369,
        "city": "Chennai",
        "state": "Tamil Nadu"
      },
      "geometry": {
        "type": "Point",
        "coordinates": [
          80.1921369,
          13.1281515
        ]
      }
    },
    {
      "type": "Feature",
      "id": "wb-way-1318082870",
      "properties": {
        "osm_id": 1318082870,
        "osm_type": "way",
        "name": "Unnamed Pond (wb-way-1318082870)",
        "name_ta": "",
        "category": "pond",
        "water_type": "pond",
        "latitude": 13.2194597,
        "longitude": 80.2512398,
        "city": "Chennai",
        "state": "Tamil Nadu"
      },
      "geometry": {
        "type": "Point",
        "coordinates": [
          80.2512398,
          13.2194597
        ]
      }
    },
    {
      "type": "Feature",
      "id": "wb-way-1318241202",
      "properties": {
        "osm_id": 1318241202,
        "osm_type": "way",
        "name": "Unnamed Pond (wb-way-1318241202)",
        "name_ta": "",
        "category": "pond",
        "water_type": "water",
        "latitude": 13.1332227,
        "longitude": 80.1913,
        "city": "Chennai",
        "state": "Tamil Nadu"
      },
      "geometry": {
        "type": "Point",
        "coordinates": [
          80.1913,
          13.1332227
        ]
      }
    },
    {
      "type": "Feature",
      "id": "wb-way-1318749868",
      "properties": {
        "osm_id": 1318749868,
        "osm_type": "way",
        "name": "Unnamed Lake (wb-way-1318749868)",
        "name_ta": "",
        "category": "lake",
        "water_type": "lake",
        "latitude": 13.1337119,
        "longitude": 80.1794732,
        "city": "Chennai",
        "state": "Tamil Nadu"
      },
      "geometry": {
        "type": "Point",
        "coordinates": [
          80.1794732,
          13.1337119
        ]
      }
    },
    {
      "type": "Feature",
      "id": "wb-way-1321929235",
      "properties": {
        "osm_id": 1321929235,
        "osm_type": "way",
        "name": "Unnamed Pond (wb-way-1321929235)",
        "name_ta": "",
        "category": "pond",
        "water_type": "water",
        "latitude": 13.0498794,
        "longitude": 80.253767,
        "city": "Chennai",
        "state": "Tamil Nadu"
      },
      "geometry": {
        "type": "Point",
        "coordinates": [
          80.253767,
          13.0498794
        ]
      }
    },
    {
      "type": "Feature",
      "id": "wb-way-1321929236",
      "properties": {
        "osm_id": 1321929236,
        "osm_type": "way",
        "name": "Unnamed Pond (wb-way-1321929236)",
        "name_ta": "",
        "category": "pond",
        "water_type": "water",
        "latitude": 13.0496739,
        "longitude": 80.2546607,
        "city": "Chennai",
        "state": "Tamil Nadu"
      },
      "geometry": {
        "type": "Point",
        "coordinates": [
          80.2546607,
          13.0496739
        ]
      }
    },
    {
      "type": "Feature",
      "id": "wb-way-1344560972",
      "properties": {
        "osm_id": 1344560972,
        "osm_type": "way",
        "name": "Unnamed Pond (wb-way-1344560972)",
        "name_ta": "",
        "category": "pond",
        "water_type": "pond",
        "latitude": 13.0559648,
        "longitude": 80.0654215,
        "city": "Chennai",
        "state": "Tamil Nadu"
      },
      "geometry": {
        "type": "Point",
        "coordinates": [
          80.0654215,
          13.0559648
        ]
      }
    },
    {
      "type": "Feature",
      "id": "wb-way-1344560973",
      "properties": {
        "osm_id": 1344560973,
        "osm_type": "way",
        "name": "Unnamed Pond (wb-way-1344560973)",
        "name_ta": "",
        "category": "pond",
        "water_type": "pond",
        "latitude": 13.0561433,
        "longitude": 80.0708667,
        "city": "Chennai",
        "state": "Tamil Nadu"
      },
      "geometry": {
        "type": "Point",
        "coordinates": [
          80.0708667,
          13.0561433
        ]
      }
    },
    {
      "type": "Feature",
      "id": "wb-way-1344560974",
      "properties": {
        "osm_id": 1344560974,
        "osm_type": "way",
        "name": "Unnamed Pond (wb-way-1344560974)",
        "name_ta": "",
        "category": "pond",
        "water_type": "pond",
        "latitude": 12.9511679,
        "longitude": 80.0781513,
        "city": "Chennai",
        "state": "Tamil Nadu"
      },
      "geometry": {
        "type": "Point",
        "coordinates": [
          80.0781513,
          12.9511679
        ]
      }
    },
    {
      "type": "Feature",
      "id": "wb-way-1344560975",
      "properties": {
        "osm_id": 1344560975,
        "osm_type": "way",
        "name": "Unnamed Pond (wb-way-1344560975)",
        "name_ta": "",
        "category": "pond",
        "water_type": "pond",
        "latitude": 12.9498892,
        "longitude": 80.0768785,
        "city": "Chennai",
        "state": "Tamil Nadu"
      },
      "geometry": {
        "type": "Point",
        "coordinates": [
          80.0768785,
          12.9498892
        ]
      }
    },
    {
      "type": "Feature",
      "id": "wb-way-1344560976",
      "properties": {
        "osm_id": 1344560976,
        "osm_type": "way",
        "name": "Unnamed Pond (wb-way-1344560976)",
        "name_ta": "",
        "category": "pond",
        "water_type": "pond",
        "latitude": 12.952268,
        "longitude": 80.0749348,
        "city": "Chennai",
        "state": "Tamil Nadu"
      },
      "geometry": {
        "type": "Point",
        "coordinates": [
          80.0749348,
          12.952268
        ]
      }
    },
    {
      "type": "Feature",
      "id": "wb-way-1344560977",
      "properties": {
        "osm_id": 1344560977,
        "osm_type": "way",
        "name": "Unnamed Pond (wb-way-1344560977)",
        "name_ta": "",
        "category": "pond",
        "water_type": "pond",
        "latitude": 12.9522137,
        "longitude": 80.0755968,
        "city": "Chennai",
        "state": "Tamil Nadu"
      },
      "geometry": {
        "type": "Point",
        "coordinates": [
          80.0755968,
          12.9522137
        ]
      }
    },
    {
      "type": "Feature",
      "id": "wb-way-1344560978",
      "properties": {
        "osm_id": 1344560978,
        "osm_type": "way",
        "name": "Unnamed Pond (wb-way-1344560978)",
        "name_ta": "",
        "category": "pond",
        "water_type": "pond",
        "latitude": 12.952135,
        "longitude": 80.0743409,
        "city": "Chennai",
        "state": "Tamil Nadu"
      },
      "geometry": {
        "type": "Point",
        "coordinates": [
          80.0743409,
          12.952135
        ]
      }
    },
    {
      "type": "Feature",
      "id": "wb-way-1344560979",
      "properties": {
        "osm_id": 1344560979,
        "osm_type": "way",
        "name": "Unnamed Pond (wb-way-1344560979)",
        "name_ta": "",
        "category": "pond",
        "water_type": "pond",
        "latitude": 12.9516745,
        "longitude": 80.075617,
        "city": "Chennai",
        "state": "Tamil Nadu"
      },
      "geometry": {
        "type": "Point",
        "coordinates": [
          80.075617,
          12.9516745
        ]
      }
    },
    {
      "type": "Feature",
      "id": "wb-way-1344560980",
      "properties": {
        "osm_id": 1344560980,
        "osm_type": "way",
        "name": "Unnamed Pond (wb-way-1344560980)",
        "name_ta": "",
        "category": "pond",
        "water_type": "pond",
        "latitude": 12.9517336,
        "longitude": 80.0762304,
        "city": "Chennai",
        "state": "Tamil Nadu"
      },
      "geometry": {
        "type": "Point",
        "coordinates": [
          80.0762304,
          12.9517336
        ]
      }
    },
    {
      "type": "Feature",
      "id": "wb-way-1344560981",
      "properties": {
        "osm_id": 1344560981,
        "osm_type": "way",
        "name": "Unnamed Pond (wb-way-1344560981)",
        "name_ta": "",
        "category": "pond",
        "water_type": "pond",
        "latitude": 12.9517336,
        "longitude": 80.075152,
        "city": "Chennai",
        "state": "Tamil Nadu"
      },
      "geometry": {
        "type": "Point",
        "coordinates": [
          80.075152,
          12.9517336
        ]
      }
    },
    {
      "type": "Feature",
      "id": "wb-way-1344560982",
      "properties": {
        "osm_id": 1344560982,
        "osm_type": "way",
        "name": "Unnamed Pond (wb-way-1344560982)",
        "name_ta": "",
        "category": "pond",
        "water_type": "pond",
        "latitude": 12.9512706,
        "longitude": 80.0759581,
        "city": "Chennai",
        "state": "Tamil Nadu"
      },
      "geometry": {
        "type": "Point",
        "coordinates": [
          80.0759581,
          12.9512706
        ]
      }
    },
    {
      "type": "Feature",
      "id": "wb-way-1344560983",
      "properties": {
        "osm_id": 1344560983,
        "osm_type": "way",
        "name": "Unnamed Pond (wb-way-1344560983)",
        "name_ta": "",
        "category": "pond",
        "water_type": "pond",
        "latitude": 12.9529082,
        "longitude": 80.0754326,
        "city": "Chennai",
        "state": "Tamil Nadu"
      },
      "geometry": {
        "type": "Point",
        "coordinates": [
          80.0754326,
          12.9529082
        ]
      }
    },
    {
      "type": "Feature",
      "id": "wb-way-1344560984",
      "properties": {
        "osm_id": 1344560984,
        "osm_type": "way",
        "name": "Unnamed Pond (wb-way-1344560984)",
        "name_ta": "",
        "category": "pond",
        "water_type": "pond",
        "latitude": 12.9531901,
        "longitude": 80.0754764,
        "city": "Chennai",
        "state": "Tamil Nadu"
      },
      "geometry": {
        "type": "Point",
        "coordinates": [
          80.0754764,
          12.9531901
        ]
      }
    },
    {
      "type": "Feature",
      "id": "wb-way-1344560985",
      "properties": {
        "osm_id": 1344560985,
        "osm_type": "way",
        "name": "Unnamed Pond (wb-way-1344560985)",
        "name_ta": "",
        "category": "pond",
        "water_type": "pond",
        "latitude": 12.9532678,
        "longitude": 80.0763447,
        "city": "Chennai",
        "state": "Tamil Nadu"
      },
      "geometry": {
        "type": "Point",
        "coordinates": [
          80.0763447,
          12.9532678
        ]
      }
    },
    {
      "type": "Feature",
      "id": "wb-way-1344560986",
      "properties": {
        "osm_id": 1344560986,
        "osm_type": "way",
        "name": "Unnamed Pond (wb-way-1344560986)",
        "name_ta": "",
        "category": "pond",
        "water_type": "pond",
        "latitude": 12.9543968,
        "longitude": 80.0773406,
        "city": "Chennai",
        "state": "Tamil Nadu"
      },
      "geometry": {
        "type": "Point",
        "coordinates": [
          80.0773406,
          12.9543968
        ]
      }
    },
    {
      "type": "Feature",
      "id": "wb-way-1344560987",
      "properties": {
        "osm_id": 1344560987,
        "osm_type": "way",
        "name": "Unnamed Pond (wb-way-1344560987)",
        "name_ta": "",
        "category": "pond",
        "water_type": "pond",
        "latitude": 12.9543623,
        "longitude": 80.0783594,
        "city": "Chennai",
        "state": "Tamil Nadu"
      },
      "geometry": {
        "type": "Point",
        "coordinates": [
          80.0783594,
          12.9543623
        ]
      }
    },
    {
      "type": "Feature",
      "id": "wb-way-1344560988",
      "properties": {
        "osm_id": 1344560988,
        "osm_type": "way",
        "name": "Unnamed Pond (wb-way-1344560988)",
        "name_ta": "",
        "category": "pond",
        "water_type": "pond",
        "latitude": 12.9531883,
        "longitude": 80.0776251,
        "city": "Chennai",
        "state": "Tamil Nadu"
      },
      "geometry": {
        "type": "Point",
        "coordinates": [
          80.0776251,
          12.9531883
        ]
      }
    },
    {
      "type": "Feature",
      "id": "wb-way-1344560989",
      "properties": {
        "osm_id": 1344560989,
        "osm_type": "way",
        "name": "Unnamed Pond (wb-way-1344560989)",
        "name_ta": "",
        "category": "pond",
        "water_type": "pond",
        "latitude": 12.9540628,
        "longitude": 80.076462,
        "city": "Chennai",
        "state": "Tamil Nadu"
      },
      "geometry": {
        "type": "Point",
        "coordinates": [
          80.076462,
          12.9540628
        ]
      }
    },
    {
      "type": "Feature",
      "id": "wb-way-1344560990",
      "properties": {
        "osm_id": 1344560990,
        "osm_type": "way",
        "name": "Unnamed Pond (wb-way-1344560990)",
        "name_ta": "",
        "category": "pond",
        "water_type": "pond",
        "latitude": 12.9541256,
        "longitude": 80.0756973,
        "city": "Chennai",
        "state": "Tamil Nadu"
      },
      "geometry": {
        "type": "Point",
        "coordinates": [
          80.0756973,
          12.9541256
        ]
      }
    },
    {
      "type": "Feature",
      "id": "wb-way-1344560991",
      "properties": {
        "osm_id": 1344560991,
        "osm_type": "way",
        "name": "Unnamed Pond (wb-way-1344560991)",
        "name_ta": "",
        "category": "pond",
        "water_type": "pond",
        "latitude": 12.9553618,
        "longitude": 80.0762011,
        "city": "Chennai",
        "state": "Tamil Nadu"
      },
      "geometry": {
        "type": "Point",
        "coordinates": [
          80.0762011,
          12.9553618
        ]
      }
    },
    {
      "type": "Feature",
      "id": "wb-way-1344561256",
      "properties": {
        "osm_id": 1344561256,
        "osm_type": "way",
        "name": "Unnamed Lake (wb-way-1344561256)",
        "name_ta": "",
        "category": "lake",
        "water_type": "lake",
        "latitude": 13.1764686,
        "longitude": 80.0498827,
        "city": "Chennai",
        "state": "Tamil Nadu"
      },
      "geometry": {
        "type": "Point",
        "coordinates": [
          80.0498827,
          13.1764686
        ]
      }
    },
    {
      "type": "Feature",
      "id": "wb-way-1344561377",
      "properties": {
        "osm_id": 1344561377,
        "osm_type": "way",
        "name": "Unnamed Lake (wb-way-1344561377)",
        "name_ta": "",
        "category": "lake",
        "water_type": "lake",
        "latitude": 12.9572581,
        "longitude": 80.0650009,
        "city": "Chennai",
        "state": "Tamil Nadu"
      },
      "geometry": {
        "type": "Point",
        "coordinates": [
          80.0650009,
          12.9572581
        ]
      }
    },
    {
      "type": "Feature",
      "id": "wb-way-1344685069",
      "properties": {
        "osm_id": 1344685069,
        "osm_type": "way",
        "name": "Unnamed Reservoir (wb-way-1344685069)",
        "name_ta": "",
        "category": "reservoir",
        "water_type": "reservoir",
        "latitude": 13.2034291,
        "longitude": 80.2341011,
        "city": "Chennai",
        "state": "Tamil Nadu"
      },
      "geometry": {
        "type": "Point",
        "coordinates": [
          80.2341011,
          13.2034291
        ]
      }
    },
    {
      "type": "Feature",
      "id": "wb-way-1352802339",
      "properties": {
        "osm_id": 1352802339,
        "osm_type": "way",
        "name": "Unnamed Pond (wb-way-1352802339)",
        "name_ta": "",
        "category": "pond",
        "water_type": "water",
        "latitude": 12.8551187,
        "longitude": 80.2291206,
        "city": "Chennai",
        "state": "Tamil Nadu"
      },
      "geometry": {
        "type": "Point",
        "coordinates": [
          80.2291206,
          12.8551187
        ]
      }
    },
    {
      "type": "Feature",
      "id": "wb-way-1353938223",
      "properties": {
        "osm_id": 1353938223,
        "osm_type": "way",
        "name": "Pallikaranai Sadhuppunilam",
        "name_ta": "பள்ளிக்கரணை சதுப்புநிலப்பகுதி",
        "category": "wetland",
        "water_type": "wetland",
        "latitude": 12.9651349,
        "longitude": 80.2333477,
        "city": "Chennai",
        "state": "Tamil Nadu"
      },
      "geometry": {
        "type": "Point",
        "coordinates": [
          80.2333477,
          12.9651349
        ]
      }
    },
    {
      "type": "Feature",
      "id": "wb-way-1354435753",
      "properties": {
        "osm_id": 1354435753,
        "osm_type": "way",
        "name": "Unnamed Wetland (wb-way-1354435753)",
        "name_ta": "",
        "category": "wetland",
        "water_type": "wetland",
        "latitude": 12.9497409,
        "longitude": 80.2093003,
        "city": "Chennai",
        "state": "Tamil Nadu"
      },
      "geometry": {
        "type": "Point",
        "coordinates": [
          80.2093003,
          12.9497409
        ]
      }
    },
    {
      "type": "Feature",
      "id": "wb-way-1354435754",
      "properties": {
        "osm_id": 1354435754,
        "osm_type": "way",
        "name": "Unnamed Wetland (wb-way-1354435754)",
        "name_ta": "",
        "category": "wetland",
        "water_type": "wetland",
        "latitude": 12.9491892,
        "longitude": 80.2074229,
        "city": "Chennai",
        "state": "Tamil Nadu"
      },
      "geometry": {
        "type": "Point",
        "coordinates": [
          80.2074229,
          12.9491892
        ]
      }
    },
    {
      "type": "Feature",
      "id": "wb-way-1354435776",
      "properties": {
        "osm_id": 1354435776,
        "osm_type": "way",
        "name": "Unnamed Wetland (wb-way-1354435776)",
        "name_ta": "",
        "category": "wetland",
        "water_type": "wetland",
        "latitude": 12.9425173,
        "longitude": 80.2097641,
        "city": "Chennai",
        "state": "Tamil Nadu"
      },
      "geometry": {
        "type": "Point",
        "coordinates": [
          80.2097641,
          12.9425173
        ]
      }
    },
    {
      "type": "Feature",
      "id": "wb-way-1360153776",
      "properties": {
        "osm_id": 1360153776,
        "osm_type": "way",
        "name": "Unnamed Pond (wb-way-1360153776)",
        "name_ta": "",
        "category": "pond",
        "water_type": "pond",
        "latitude": 13.1483259,
        "longitude": 80.242777,
        "city": "Chennai",
        "state": "Tamil Nadu"
      },
      "geometry": {
        "type": "Point",
        "coordinates": [
          80.242777,
          13.1483259
        ]
      }
    },
    {
      "type": "Feature",
      "id": "wb-way-1360153777",
      "properties": {
        "osm_id": 1360153777,
        "osm_type": "way",
        "name": "Unnamed Pond (wb-way-1360153777)",
        "name_ta": "",
        "category": "pond",
        "water_type": "pond",
        "latitude": 13.1500147,
        "longitude": 80.2429991,
        "city": "Chennai",
        "state": "Tamil Nadu"
      },
      "geometry": {
        "type": "Point",
        "coordinates": [
          80.2429991,
          13.1500147
        ]
      }
    },
    {
      "type": "Feature",
      "id": "wb-way-1360153778",
      "properties": {
        "osm_id": 1360153778,
        "osm_type": "way",
        "name": "Unnamed Pond (wb-way-1360153778)",
        "name_ta": "",
        "category": "pond",
        "water_type": "pond",
        "latitude": 13.1484151,
        "longitude": 80.2430586,
        "city": "Chennai",
        "state": "Tamil Nadu"
      },
      "geometry": {
        "type": "Point",
        "coordinates": [
          80.2430586,
          13.1484151
        ]
      }
    },
    {
      "type": "Feature",
      "id": "wb-way-1364549854",
      "properties": {
        "osm_id": 1364549854,
        "osm_type": "way",
        "name": "Unnamed Basin (wb-way-1364549854)",
        "name_ta": "",
        "category": "basin",
        "water_type": "basin",
        "latitude": 12.9962045,
        "longitude": 80.2465986,
        "city": "Chennai",
        "state": "Tamil Nadu"
      },
      "geometry": {
        "type": "Point",
        "coordinates": [
          80.2465986,
          12.9962045
        ]
      }
    },
    {
      "type": "Feature",
      "id": "wb-way-1373636274",
      "properties": {
        "osm_id": 1373636274,
        "osm_type": "way",
        "name": "Unnamed Pond (wb-way-1373636274)",
        "name_ta": "",
        "category": "pond",
        "water_type": "water",
        "latitude": 12.9531929,
        "longitude": 80.2342714,
        "city": "Chennai",
        "state": "Tamil Nadu"
      },
      "geometry": {
        "type": "Point",
        "coordinates": [
          80.2342714,
          12.9531929
        ]
      }
    },
    {
      "type": "Feature",
      "id": "wb-way-1373908936",
      "properties": {
        "osm_id": 1373908936,
        "osm_type": "way",
        "name": "Unnamed Wetland (wb-way-1373908936)",
        "name_ta": "",
        "category": "wetland",
        "water_type": "wetland",
        "latitude": 13.1254215,
        "longitude": 80.1978919,
        "city": "Chennai",
        "state": "Tamil Nadu"
      },
      "geometry": {
        "type": "Point",
        "coordinates": [
          80.1978919,
          13.1254215
        ]
      }
    },
    {
      "type": "Feature",
      "id": "wb-way-1374351608",
      "properties": {
        "osm_id": 1374351608,
        "osm_type": "way",
        "name": "Unnamed Pond (wb-way-1374351608)",
        "name_ta": "",
        "category": "pond",
        "water_type": "canal",
        "latitude": 12.9452045,
        "longitude": 80.2474988,
        "city": "Chennai",
        "state": "Tamil Nadu"
      },
      "geometry": {
        "type": "Point",
        "coordinates": [
          80.2474988,
          12.9452045
        ]
      }
    },
    {
      "type": "Feature",
      "id": "wb-way-1383489973",
      "properties": {
        "osm_id": 1383489973,
        "osm_type": "way",
        "name": "Unnamed Pond (wb-way-1383489973)",
        "name_ta": "",
        "category": "pond",
        "water_type": "pond",
        "latitude": 13.0265591,
        "longitude": 80.1324254,
        "city": "Chennai",
        "state": "Tamil Nadu"
      },
      "geometry": {
        "type": "Point",
        "coordinates": [
          80.1324254,
          13.0265591
        ]
      }
    },
    {
      "type": "Feature",
      "id": "wb-way-1390444620",
      "properties": {
        "osm_id": 1390444620,
        "osm_type": "way",
        "name": "Unnamed Pond (wb-way-1390444620)",
        "name_ta": "",
        "category": "pond",
        "water_type": "pond",
        "latitude": 12.8848403,
        "longitude": 80.1133862,
        "city": "Chennai",
        "state": "Tamil Nadu"
      },
      "geometry": {
        "type": "Point",
        "coordinates": [
          80.1133862,
          12.8848403
        ]
      }
    },
    {
      "type": "Feature",
      "id": "wb-way-1390444621",
      "properties": {
        "osm_id": 1390444621,
        "osm_type": "way",
        "name": "Unnamed Lake (wb-way-1390444621)",
        "name_ta": "",
        "category": "lake",
        "water_type": "lake",
        "latitude": 12.8499626,
        "longitude": 80.1127751,
        "city": "Chennai",
        "state": "Tamil Nadu"
      },
      "geometry": {
        "type": "Point",
        "coordinates": [
          80.1127751,
          12.8499626
        ]
      }
    },
    {
      "type": "Feature",
      "id": "wb-way-1390445059",
      "properties": {
        "osm_id": 1390445059,
        "osm_type": "way",
        "name": "Unnamed Pond (wb-way-1390445059)",
        "name_ta": "",
        "category": "pond",
        "water_type": "pond",
        "latitude": 13.0875088,
        "longitude": 80.176342,
        "city": "Chennai",
        "state": "Tamil Nadu"
      },
      "geometry": {
        "type": "Point",
        "coordinates": [
          80.176342,
          13.0875088
        ]
      }
    },
    {
      "type": "Feature",
      "id": "wb-way-1391093783",
      "properties": {
        "osm_id": 1391093783,
        "osm_type": "way",
        "name": "Unnamed Pond (wb-way-1391093783)",
        "name_ta": "",
        "category": "pond",
        "water_type": "pond",
        "latitude": 13.10892,
        "longitude": 80.2757922,
        "city": "Chennai",
        "state": "Tamil Nadu"
      },
      "geometry": {
        "type": "Point",
        "coordinates": [
          80.2757922,
          13.10892
        ]
      }
    },
    {
      "type": "Feature",
      "id": "wb-way-1408255862",
      "properties": {
        "osm_id": 1408255862,
        "osm_type": "way",
        "name": "Unnamed Reservoir (wb-way-1408255862)",
        "name_ta": "",
        "category": "reservoir",
        "water_type": "reservoir",
        "latitude": 13.2264487,
        "longitude": 80.3046197,
        "city": "Chennai",
        "state": "Tamil Nadu"
      },
      "geometry": {
        "type": "Point",
        "coordinates": [
          80.3046197,
          13.2264487
        ]
      }
    },
    {
      "type": "Feature",
      "id": "wb-way-1408255876",
      "properties": {
        "osm_id": 1408255876,
        "osm_type": "way",
        "name": "Unnamed Reservoir (wb-way-1408255876)",
        "name_ta": "",
        "category": "reservoir",
        "water_type": "reservoir",
        "latitude": 13.2187879,
        "longitude": 80.3010824,
        "city": "Chennai",
        "state": "Tamil Nadu"
      },
      "geometry": {
        "type": "Point",
        "coordinates": [
          80.3010824,
          13.2187879
        ]
      }
    },
    {
      "type": "Feature",
      "id": "wb-way-1408255877",
      "properties": {
        "osm_id": 1408255877,
        "osm_type": "way",
        "name": "Unnamed Reservoir (wb-way-1408255877)",
        "name_ta": "",
        "category": "reservoir",
        "water_type": "reservoir",
        "latitude": 13.2282787,
        "longitude": 80.3017114,
        "city": "Chennai",
        "state": "Tamil Nadu"
      },
      "geometry": {
        "type": "Point",
        "coordinates": [
          80.3017114,
          13.2282787
        ]
      }
    },
    {
      "type": "Feature",
      "id": "wb-way-1408255915",
      "properties": {
        "osm_id": 1408255915,
        "osm_type": "way",
        "name": "Unnamed Pond (wb-way-1408255915)",
        "name_ta": "",
        "category": "pond",
        "water_type": "pond",
        "latitude": 13.2249471,
        "longitude": 80.2993035,
        "city": "Chennai",
        "state": "Tamil Nadu"
      },
      "geometry": {
        "type": "Point",
        "coordinates": [
          80.2993035,
          13.2249471
        ]
      }
    },
    {
      "type": "Feature",
      "id": "wb-way-1418928206",
      "properties": {
        "osm_id": 1418928206,
        "osm_type": "way",
        "name": "Chettiyar Agaram Lake",
        "name_ta": "",
        "category": "lake",
        "water_type": "lake",
        "latitude": 13.0419281,
        "longitude": 80.1457269,
        "city": "Chennai",
        "state": "Tamil Nadu"
      },
      "geometry": {
        "type": "Point",
        "coordinates": [
          80.1457269,
          13.0419281
        ]
      }
    },
    {
      "type": "Feature",
      "id": "wb-way-1421179224",
      "properties": {
        "osm_id": 1421179224,
        "osm_type": "way",
        "name": "Unnamed Wetland (wb-way-1421179224)",
        "name_ta": "",
        "category": "wetland",
        "water_type": "wetland",
        "latitude": 13.1865175,
        "longitude": 80.1901311,
        "city": "Chennai",
        "state": "Tamil Nadu"
      },
      "geometry": {
        "type": "Point",
        "coordinates": [
          80.1901311,
          13.1865175
        ]
      }
    },
    {
      "type": "Feature",
      "id": "wb-way-1421179225",
      "properties": {
        "osm_id": 1421179225,
        "osm_type": "way",
        "name": "Unnamed Pond (wb-way-1421179225)",
        "name_ta": "",
        "category": "pond",
        "water_type": "pond",
        "latitude": 13.1860253,
        "longitude": 80.1913054,
        "city": "Chennai",
        "state": "Tamil Nadu"
      },
      "geometry": {
        "type": "Point",
        "coordinates": [
          80.1913054,
          13.1860253
        ]
      }
    },
    {
      "type": "Feature",
      "id": "wb-way-1427531921",
      "properties": {
        "osm_id": 1427531921,
        "osm_type": "way",
        "name": "Unnamed Lake (wb-way-1427531921)",
        "name_ta": "",
        "category": "lake",
        "water_type": "lake",
        "latitude": 13.102566,
        "longitude": 80.1825946,
        "city": "Chennai",
        "state": "Tamil Nadu"
      },
      "geometry": {
        "type": "Point",
        "coordinates": [
          80.1825946,
          13.102566
        ]
      }
    },
    {
      "type": "Feature",
      "id": "wb-way-1428328070",
      "properties": {
        "osm_id": 1428328070,
        "osm_type": "way",
        "name": "Krishna temple pond",
        "name_ta": "",
        "category": "pond",
        "water_type": "pond",
        "latitude": 13.0485224,
        "longitude": 80.1415746,
        "city": "Chennai",
        "state": "Tamil Nadu"
      },
      "geometry": {
        "type": "Point",
        "coordinates": [
          80.1415746,
          13.0485224
        ]
      }
    },
    {
      "type": "Feature",
      "id": "wb-way-1434868914",
      "properties": {
        "osm_id": 1434868914,
        "osm_type": "way",
        "name": "Unnamed Wetland (wb-way-1434868914)",
        "name_ta": "",
        "category": "wetland",
        "water_type": "wetland",
        "latitude": 13.1191277,
        "longitude": 80.1991369,
        "city": "Chennai",
        "state": "Tamil Nadu"
      },
      "geometry": {
        "type": "Point",
        "coordinates": [
          80.1991369,
          13.1191277
        ]
      }
    },
    {
      "type": "Feature",
      "id": "wb-way-1459226724",
      "properties": {
        "osm_id": 1459226724,
        "osm_type": "way",
        "name": "Unnamed Pond (wb-way-1459226724)",
        "name_ta": "",
        "category": "pond",
        "water_type": "water",
        "latitude": 12.9965432,
        "longitude": 80.2403227,
        "city": "Chennai",
        "state": "Tamil Nadu"
      },
      "geometry": {
        "type": "Point",
        "coordinates": [
          80.2403227,
          12.9965432
        ]
      }
    },
    {
      "type": "Feature",
      "id": "wb-way-1459226726",
      "properties": {
        "osm_id": 1459226726,
        "osm_type": "way",
        "name": "Unnamed Wetland (wb-way-1459226726)",
        "name_ta": "",
        "category": "wetland",
        "water_type": "wetland",
        "latitude": 12.9914487,
        "longitude": 80.2372804,
        "city": "Chennai",
        "state": "Tamil Nadu"
      },
      "geometry": {
        "type": "Point",
        "coordinates": [
          80.2372804,
          12.9914487
        ]
      }
    },
    {
      "type": "Feature",
      "id": "wb-way-1459226727",
      "properties": {
        "osm_id": 1459226727,
        "osm_type": "way",
        "name": "Unnamed Wetland (wb-way-1459226727)",
        "name_ta": "",
        "category": "wetland",
        "water_type": "wetland",
        "latitude": 12.9906397,
        "longitude": 80.2390444,
        "city": "Chennai",
        "state": "Tamil Nadu"
      },
      "geometry": {
        "type": "Point",
        "coordinates": [
          80.2390444,
          12.9906397
        ]
      }
    },
    {
      "type": "Feature",
      "id": "wb-way-1459251535",
      "properties": {
        "osm_id": 1459251535,
        "osm_type": "way",
        "name": "Unnamed Pond (wb-way-1459251535)",
        "name_ta": "",
        "category": "pond",
        "water_type": "water",
        "latitude": 13.0061372,
        "longitude": 80.2174464,
        "city": "Chennai",
        "state": "Tamil Nadu"
      },
      "geometry": {
        "type": "Point",
        "coordinates": [
          80.2174464,
          13.0061372
        ]
      }
    },
    {
      "type": "Feature",
      "id": "wb-way-1459251536",
      "properties": {
        "osm_id": 1459251536,
        "osm_type": "way",
        "name": "Unnamed Pond (wb-way-1459251536)",
        "name_ta": "",
        "category": "pond",
        "water_type": "water",
        "latitude": 13.0041506,
        "longitude": 80.2180781,
        "city": "Chennai",
        "state": "Tamil Nadu"
      },
      "geometry": {
        "type": "Point",
        "coordinates": [
          80.2180781,
          13.0041506
        ]
      }
    },
    {
      "type": "Feature",
      "id": "wb-way-1459251537",
      "properties": {
        "osm_id": 1459251537,
        "osm_type": "way",
        "name": "Unnamed Pond (wb-way-1459251537)",
        "name_ta": "",
        "category": "pond",
        "water_type": "water",
        "latitude": 13.0025317,
        "longitude": 80.2149252,
        "city": "Chennai",
        "state": "Tamil Nadu"
      },
      "geometry": {
        "type": "Point",
        "coordinates": [
          80.2149252,
          13.0025317
        ]
      }
    },
    {
      "type": "Feature",
      "id": "wb-way-1459251538",
      "properties": {
        "osm_id": 1459251538,
        "osm_type": "way",
        "name": "Unnamed Pond (wb-way-1459251538)",
        "name_ta": "",
        "category": "pond",
        "water_type": "water",
        "latitude": 12.9989042,
        "longitude": 80.2249221,
        "city": "Chennai",
        "state": "Tamil Nadu"
      },
      "geometry": {
        "type": "Point",
        "coordinates": [
          80.2249221,
          12.9989042
        ]
      }
    },
    {
      "type": "Feature",
      "id": "wb-way-1459251539",
      "properties": {
        "osm_id": 1459251539,
        "osm_type": "way",
        "name": "Unnamed Pond (wb-way-1459251539)",
        "name_ta": "",
        "category": "pond",
        "water_type": "water",
        "latitude": 13.0038791,
        "longitude": 80.2293787,
        "city": "Chennai",
        "state": "Tamil Nadu"
      },
      "geometry": {
        "type": "Point",
        "coordinates": [
          80.2293787,
          13.0038791
        ]
      }
    },
    {
      "type": "Feature",
      "id": "wb-way-1459251545",
      "properties": {
        "osm_id": 1459251545,
        "osm_type": "way",
        "name": "Unnamed Pond (wb-way-1459251545)",
        "name_ta": "",
        "category": "pond",
        "water_type": "water",
        "latitude": 13.0068538,
        "longitude": 80.2307853,
        "city": "Chennai",
        "state": "Tamil Nadu"
      },
      "geometry": {
        "type": "Point",
        "coordinates": [
          80.2307853,
          13.0068538
        ]
      }
    },
    {
      "type": "Feature",
      "id": "wb-way-1459340017",
      "properties": {
        "osm_id": 1459340017,
        "osm_type": "way",
        "name": "Unnamed Wetland (wb-way-1459340017)",
        "name_ta": "",
        "category": "wetland",
        "water_type": "wetland",
        "latitude": 12.9924338,
        "longitude": 80.2402332,
        "city": "Chennai",
        "state": "Tamil Nadu"
      },
      "geometry": {
        "type": "Point",
        "coordinates": [
          80.2402332,
          12.9924338
        ]
      }
    },
    {
      "type": "Feature",
      "id": "wb-way-1474984804",
      "properties": {
        "osm_id": 1474984804,
        "osm_type": "way",
        "name": "Elcot Lake",
        "name_ta": "",
        "category": "lake",
        "water_type": "lake",
        "latitude": 12.9174898,
        "longitude": 80.2241396,
        "city": "Chennai",
        "state": "Tamil Nadu"
      },
      "geometry": {
        "type": "Point",
        "coordinates": [
          80.2241396,
          12.9174898
        ]
      }
    },
    {
      "type": "Feature",
      "id": "wb-way-1483170100",
      "properties": {
        "osm_id": 1483170100,
        "osm_type": "way",
        "name": "Unnamed Pond (wb-way-1483170100)",
        "name_ta": "",
        "category": "pond",
        "water_type": "pond",
        "latitude": 12.8542182,
        "longitude": 80.060429,
        "city": "Chennai",
        "state": "Tamil Nadu"
      },
      "geometry": {
        "type": "Point",
        "coordinates": [
          80.060429,
          12.8542182
        ]
      }
    },
    {
      "type": "Feature",
      "id": "wb-way-1486898099",
      "properties": {
        "osm_id": 1486898099,
        "osm_type": "way",
        "name": "Unnamed Wetland (wb-way-1486898099)",
        "name_ta": "",
        "category": "wetland",
        "water_type": "wetland",
        "latitude": 12.8492631,
        "longitude": 80.233216,
        "city": "Chennai",
        "state": "Tamil Nadu"
      },
      "geometry": {
        "type": "Point",
        "coordinates": [
          80.233216,
          12.8492631
        ]
      }
    },
    {
      "type": "Feature",
      "id": "wb-way-1486898100",
      "properties": {
        "osm_id": 1486898100,
        "osm_type": "way",
        "name": "Unnamed Wetland (wb-way-1486898100)",
        "name_ta": "",
        "category": "wetland",
        "water_type": "wetland",
        "latitude": 12.8604772,
        "longitude": 80.2377298,
        "city": "Chennai",
        "state": "Tamil Nadu"
      },
      "geometry": {
        "type": "Point",
        "coordinates": [
          80.2377298,
          12.8604772
        ]
      }
    },
    {
      "type": "Feature",
      "id": "wb-way-1513463506",
      "properties": {
        "osm_id": 1513463506,
        "osm_type": "way",
        "name": "Unnamed Pond (wb-way-1513463506)",
        "name_ta": "",
        "category": "pond",
        "water_type": "pond",
        "latitude": 13.1234627,
        "longitude": 80.0852829,
        "city": "Chennai",
        "state": "Tamil Nadu"
      },
      "geometry": {
        "type": "Point",
        "coordinates": [
          80.0852829,
          13.1234627
        ]
      }
    },
    {
      "type": "Feature",
      "id": "wb-way-1513464198",
      "properties": {
        "osm_id": 1513464198,
        "osm_type": "way",
        "name": "Unnamed Pond (wb-way-1513464198)",
        "name_ta": "",
        "category": "pond",
        "water_type": "pond",
        "latitude": 13.1891685,
        "longitude": 80.091588,
        "city": "Chennai",
        "state": "Tamil Nadu"
      },
      "geometry": {
        "type": "Point",
        "coordinates": [
          80.091588,
          13.1891685
        ]
      }
    },
    {
      "type": "Feature",
      "id": "wb-way-1513479471",
      "properties": {
        "osm_id": 1513479471,
        "osm_type": "way",
        "name": "Unnamed Pond (wb-way-1513479471)",
        "name_ta": "",
        "category": "pond",
        "water_type": "pond",
        "latitude": 12.8493749,
        "longitude": 80.1257291,
        "city": "Chennai",
        "state": "Tamil Nadu"
      },
      "geometry": {
        "type": "Point",
        "coordinates": [
          80.1257291,
          12.8493749
        ]
      }
    },
    {
      "type": "Feature",
      "id": "wb-way-1513479472",
      "properties": {
        "osm_id": 1513479472,
        "osm_type": "way",
        "name": "Unnamed Pond (wb-way-1513479472)",
        "name_ta": "",
        "category": "pond",
        "water_type": "pond",
        "latitude": 12.8538,
        "longitude": 80.1318857,
        "city": "Chennai",
        "state": "Tamil Nadu"
      },
      "geometry": {
        "type": "Point",
        "coordinates": [
          80.1318857,
          12.8538
        ]
      }
    },
    {
      "type": "Feature",
      "id": "wb-way-1513479473",
      "properties": {
        "osm_id": 1513479473,
        "osm_type": "way",
        "name": "Unnamed Pond (wb-way-1513479473)",
        "name_ta": "",
        "category": "pond",
        "water_type": "pond",
        "latitude": 12.8522543,
        "longitude": 80.1308601,
        "city": "Chennai",
        "state": "Tamil Nadu"
      },
      "geometry": {
        "type": "Point",
        "coordinates": [
          80.1308601,
          12.8522543
        ]
      }
    },
    {
      "type": "Feature",
      "id": "wb-way-1534298017",
      "properties": {
        "osm_id": 1534298017,
        "osm_type": "way",
        "name": "Unnamed Pond (wb-way-1534298017)",
        "name_ta": "",
        "category": "pond",
        "water_type": "pond",
        "latitude": 13.1398865,
        "longitude": 80.1831555,
        "city": "Chennai",
        "state": "Tamil Nadu"
      },
      "geometry": {
        "type": "Point",
        "coordinates": [
          80.1831555,
          13.1398865
        ]
      }
    },
    {
      "type": "Feature",
      "id": "wb-way-1534298018",
      "properties": {
        "osm_id": 1534298018,
        "osm_type": "way",
        "name": "Unnamed Pond (wb-way-1534298018)",
        "name_ta": "",
        "category": "pond",
        "water_type": "pond",
        "latitude": 13.1346291,
        "longitude": 80.1836796,
        "city": "Chennai",
        "state": "Tamil Nadu"
      },
      "geometry": {
        "type": "Point",
        "coordinates": [
          80.1836796,
          13.1346291
        ]
      }
    },
    {
      "type": "Feature",
      "id": "wb-way-1534683723",
      "properties": {
        "osm_id": 1534683723,
        "osm_type": "way",
        "name": "Unnamed Wetland (wb-way-1534683723)",
        "name_ta": "",
        "category": "wetland",
        "water_type": "wetland",
        "latitude": 13.138466,
        "longitude": 80.1767272,
        "city": "Chennai",
        "state": "Tamil Nadu"
      },
      "geometry": {
        "type": "Point",
        "coordinates": [
          80.1767272,
          13.138466
        ]
      }
    },
    {
      "type": "Feature",
      "id": "wb-way-1540265526",
      "properties": {
        "osm_id": 1540265526,
        "osm_type": "way",
        "name": "Unnamed Pond (wb-way-1540265526)",
        "name_ta": "",
        "category": "pond",
        "water_type": "pond",
        "latitude": 13.1220152,
        "longitude": 80.1190768,
        "city": "Chennai",
        "state": "Tamil Nadu"
      },
      "geometry": {
        "type": "Point",
        "coordinates": [
          80.1190768,
          13.1220152
        ]
      }
    },
    {
      "type": "Feature",
      "id": "wb-way-1540268687",
      "properties": {
        "osm_id": 1540268687,
        "osm_type": "way",
        "name": "Vaishnavi Temple Pond",
        "name_ta": "",
        "category": "pond",
        "water_type": "pond",
        "latitude": 13.1294116,
        "longitude": 80.1270236,
        "city": "Chennai",
        "state": "Tamil Nadu"
      },
      "geometry": {
        "type": "Point",
        "coordinates": [
          80.1270236,
          13.1294116
        ]
      }
    },
    {
      "type": "Feature",
      "id": "wb-way-1540720679",
      "properties": {
        "osm_id": 1540720679,
        "osm_type": "way",
        "name": "Unnamed Pond (wb-way-1540720679)",
        "name_ta": "",
        "category": "pond",
        "water_type": "pond",
        "latitude": 13.1255654,
        "longitude": 80.0878499,
        "city": "Chennai",
        "state": "Tamil Nadu"
      },
      "geometry": {
        "type": "Point",
        "coordinates": [
          80.0878499,
          13.1255654
        ]
      }
    },
    {
      "type": "Feature",
      "id": "wb-way-1540720680",
      "properties": {
        "osm_id": 1540720680,
        "osm_type": "way",
        "name": "Unnamed Pond (wb-way-1540720680)",
        "name_ta": "",
        "category": "pond",
        "water_type": "pond",
        "latitude": 13.1243179,
        "longitude": 80.084289,
        "city": "Chennai",
        "state": "Tamil Nadu"
      },
      "geometry": {
        "type": "Point",
        "coordinates": [
          80.084289,
          13.1243179
        ]
      }
    },
    {
      "type": "Feature",
      "id": "wb-way-1540746300",
      "properties": {
        "osm_id": 1540746300,
        "osm_type": "way",
        "name": "Unnamed Pond (wb-way-1540746300)",
        "name_ta": "",
        "category": "pond",
        "water_type": "pond",
        "latitude": 12.8558762,
        "longitude": 80.1731216,
        "city": "Chennai",
        "state": "Tamil Nadu"
      },
      "geometry": {
        "type": "Point",
        "coordinates": [
          80.1731216,
          12.8558762
        ]
      }
    },
    {
      "type": "Feature",
      "id": "wb-way-1540976879",
      "properties": {
        "osm_id": 1540976879,
        "osm_type": "way",
        "name": "Unnamed Pond (wb-way-1540976879)",
        "name_ta": "",
        "category": "pond",
        "water_type": "pond",
        "latitude": 13.1508826,
        "longitude": 80.242497,
        "city": "Chennai",
        "state": "Tamil Nadu"
      },
      "geometry": {
        "type": "Point",
        "coordinates": [
          80.242497,
          13.1508826
        ]
      }
    },
    {
      "type": "Feature",
      "id": "wb-way-1543286693",
      "properties": {
        "osm_id": 1543286693,
        "osm_type": "way",
        "name": "Unnamed Pond (wb-way-1543286693)",
        "name_ta": "",
        "category": "pond",
        "water_type": "water",
        "latitude": 13.0027468,
        "longitude": 80.2179711,
        "city": "Chennai",
        "state": "Tamil Nadu"
      },
      "geometry": {
        "type": "Point",
        "coordinates": [
          80.2179711,
          13.0027468
        ]
      }
    },
    {
      "type": "Feature",
      "id": "wb-way-1544042990",
      "properties": {
        "osm_id": 1544042990,
        "osm_type": "way",
        "name": "Unnamed Pond (wb-way-1544042990)",
        "name_ta": "",
        "category": "pond",
        "water_type": "pond",
        "latitude": 12.9273011,
        "longitude": 80.2506232,
        "city": "Chennai",
        "state": "Tamil Nadu"
      },
      "geometry": {
        "type": "Point",
        "coordinates": [
          80.2506232,
          12.9273011
        ]
      }
    },
    {
      "type": "Feature",
      "id": "wb-way-1545658240",
      "properties": {
        "osm_id": 1545658240,
        "osm_type": "way",
        "name": "Unnamed Pond (wb-way-1545658240)",
        "name_ta": "",
        "category": "pond",
        "water_type": "wastewater",
        "latitude": 12.9573599,
        "longitude": 80.2311888,
        "city": "Chennai",
        "state": "Tamil Nadu"
      },
      "geometry": {
        "type": "Point",
        "coordinates": [
          80.2311888,
          12.9573599
        ]
      }
    },
    {
      "type": "Feature",
      "id": "wb-way-1545658241",
      "properties": {
        "osm_id": 1545658241,
        "osm_type": "way",
        "name": "Unnamed Pond (wb-way-1545658241)",
        "name_ta": "",
        "category": "pond",
        "water_type": "wastewater",
        "latitude": 12.9574068,
        "longitude": 80.2315428,
        "city": "Chennai",
        "state": "Tamil Nadu"
      },
      "geometry": {
        "type": "Point",
        "coordinates": [
          80.2315428,
          12.9574068
        ]
      }
    },
    {
      "type": "Feature",
      "id": "wb-way-1545658242",
      "properties": {
        "osm_id": 1545658242,
        "osm_type": "way",
        "name": "Unnamed Pond (wb-way-1545658242)",
        "name_ta": "",
        "category": "pond",
        "water_type": "wastewater",
        "latitude": 12.9570839,
        "longitude": 80.2308057,
        "city": "Chennai",
        "state": "Tamil Nadu"
      },
      "geometry": {
        "type": "Point",
        "coordinates": [
          80.2308057,
          12.9570839
        ]
      }
    },
    {
      "type": "Feature",
      "id": "wb-way-1545658243",
      "properties": {
        "osm_id": 1545658243,
        "osm_type": "way",
        "name": "Unnamed Pond (wb-way-1545658243)",
        "name_ta": "",
        "category": "pond",
        "water_type": "wastewater",
        "latitude": 12.9568581,
        "longitude": 80.2309013,
        "city": "Chennai",
        "state": "Tamil Nadu"
      },
      "geometry": {
        "type": "Point",
        "coordinates": [
          80.2309013,
          12.9568581
        ]
      }
    },
    {
      "type": "Feature",
      "id": "wb-way-1545658245",
      "properties": {
        "osm_id": 1545658245,
        "osm_type": "way",
        "name": "Unnamed Pond (wb-way-1545658245)",
        "name_ta": "",
        "category": "pond",
        "water_type": "wastewater",
        "latitude": 12.9578133,
        "longitude": 80.2355974,
        "city": "Chennai",
        "state": "Tamil Nadu"
      },
      "geometry": {
        "type": "Point",
        "coordinates": [
          80.2355974,
          12.9578133
        ]
      }
    },
    {
      "type": "Feature",
      "id": "wb-way-1545658246",
      "properties": {
        "osm_id": 1545658246,
        "osm_type": "way",
        "name": "Unnamed Pond (wb-way-1545658246)",
        "name_ta": "",
        "category": "pond",
        "water_type": "wastewater",
        "latitude": 12.9574795,
        "longitude": 80.2320451,
        "city": "Chennai",
        "state": "Tamil Nadu"
      },
      "geometry": {
        "type": "Point",
        "coordinates": [
          80.2320451,
          12.9574795
        ]
      }
    },
    {
      "type": "Feature",
      "id": "wb-way-1548870918",
      "properties": {
        "osm_id": 1548870918,
        "osm_type": "way",
        "name": "Unnamed Pond (wb-way-1548870918)",
        "name_ta": "",
        "category": "pond",
        "water_type": "pond",
        "latitude": 12.9212619,
        "longitude": 80.1491448,
        "city": "Chennai",
        "state": "Tamil Nadu"
      },
      "geometry": {
        "type": "Point",
        "coordinates": [
          80.1491448,
          12.9212619
        ]
      }
    },
    {
      "type": "Feature",
      "id": "wb-way-1551717158",
      "properties": {
        "osm_id": 1551717158,
        "osm_type": "way",
        "name": "Parthasarathy Temple Pond",
        "name_ta": "",
        "category": "pond",
        "water_type": "pond",
        "latitude": 13.0538314,
        "longitude": 80.2778933,
        "city": "Chennai",
        "state": "Tamil Nadu"
      },
      "geometry": {
        "type": "Point",
        "coordinates": [
          80.2778933,
          13.0538314
        ]
      }
    },
    {
      "type": "Feature",
      "id": "wb-way-1552622051",
      "properties": {
        "osm_id": 1552622051,
        "osm_type": "way",
        "name": "Shiva Temple Pond",
        "name_ta": "",
        "category": "pond",
        "water_type": "pond",
        "latitude": 13.0414604,
        "longitude": 80.1781295,
        "city": "Chennai",
        "state": "Tamil Nadu"
      },
      "geometry": {
        "type": "Point",
        "coordinates": [
          80.1781295,
          13.0414604
        ]
      }
    },
    {
      "type": "Feature",
      "id": "wb-way-1553299857",
      "properties": {
        "osm_id": 1553299857,
        "osm_type": "way",
        "name": "Menambedu lake",
        "name_ta": "",
        "category": "lake",
        "water_type": "pond",
        "latitude": 13.1230828,
        "longitude": 80.1673222,
        "city": "Chennai",
        "state": "Tamil Nadu"
      },
      "geometry": {
        "type": "Point",
        "coordinates": [
          80.1673222,
          13.1230828
        ]
      }
    },
    {
      "type": "Feature",
      "id": "wb-relation-2336642",
      "properties": {
        "osm_id": 2336642,
        "osm_type": "relation",
        "name": "Ennore Creek",
        "name_ta": "",
        "category": "estuary/creek",
        "water_type": "river",
        "latitude": 13.2299987,
        "longitude": 80.2623244,
        "city": "Chennai",
        "state": "Tamil Nadu"
      },
      "geometry": {
        "type": "Point",
        "coordinates": [
          80.2623244,
          13.2299987
        ]
      }
    },
    {
      "type": "Feature",
      "id": "wb-relation-6201190",
      "properties": {
        "osm_id": 6201190,
        "osm_type": "relation",
        "name": "Kovilambakkam Lake",
        "name_ta": "கோவிலம்பாக்கம் ஏரி",
        "category": "lake",
        "water_type": "lake",
        "latitude": 12.9443549,
        "longitude": 80.1892881,
        "city": "Chennai",
        "state": "Tamil Nadu"
      },
      "geometry": {
        "type": "Point",
        "coordinates": [
          80.1892881,
          12.9443549
        ]
      }
    },
    {
      "type": "Feature",
      "id": "wb-relation-9149085",
      "properties": {
        "osm_id": 9149085,
        "osm_type": "relation",
        "name": "Chetpet Lake",
        "name_ta": "",
        "category": "lake",
        "water_type": "lake",
        "latitude": 13.0752302,
        "longitude": 80.2424894,
        "city": "Chennai",
        "state": "Tamil Nadu"
      },
      "geometry": {
        "type": "Point",
        "coordinates": [
          80.2424894,
          13.0752302
        ]
      }
    },
    {
      "type": "Feature",
      "id": "wb-relation-11180365",
      "properties": {
        "osm_id": 11180365,
        "osm_type": "relation",
        "name": "Avadi Lake",
        "name_ta": "",
        "category": "lake",
        "water_type": "lake",
        "latitude": 13.106508,
        "longitude": 80.1045946,
        "city": "Chennai",
        "state": "Tamil Nadu"
      },
      "geometry": {
        "type": "Point",
        "coordinates": [
          80.1045946,
          13.106508
        ]
      }
    },
    {
      "type": "Feature",
      "id": "wb-relation-11915438",
      "properties": {
        "osm_id": 11915438,
        "osm_type": "relation",
        "name": "Narayanapuram Lake",
        "name_ta": "",
        "category": "lake",
        "water_type": "reservoir",
        "latitude": 12.946091,
        "longitude": 80.2021922,
        "city": "Chennai",
        "state": "Tamil Nadu"
      },
      "geometry": {
        "type": "Point",
        "coordinates": [
          80.2021922,
          12.946091
        ]
      }
    },
    {
      "type": "Feature",
      "id": "wb-relation-13671410",
      "properties": {
        "osm_id": 13671410,
        "osm_type": "relation",
        "name": "Keelkatalai Lake",
        "name_ta": "",
        "category": "lake",
        "water_type": "lake",
        "latitude": 12.9502418,
        "longitude": 80.1781994,
        "city": "Chennai",
        "state": "Tamil Nadu"
      },
      "geometry": {
        "type": "Point",
        "coordinates": [
          80.1781994,
          12.9502418
        ]
      }
    },
    {
      "type": "Feature",
      "id": "wb-relation-14321157",
      "properties": {
        "osm_id": 14321157,
        "osm_type": "relation",
        "name": "Pattabiram Lake",
        "name_ta": "",
        "category": "lake",
        "water_type": "lake",
        "latitude": 13.1268354,
        "longitude": 80.0528404,
        "city": "Chennai",
        "state": "Tamil Nadu"
      },
      "geometry": {
        "type": "Point",
        "coordinates": [
          80.0528404,
          13.1268354
        ]
      }
    },
    {
      "type": "Feature",
      "id": "wb-relation-15046539",
      "properties": {
        "osm_id": 15046539,
        "osm_type": "relation",
        "name": "Pallikaranai Marsh",
        "name_ta": "பள்ளிக்கரணை சதுப்புநிலப்பகுதி",
        "category": "wetland",
        "water_type": "wetland",
        "latitude": 12.9228057,
        "longitude": 80.2207375,
        "city": "Chennai",
        "state": "Tamil Nadu"
      },
      "geometry": {
        "type": "Point",
        "coordinates": [
          80.2207375,
          12.9228057
        ]
      }
    },
    {
      "type": "Feature",
      "id": "wb-relation-16916505",
      "properties": {
        "osm_id": 16916505,
        "osm_type": "relation",
        "name": "Pallavaram Lake",
        "name_ta": "",
        "category": "lake",
        "water_type": "lake",
        "latitude": 12.9590443,
        "longitude": 80.151517,
        "city": "Chennai",
        "state": "Tamil Nadu"
      },
      "geometry": {
        "type": "Point",
        "coordinates": [
          80.151517,
          12.9590443
        ]
      }
    },
    {
      "type": "Feature",
      "id": "wb-relation-17473164",
      "properties": {
        "osm_id": 17473164,
        "osm_type": "relation",
        "name": "Vilinjiambakkam aeri",
        "name_ta": "",
        "category": "lake",
        "water_type": "lake",
        "latitude": 13.1157308,
        "longitude": 80.0874148,
        "city": "Chennai",
        "state": "Tamil Nadu"
      },
      "geometry": {
        "type": "Point",
        "coordinates": [
          80.0874148,
          13.1157308
        ]
      }
    },
    {
      "type": "Feature",
      "id": "wb-relation-17972561",
      "properties": {
        "osm_id": 17972561,
        "osm_type": "relation",
        "name": "Madambakkam Lake",
        "name_ta": "",
        "category": "lake",
        "water_type": "reservoir",
        "latitude": 12.9094081,
        "longitude": 80.1654183,
        "city": "Chennai",
        "state": "Tamil Nadu"
      },
      "geometry": {
        "type": "Point",
        "coordinates": [
          80.1654183,
          12.9094081
        ]
      }
    },
    {
      "type": "Feature",
      "id": "wb-relation-19969911",
      "properties": {
        "osm_id": 19969911,
        "osm_type": "relation",
        "name": "IIT Lake",
        "name_ta": "",
        "category": "lake",
        "water_type": "lake",
        "latitude": 12.9965908,
        "longitude": 80.240256,
        "city": "Chennai",
        "state": "Tamil Nadu"
      },
      "geometry": {
        "type": "Point",
        "coordinates": [
          80.240256,
          12.9965908
        ]
      }
    }
  ]
}